firm_id,firm_name,date,rd_exp,capx,oancf,assets,ppe,cash,debt,industry,TEJ子產業代碼,mkt_cap,year,firm_findep,findep_s,log_rd,size,cash_ratio,tangibility,leverage,tobin_q,monetary_tightening,inter_tight_findep
1101,台泥,2026/06,545368.0,13931211.0,7903379,596016531,218548953,93299014,296694465,11A,11A,180932527.0,2026,0.4326854284239898,-0.8603816081928262,13.209217908760992,20.205778961222155,0.15653762798065746,0.36668270363796335,0.4977956978847622,0.8013653433381028,,
1102,亞泥,2026/06,0.0,2114818.0,3028658,337268044,41407219,16216993,128904760,11A,11A,124129705.0,2026,-0.4321128342959063,-0.8603816081928262,0.0,19.636388554956692,0.048083396243730696,0.12277243497163343,0.38220270877486395,0.7502473759417302,,
1103,嘉泥,2026/06,0.0,87628.0,-324485,33873036,3425202,1801271,15082436,11A,11A,11160525.0,2026,4.702983064773816,-0.8603816081928262,0.0,17.338129857623578,0.05317713475697897,0.10111883682348402,0.4452637785405477,0.7747448737692127,,
1104,環泥,2026/06,79374.0,210836.0,752168,31740961,7439635,1160917,6342409,11A,11A,18403078.0,2026,-2.567550133753249,-0.8603816081928262,11.281938736194993,17.273118549856868,0.036574727526365695,0.2343859406147155,0.19981780009748287,0.7796073660151626,,
1108,幸福,2026/06,0.0,48765.0,149111,10277215,3844495,336952,4809287,11A,11A,5585384.0,2026,-2.0577463344611915,-0.8603816081928262,0.0,16.14543986689047,0.03278631419115004,0.37407945635077205,0.4679562507936245,1.011428777154122,,
1109,信大,2026/06,0.0,173731.0,139410,11498534,2583577,2012012,1319710,11A,11A,4963863.0,2026,0.19755253811927637,-0.8603816081928262,0.0,16.257730106946564,0.17497987134707782,0.2246875123385294,0.11477202224213974,0.6053234953580162,,
1110,東泥,2026/06,3620.0,58883.0,402552,13366409,1164743,601405,3689682,11A,11A,8951816.0,2026,-5.836472326477931,-0.8603816081928262,8.19450550976564,16.408255326614906,0.04499376010415363,0.08713956007181885,0.27604138104707104,0.9457662114035266,,
1201,味全,2026/06,143744.0,558727.0,256095,19047444,9157879,1263989,11082256,12C,12C,6224575.0,2026,0.5416455621439451,0.693150356081714,11.875796175445972,16.762443477306604,0.06636003234869728,0.4807930659882764,0.5818237869606022,0.9086169776900249,,
1203,味王,2026/06,4023.0,50908.0,496918,10712429,2535418,2254872,3356196,12Z,12Z,10440000.0,2026,-8.761098452109689,-1.7185556498950278,8.300031711779575,16.186915214094913,0.21049119672111713,0.23668002840438895,0.31329925267182634,1.2878681389626947,,
1210,大成,2026/06,111007.0,2298167.0,2726228,78585270,32539602,8133442,43834881,12B,12B,49659569.0,2026,-0.18626192091349322,-0.7699072718135969,11.617357549769476,18.17969483525685,0.10349830190823293,0.41406744546401636,0.5578002213391899,1.1897197782739692,,
1213,大飲,2026/06,0.0,30796.0,4784,740449,172329,17707,118772,12C,12C,463742.0,2026,0.8446551500194831,0.693150356081714,0.0,13.515012037934655,0.023913868477099705,0.23273581299995003,0.1604053756572026,0.7867037432692866,,
1215,卜蜂,2026/06,0.0,1029711.0,1251944,32784769,18004006,251021,21421630,12B,12B,33458665.0,2026,-0.2158207497054999,-0.7699072718135969,0.0,17.305474605749893,0.010873449336980059,0.5491576286537203,0.6534018891516362,1.6739570438943767,,
1216,統一,2026/06,542270.0,16143867.0,30750026,762860615,206862285,111954151,551120224,12C,12C,423310118.0,2026,-0.9047497108344612,0.693150356081714,13.203521155463434,20.45258589235097,0.14675570975701768,0.2711665551117749,0.7224389530189601,1.2773373311453495,,
1217,愛之味,2026/06,22196.0,89552.0,102130,15700133,2081298,552580,7240174,12A,12A,4856118.0,2026,-0.140454707879221,1.2494094861951703,10.007712423593661,16.569179741620236,0.035195880187766565,0.13256562858416548,0.4611536730293941,0.7704579317894951,,
1218,泰山,2026/06,10621.0,35821.0,356968,14344134,1216138,927695,2814738,12B,12B,8924982.0,2026,-8.96532760112783,-0.7699072718135969,9.270682600982344,16.47885163610858,0.0646741727315152,0.08478295029870747,0.19622920421685966,0.8184335143550667,,
1219,福壽,2026/06,24257.0,155856.0,-220394,9637800,3994238,832111,5628012,12B,12B,4265475.0,2026,2.4140873626937687,-0.7699072718135969,10.096501738868826,16.081203424773914,0.0863382722198012,0.4144346220091722,0.5839519392392455,1.0265296021913715,,
1220,台榮,2026/06,0.0,49226.0,10149,3480202,1170647,269289,991872,12B,12B,2036397.0,2026,0.7938284646325112,-0.7699072718135969,0.0,15.062600896043065,0.07737740510464622,0.3363732909756388,0.2850041463110475,0.8701417331522711,,
1225,福懋油,2026/06,19988.0,26242.0,183315,8590942,2863593,1653037,4318673,12B,12B,7062112.0,2026,-5.985557503239082,-0.7699072718135969,9.902937401230647,15.966218950346095,0.19241626820434826,0.33332700884256933,0.5027007515590258,1.3247423856429248,,
1227,佳格,2026/06,86012.0,322693.0,180710,31014453,5160275,2060251,12431323,12Z,12Z,26857892.0,2026,0.4399940500723598,-1.7185556498950278,11.362253726602399,17.24996387960639,0.06642873888506111,0.16638291186370432,0.40082354507429163,1.266803415813911,,
1229,聯華,2026/06,43679.0,112129.0,1287962,111355653,4450931,5964728,22368830,12B,12B,77136525.0,2026,-10.48643080737365,-0.7699072718135969,10.684645610418787,18.528239718228132,0.0535646627657062,0.039970409046049954,0.20087736363056485,0.8935815319586874,,
1231,聯華食,2026/06,68709.0,823272.0,274492,16317886,8576901,628538,8798733,12Z,12Z,25995343.0,2026,0.666584069420556,-1.7185556498950278,11.137650028025122,16.607772364796215,0.03851834729081941,0.5256134893943982,0.5392078973955328,2.132266152613151,,
1232,大統益,2026/06,4980.0,165312.0,696778,10715479,1308669,3172462,4974265,12B,12B,22636463.0,2026,-3.2149269260549747,-0.7699072718135969,8.513385953073284,16.187199889577055,0.29606347975671454,0.1221288381042042,0.46421303238054035,2.5767143027390564,,
1233,天仁,2026/06,3110.0,25065.0,148645,2198756,885255,186635,791202,12Z,12Z,2545635.0,2026,-4.9303810093756235,-1.7185556498950278,8.042699496897637,14.603402303853377,0.08488208787150553,0.4026162975791766,0.3598407463129151,1.5176022259859665,,
1234,黑松,2026/06,27537.0,86785.0,430475,24359164,6132497,1282802,5923049,12C,12C,13442585.0,2026,-3.9602465863916576,0.693150356081714,10.223322148004318,17.008418681662068,0.05266198790730257,0.2517531800352426,0.24315485539651524,0.7950040485790071,,
1235,興泰,2026/06,0.0,126.0,-3370,5137050,190711,56603,2273605,12B,12B,6864239.0,2026,27.746031746031747,-0.7699072718135969,0.0,15.451989542709414,0.011018580702932617,0.03712461432144908,0.4425896185553966,1.7788115747364732,,
1236,宏亞,2026/06,10310.0,15618.0,97110,3575495,2172977,65152,963253,12Z,12Z,2231856.0,2026,-5.2178255858624665,-1.7185556498950278,9.240966565517944,15.089614186063793,0.0182218126441234,0.6077415854308285,0.26940409649572994,0.8936130521787893,,
1240,茂生農經,2026/06,3421.0,10957.0,25464,2315123,407134,128626,753544,12B,12B,2543340.0,2026,-1.323993793921694,-0.7699072718135969,8.137980454452139,14.65497337584049,0.05555903509230395,0.17585847490608492,0.3254876738730512,1.4240642937761838,,
1259,安心,2026/06,0.0,213879.0,439646,7179432,2164282,784605,4365952,27A,27A2,1846230.0,2026,-1.0555828295438074,-2.1087227344526234,0.0,15.786730829260057,0.10928510779125702,0.30145588118948685,0.6081194166892311,0.8652748573981898,,
1264,德麥,2026/06,37778.0,191219.0,386806,6185771,2450482,758277,1785139,12Z,12Z,9985514.0,2026,-1.0228429183292456,-1.7185556498950278,10.539508671673955,15.637762212466598,0.12258407238159964,0.39614819235952964,0.2885879545169066,1.9028594818657205,,
1268,漢來美食,2026/06,15268.0,503125.0,515879,7503998,2491886,824180,5102764,27A,27A2,7135856.0,2026,-0.025349565217391304,-2.1087227344526234,9.633579908183512,15.830946503143641,0.10983211882519159,0.33207444884713455,0.6800060447777305,1.6309465967341676,,
1294,漢田生技,2026/06,7435.0,23927.0,79888,1227050,538708,264054,404762,17C,17C2,2412131.0,2026,-2.3388222510134993,0.008617877337973031,8.914088348841334,14.02012347265905,0.21519416486695733,0.4390269345177458,0.32986593863330754,2.2956627684283446,,
1295,生合,2026/06,59960.0,113347.0,93153,3226020,2042683,305469,1915344,17C,17C2,1804800.0,2026,0.17816086883640503,0.008617877337973031,11.001449629862652,14.986759737276095,0.0946891215801514,0.6331898128343904,0.5937173359123626,1.153168300258523,,
1301,台塑,2026/06,565433.0,6422038.0,-4083686,780961318,127124818,10990533,206699163,13A,13A1,346932885.0,2026,1.6358863027593422,0.7975761201212441,13.245348856851736,20.476036177768147,0.014073082426343681,0.16277991632871117,0.2646727286433923,0.7089109732320955,,
1303,南亞,2026/06,0.0,7776074.0,3278205,723033450,210088042,41946162,225379100,13A,13A1,1320481863.0,2026,0.5784241507989765,0.7975761201212441,0.0,20.398966044612987,0.05801413752019357,0.29056476156116984,0.3117132409295863,2.1380213640184973,,
1304,台聚,2026/06,247198.0,2072906.0,-538301,64724193,28976816,4713272,29815460,13A,13A1,16107752.0,2026,1.259684230736946,0.7975761201212441,12.417948959250047,17.985645615389732,0.0728208693154351,0.4476968295301882,0.460654024685947,0.7095215849195678,,
1305,華夏,2026/06,17295.0,1196924.0,242286,18746179,11503540,969419,10549958,13A,13A1,7611755.0,2026,0.7975761201212441,0.7975761201212441,9.758230539878989,16.746500502946702,0.0517128850631374,0.6136471864479689,0.5627791135462858,0.9688221263650582,,
1307,三芳,2026/06,209573.0,372407.0,-149507,18690205,5873826,3581708,8731367,13A,13A6,13645157.0,2026,1.401461304433053,0.7975761201212441,12.25283217793318,16.74351014780391,0.1916355652599851,0.31427295741271966,0.467162719724048,1.1972326681275032,,
1308,亞聚,2026/06,0.0,51870.0,375052,12349925,3463814,776990,1582686,13A,13A1,8371790.0,2026,-6.230614999036051,0.7975761201212441,0.0,16.329160548145328,0.06291455211266465,0.28047247250489377,0.12815349081067293,0.8060353402955889,,
1309,台達化,2026/06,7838.0,66091.0,-1101560,8403918,1861030,338980,3026099,13A,13A1,5844529.0,2026,17.667322328304913,0.7975761201212441,8.966866554188723,15.944208583640977,0.040335948066128204,0.22144790084815202,0.36008192845289544,1.0555348112630323,,
1310,台苯,2026/06,129.0,2681.0,-326302,8028070,2843524,1016314,1630911,13A,13A1,5569029.0,2026,122.70906378217083,0.7975761201212441,4.867534450455582,15.898454708342165,0.12659505958468226,0.3541977087892856,0.20315106868774188,0.8968456926758237,,
1312,國喬,2026/06,20587.0,654600.0,47405,67696922,28238239,7715609,34394297,13A,13A1,21243342.0,2026,0.9275817293003361,0.7975761201212441,9.932463660772646,18.030551271560892,0.11397281843921944,0.4171273695427393,0.5080629367462232,0.821863643963015,,
1313,聯成,2026/06,0.0,178171.0,-327364,54674012,14289887,3014132,24554567,13A,13A7,16569033.0,2026,2.8373584926839945,0.7975761201212441,0.0,17.81689905394774,0.055129153499838275,0.26136525338583166,0.449108563681041,0.7521599110012267,,
1314,中石化,2026/06,73415.0,67458.0,348987,124897130,23727787,2243908,49484140,13A,13A5,31641346.0,2026,-4.173396780218803,0.7975761201212441,11.203897174498849,18.643000996449093,0.017966049339964818,0.18997864082225108,0.39619917607394184,0.6495384321481206,,
1315,達新,2026/06,0.0,47183.0,44793,14208685,2181959,1841400,672283,13A,13A8,6193688.0,2026,0.05065383718712248,0.7975761201212441,0.0,16.46936395532669,0.12959679238437619,0.15356516102651302,0.06423362732568252,0.6053234953580162,,
1316,上曜,2026/06,55675.0,226569.0,-1025962,28369248,4872195,2925693,13446411,25A,25A,4197201.0,2026,5.528254085951741,10.140183271179907,10.927304453347292,17.160816299560263,0.10312902901056806,0.171742127249901,0.47397840788730106,0.6219273771373848,,
1319,東陽,2026/06,435621.0,1711137.0,4436563,39358743,18627016,5265545,11729184,15D,15D,45780320.0,2026,-1.5927573303598719,0.030322615797322407,12.984530173816111,17.48822869366275,0.13378336294937063,0.4732624718223344,0.2980070781223882,1.4611621107920036,,
1321,大洋,2026/06,7642.0,56775.0,148212,12095658,3127434,580998,6024622,13A,13A8,7032707.0,2026,-1.6105151915455747,0.7975761201212441,8.941545475242885,16.308357103192215,0.04803360015635363,0.25855840170084177,0.4980813776315435,1.0795054721289243,,
1323,永裕,2026/06,21534.0,38907.0,71869,4600549,1626218,846891,1951650,13A,13A8,1798118.0,2026,-0.8471997326959159,0.7975761201212441,9.977434797488211,15.341686202164025,0.18408476901343732,0.3534834646908445,0.424221109263264,0.8150696797273542,,
1324,地球,2026/06,5748.0,1898.0,25341,1118240,369818,240814,221898,13A,13A9,777513.0,2026,-12.351422550052687,0.7975761201212441,8.656781205623291,13.927266578710956,0.21535090857061095,0.330714336814995,0.19843504077836602,0.8937356918014022,,
1325,恆大,2026/06,4349.0,19156.0,-24534,2737736,987410,353052,86229,14F,14F,2063800.0,2026,2.280747546460639,2.280747546460639,8.37793112408273,14.822641859436683,0.1289576496784204,0.3606666238088698,0.06423362732568252,0.7853310180382622,,
1326,台化,2026/06,0.0,4945861.0,-446000,728084007,148860332,18436040,169858981,13A,13A1,320020756.0,2026,1.0901764121555377,0.7975761201212441,0.0,20.405926993734326,0.025321308836275536,0.204454885107784,0.2332958551031598,0.6728340854766227,,
1336,台翰,2026/06,0.0,59755.0,-89417,3394705,1570568,341190,1495512,23D,23D9A,1148687.0,2026,2.4963936072295208,0.38009350736292824,0.0,15.037727422710608,0.10050652413096278,0.46265227759113087,0.4405425508254767,0.778918639469409,,
1337,再生-KY,2026/06,10761.0,425123.0,-80018,6360496,2050478,1056116,2777300,13B,13B,1344775.0,2026,1.1882231730581503,0.9614354201917654,9.283776690049365,15.665616919696827,0.16604302557536393,0.32237705990224663,0.4366483368592638,0.6480744583441291,,
1339,昭輝,2026/06,36017.0,123266.0,222008,5185089,2957667,670352,961016,15D,15D,3261456.0,2026,-0.8010481397952396,0.030322615797322407,10.491774092479899,15.461297564397196,0.12928456965733856,0.5704177883928319,0.18534223809851672,0.8143489918880852,,
1340,勝悅-KY,2026/06,0.0,84264.0,-2089,3089398,96205,536499,419535,13B,13B,810492.0,2026,1.0247911326307795,0.9614354201917654,0.0,14.943486807887183,0.1736581042649733,0.031140371036687407,0.13579830115770128,0.6053234953580162,,
1342,八貫,2026/06,37714.0,116873.0,179323,3820724,1324668,178505,1570073,13B,13B,8775113.0,2026,-0.5343406946001215,0.9614354201917654,10.53781317228773,15.155950491420256,0.046720202767852374,0.34670601697479325,0.41093599014218246,2.7076506965695506,,
1402,遠東新,2026/06,620104.0,5758396.0,15841786,689718981,172380461,43642625,375168587,14A,14A1,152556938.0,2026,-1.751076167738377,-3.6266158013002023,13.337644097521071,20.35179479868399,0.06327595180391302,0.24992854444874266,0.5439441241069746,0.7651312194350064,,
1409,新纖,2026/06,286095.0,872229.0,-1696647,253988650,21302488,9928442,194568582,14A,14A1,42159554.0,2026,2.945185266713214,-3.6266158013002023,12.564082697814984,19.352800138945035,0.03909010107341411,0.08387181080729395,0.7660522704459432,0.9320421837747475,,
1410,南染,2026/06,1731.0,1911.0,7132,1317581,103782,499236,233253,14E,14E,1537600.0,2026,-2.7320774463631605,-1.4543711975998,7.4570320891223805,14.091308037583733,0.37890346020472365,0.07876707390285682,0.17703124134303697,1.3440183184183743,,
1413,宏洲,2026/06,,5195.0,124238,2575678,1030808,51999,1420507,14A,14A2,1235247.0,2026,-22.914918190567853,-3.6266158013002023,0.0,14.76162335839323,0.02018847076381442,0.4002084111445608,0.5515079912939428,1.031089289887944,,
1414,東和,2026/06,4913.0,13640.0,137926,4202821,1428696,134414,1220198,14B,14B1,3643200.0,2026,-9.111876832844574,16.986144493142938,8.499843553081124,15.251266524453161,0.031981852189279535,0.33993738967231774,0.29032832947203796,1.1571746691091531,,
1416,廣豐,2026/06,0.0,7709.0,161042,6425563,24522,227695,1887066,23X,23X9,2010961.0,2026,-19.890128421325723,-2.9683442828733075,0.0,15.675794811365728,0.03543580539168319,0.0038163192859520636,0.29368103619869573,0.6066436513033955,,
1417,嘉裕,2026/06,1864.0,5359.0,14488,2759946,345707,732204,395426,14C,14C1,1620205.0,2026,-1.7034894569882442,-0.3929749264102676,7.5310163320779155,14.83072167228454,0.26529649493142254,0.12525861013222722,0.14327309302428382,0.7303153757356122,,
1418,東華,2026/06,0.0,7073.0,-113070,5520919,707043,691754,4380949,14B,14B2,1011645.0,2026,16.986144493142938,16.986144493142938,0.0,15.52405488990335,0.12529689350631662,0.12806617883725518,0.7935180719007108,0.976756587082694,,
1419,新紡,2026/06,24529.0,127465.0,-181609,27743736,553946,1677670,4956677,14C,14C2,19502665.0,2026,2.4247754285490135,-0.3929749264102676,10.107652137252535,17.138520642946197,0.06047022650446213,0.019966525056322623,0.17865931971094304,0.8816167368374612,,
1423,利華,2026/06,0.0,3643.0,13130,3991365,368505,229183,575576,14D,14D2,3706906.0,2026,-2.604172385396651,-2.604172385396651,0.0,15.199643835624542,0.05741970478771047,0.09232555779789621,0.1442053031982793,1.0729367021056706,,
1432,大魯閣,2026/06,0.0,112367.0,-435774,3716605,715150,596562,2207552,29A,29A1,1647000.0,2026,4.878131479882883,-3.3184315681370937,0.0,15.128321175136394,0.16051261837079808,0.1924202329814441,0.5939700344803928,1.0371164005860187,,
1434,福懋,2026/06,0.0,385688.0,941944,64311999,9311891,3861496,15652669,14C,14C2,28555072.0,2026,-1.4422434714069403,-0.3929749264102676,0.0,17.979256781440736,0.0600431655063311,0.14479243601182418,0.24338644799394277,0.687394913661446,,
1435,中福,2026/06,0.0,236.0,-69110,1103241,43592,16502,185513,25F,25F,3822983.0,2026,293.83898305084745,121.72378746814448,0.0,13.91376276938268,0.01495774721932923,0.03951267220852017,0.16815274269176,3.6333820081015844,,
1437,勤益控,2026/06,0.0,419.0,21533,14109816,111307,531737,5532880,25F,25F,6096504.0,2026,-50.39140811455847,121.72378746814448,0.0,16.46238128334709,0.03768560837363152,0.007888621651763567,0.39212984775988574,0.8242052199688501,,
1440,南紡,2026/06,16255.0,41059.0,266972,46228660,19204575,3848462,17247024,14A,14A1,22118494.0,2026,-5.502155434862027,-3.6266158013002023,9.696217350378209,17.649110510037072,0.0832484004511487,0.415425733733143,0.37308076851027044,0.8515392399433598,,
1441,大東,2026/06,1777.0,730.0,-22693,1289228,395224,92182,925721,14B,14B1,645696.0,2026,32.086301369863016,16.986144493142938,7.48324441607385,14.069554147583007,0.07150170489626351,0.30655865370593877,0.7180428907842523,1.218882152730161,,
1443,立益物流,2026/06,0.0,152236.0,213383,7994464,5708229,124842,6062967,26C,26C,3579822.0,2026,-0.4016592658766652,-1.0767254917900697,0.0,15.894259860101595,0.01561605631096719,0.71402272872828,0.7583956848138912,1.2061833038462617,,
1444,力麗,2026/06,29551.0,251946.0,317396,20499256,7882628,545946,9211431,14A,14A2,8920531.0,2026,-0.25977788891270354,-3.6266158013002023,10.29390670243902,16.835899150767116,0.026632478759229115,0.3845323947366675,0.44935440583794845,0.8845180527527438,,
1445,大宇,2026/06,7598.0,4009.0,-14570,4419354,560590,232451,2285789,14C,14C2,1489592.0,2026,4.634322773759042,-0.3929749264102676,8.935771938669784,15.301504089526214,0.05259841144203429,0.12684885619029387,0.5172224266261539,0.8542834540975899,,
1446,宏和,2026/06,0.0,504.0,145035,3151528,1145,1317038,479329,25A,25A,2327299.0,2026,-286.76785714285717,10.140183271179907,0.0,14.963397972553933,0.41790458469669317,0.0008501028267625401,0.1520941587699681,0.8905610230973674,,
1447,力鵬,2026/06,68069.0,194717.0,296492,17307365,4217247,1135801,8236642,14A,14A7,6843734.0,2026,-0.5226816353990663,-3.6266158013002023,11.128291866441996,16.66664269141723,0.06562529882509556,0.24366776802823537,0.47590387098209347,0.8713270910967672,,
1449,佳和,2026/06,34472.0,178619.0,-200392,8469832,2380265,472780,5351904,14C,14C2,1811389.0,2026,2.1218963268185353,-0.3929749264102676,10.447931687925744,15.952021231720783,0.055819288977632615,0.2810285965530367,0.6318784127005117,0.8457420406921885,,
1451,年興,2026/06,0.0,16462.0,-23489,8872230,851189,1179143,1477100,14C,14C1,3385800.0,2026,2.426861863686065,-0.3929749264102676,0.0,15.998436731932399,0.13290266370461543,0.09593856336005717,0.16648576513458285,0.6053234953580162,,
1452,宏益,2026/06,3697.0,5334.0,90023,2909146,411054,529101,186865,14A,14A2,1452419.0,2026,-15.877202849643794,-3.6266158013002023,8.21554741194707,14.883370125286318,0.18187502449172369,0.14129713668547403,0.06423362732568252,0.6053234953580162,,
1454,台富,2026/06,5986.0,20568.0,7127,1944474,708178,122658,639849,14C,14C2,1655384.0,2026,0.653490859587709,-0.3929749264102676,8.697345730925353,14.480502061442005,0.06308029832232265,0.3642002927269791,0.32906019828498606,1.1803876009656082,,
1455,集盛,2026/06,24614.0,80894.0,22351,9985826,3932056,470871,3779648,14A,14A7,5316880.0,2026,0.7237001508146463,-3.6266158013002023,10.111111292192302,16.116677245496735,0.047153935988870625,0.3937637206977169,0.37850128772522174,0.9109439719858928,,
1457,宜進,2026/06,0.0,8855.0,731081,16779495,2779920,310820,8066015,14A,14A2,4450057.0,2026,-81.5613777526821,-3.6266158013002023,0.0,16.63566816319885,0.018523799434965117,0.16567363916494507,0.48070666012296553,0.7459147012469683,,
1459,聯發,2026/06,0.0,94.0,112526,5226931,861939,1297465,2117298,14A,14A2,4213891.0,2026,-1196.0851063829787,-3.6266158013002023,0.0,15.469334856919197,0.2482269232174674,0.16490345864523562,0.40507479436786137,1.2112631676216885,,
1460,宏遠,2026/06,84303.0,274850.0,361216,10782387,4771819,583601,5147123,14C,14C2,4938912.0,2026,-0.3142295797707841,-0.3929749264102676,11.342184592449067,16.193424527504867,0.0541253991347185,0.44255682902125476,0.47736396402763137,0.9354176398973623,,
1463,強盛新,2026/06,1110.0,4703.0,-15226,3168234,22890,828325,492276,14E,14E,3014863.0,2026,4.237507973633851,-1.4543711975998,7.01301578963963,14.968684892825033,0.26144691332774034,0.007224845134544986,0.1553786746812262,1.10696968721376,,
1464,得力,2026/06,133636.0,153520.0,645586,17423204,6571843,1660335,11335537,14C,14C2,4362154.0,2026,-3.205224075039083,-0.3929749264102676,11.802882447849973,16.67331343899746,0.095294470523332,0.3771891208987738,0.6506000274117206,0.9009646560988438,,
1466,聚隆,2026/06,19385.0,171212.0,82500,3639931,1827338,501528,1982401,14A,14A7,1645124.0,2026,0.5181412517814172,-3.6266158013002023,9.872306435052554,15.107475283389299,0.13778502944149215,0.5020254504824405,0.5446259832947383,0.996591693633753,,
1467,南緯,2026/06,44276.0,189429.0,-105041,9138111,2007616,1711144,6125760,14C,14C1,1705463.0,2026,1.5545138284000866,-0.3929749264102676,10.698220633849886,16.027964248109715,0.18725358008892648,0.21969704679665195,0.6703529865198617,0.8569848845127839,,
1468,昶和,2026/06,2308.0,303.0,-10001,3252694,669509,477894,1717558,14C,14C2,1924860.0,2026,34.006600660066006,-0.3929749264102676,7.744569809354496,14.994994134015846,0.14692252022477367,0.20583215021148624,0.5280416786823476,1.119815758875566,,
1470,大統新創,2026/06,0.0,23998.0,58900,1206229,363222,268270,198013,14E,14E,1826837.0,2026,-1.4543711975998,-1.4543711975998,0.0,14.003009522157363,0.2224038719016041,0.30112192626773193,0.16415871281489666,1.6786613487157083,,
1471,首利,2026/06,3394.0,5399.0,-128738,1691326,63735,999231,124551,23D,23D3,1624482.0,2026,24.84478607149472,0.38009350736292824,8.130059039992796,14.341023394634135,0.5907973980178866,0.037683450736286206,0.07364103667773096,1.03411938325314,,
1472,三洋實業,2026/06,0.0,2613.0,-60814,5221914,30496,1420082,2971630,25B,25B,4660934.0,2026,24.27363184079602,2.777226538161771,0.0,15.468374559319694,0.2719466463829163,0.005840004258974774,0.5690691191007742,1.4616410764328942,,
1473,台南,2026/06,31990.0,115905.0,-94543,5908406,1014725,664359,2048915,14C,14C1,2879234.0,2026,1.8156938872352357,-0.3929749264102676,10.373209892223665,15.591886640651417,0.11244301762607377,0.1717425985959665,0.34677965596812405,0.8340911237311721,,
1474,弘裕,2026/06,22375.0,60827.0,240808,3771733,1466907,748299,1572792,14C,14C2,1318455.0,2026,-2.9588998306673022,-0.3929749264102676,10.015744234881796,15.143045135500541,0.19839659912300261,0.38892122003333746,0.4169945221467161,0.7665566465070566,,
1475,業旺,2026/06,1521.0,1498.0,86163,2158745,314994,1055063,633983,14C,14C2,1772556.0,2026,-56.518691588785046,-0.3929749264102676,7.3277805384216315,14.585037592285161,0.4887390590366162,0.14591533506736554,0.29368128241177166,1.1147861373158943,,
1476,儒鴻,2026/06,107247.0,147742.0,3150337,38183027,12140654,6201035,9164345,14C,14C1,85739688.0,2026,-20.323232391601575,-0.3929749264102676,11.58289918859774,17.457901655465974,0.16240291792476275,0.3179594430792509,0.24001096089107865,2.4855031268212446,,
1477,聚陽,2026/06,0.0,208630.0,2239617,23966704,5960397,2254901,10077182,14C,14C1,54025986.0,2026,-9.734875137803767,-0.3929749264102676,0.0,16.992176091741005,0.09408473522266558,0.24869489772143888,0.42046590970539793,2.6746760005047,,
1503,士電,2026/06,293791.0,930084.0,546592,63986932,8346866,4203088,24391428,15B,15B1,124772794.0,2026,0.41231974746366995,-1.4472893873213875,12.590627312943427,17.97418943297484,0.06568666239537786,0.1304464167777258,0.3811938975289517,2.331166963904442,,
1504,東元,2026/06,645718.0,899538.0,3669127,156487425,21024639,28472156,52930415,15B,15B1,166588514.0,2026,-3.0789016139396,-1.4472893873213875,13.378119703611405,18.868486213278434,0.18194532883393028,0.1343535367138925,0.33824069250292793,1.4027895787792533,,
1506,正道,2026/06,7249.0,43357.0,-31863,3314130,1289693,74655,433864,15D,15D,3000886.0,2026,1.734898632285444,0.030322615797322407,8.88875674784872,15.01370570371888,0.022526273863728942,0.3891497919514322,0.13091339205160932,1.0363956754864776,,
1512,瑞利,2026/06,4042.0,4670.0,-33010,2733800,137012,107548,2062500,15D,15D,665681.0,2026,8.068522483940043,0.030322615797322407,8.304742269640771,14.821203140700689,0.039340112663691564,0.05011778476845417,0.7544443631575097,0.9979446192113541,,
1513,中興電,2026/06,122388.0,283642.0,1865669,48474236,12143266,2676136,27293370,15B,15B1,89051001.0,2026,-5.577548458972931,-1.4472893873213875,11.714959775740832,17.696542998267397,0.055207388931307756,0.2505096934379739,0.5630489978222658,2.4001279978914987,,
1514,亞力,2026/06,72404.0,52334.0,80860,14019692,1739707,1240378,7649178,15B,15B1,33592284.0,2026,-0.545075858906256,-1.4472893873213875,11.190030636762703,16.455973470713143,0.08847398359393345,0.12409024392261969,0.5456024283557728,2.941681029797231,,
1515,力山,2026/06,103971.0,311309.0,-177293,8141920,3200472,1738479,4215875,15C,15C3,5852537.0,2026,1.5695081093061878,0.5526186430325462,11.551876911105168,15.912536582401113,0.21352199481203452,0.3930856603847741,0.5177986273507968,1.23661396820406,,
1517,利奇,2026/06,36838.0,11056.0,1836,4362168,933725,801785,923889,15E,15E,2299000.0,2026,0.8339363241678727,-3.143167347539656,10.514312345592575,15.288479739444965,0.18380424596209957,0.21405067388509566,0.21179583179739983,0.7388273445681138,,
1519,華城,2026/06,263070.0,878171.0,3496632,33088218,3920054,7162332,23690722,15B,15B1,245123656.0,2026,-2.981721099876903,-1.4472893873213875,12.48017923670391,17.31468782531983,0.21646170247064983,0.11847280503289721,0.7159866391112389,8.124172114678403,,
1521,大億,2026/06,72896.0,35933.0,89732,3125045,818566,331088,1244855,15D,15D,1951488.0,2026,-1.4972031280438594,0.030322615797322407,11.196802764886597,14.95495924104896,0.10594663436846509,0.26193734810218733,0.3983478637907614,1.022815031463547,,
1522,堤維西,2026/06,561943.0,998942.0,703232,38859182,13545422,2412050,28880664,15D,15D,9527744.0,2026,0.29602319253770487,0.030322615797322407,13.239157479782909,17.475454951769215,0.06207155878885973,0.3485771265077067,0.7432133800449016,0.9883998072836427,,
1524,耿鼎,2026/06,2753.0,237622.0,315442,5272577,3191328,303594,2305110,15D,15D,4785725.0,2026,-0.32749492892072285,0.030322615797322407,7.9208096792886,15.47802979530619,0.0575798134384761,0.6052691122386643,0.43718849435484775,1.3448518627608472,,
1525,江申,2026/06,23732.0,67202.0,-104418,5927106,580337,2067824,939019,15D,15D,4947160.0,2026,2.5537930418737536,0.030322615797322407,10.074621763689507,15.595046624868532,0.34887582574025167,0.0979123707252747,0.15842790731260753,0.9930949438056279,,
1526,日馳,2026/06,11631.0,8406.0,36127,2286798,582708,471509,969670,15E,15E,855000.0,2026,-3.2977635022602905,-3.143167347539656,9.3615151997733,14.642663143786999,0.20618742888527977,0.25481393634243166,0.42402958197444635,0.7979148136389834,,
1527,鑽全,2026/06,86719.0,49650.0,165544,5746205,928663,449713,922664,15A,15A1,4600557.0,2026,-2.3342195367573013,-2.2784211804366263,11.370439816673473,15.564050194877654,0.07826260984423633,0.16161327345613322,0.16056928007267404,0.9611945623241774,,
1528,恩德,2026/06,38371.0,62568.0,-49027,5506038,1175750,555057,3335675,15A,15A1,4505845.0,2026,1.783579465541491,-2.2784211804366263,10.555083305937838,15.521355866222807,0.10080878482858273,0.21353830104332736,0.6058212820180319,1.4241674321898976,,
1529,樂事綠能,2026/06,2722.0,24007.0,67271,3231091,1813560,309232,1342964,15B,15B1,3505147.0,2026,-1.8021410421960262,-1.4472893873213875,7.909489492673759,14.988330409064924,0.09570513489097027,0.5612840987765433,0.4156379377739593,1.5004563474071142,,
1530,亞崴,2026/06,21528.0,25806.0,-15346,5783162,1882155,998470,2457337,15A,15A1,2672281.0,2026,1.594667906688367,-2.2784211804366263,9.977156142461329,15.570461149889962,0.1726512243648025,0.3254543102890772,0.4249123576341109,0.8869919258703111,,
1531,高林股,2026/06,32581.0,62309.0,216847,4656765,209496,729256,1178972,15A,15A3,2349193.0,2026,-2.480187452855928,-2.2784211804366263,10.391515267626115,15.353831559020678,0.15660141750764747,0.044987453736660535,0.2531740382003386,0.7576429130523014,,
1532,勤美,2026/06,17556.0,250025.0,187781,55040108,13727513,5585644,35692677,15A,15A2,9593111.0,2026,0.24895110488951105,-2.2784211804366263,9.773208009769208,17.82357271379674,0.10148315842694204,0.2494092671475136,0.6484848648916168,0.8227779640257973,,
1533,車王電,2026/06,116466.0,25937.0,-526764,10253297,2167019,627009,7192060,15D,15D,3547692.0,2026,21.309364999807226,0.030322615797322407,11.665363250059116,16.14310987036426,0.06115193971266023,0.21134850575380779,0.7014387664767733,1.0474437636986424,,
1535,中宇,2026/06,7963.0,44365.0,92831,7507591,920485,1508522,3774783,15B,15B2,6224273.0,2026,-1.0924377324467485,-1.4472893873213875,8.982686665184087,15.831425199978282,0.2009328957850794,0.12260723846037963,0.5027955039106419,1.3318594473247145,,
1536,和大,2026/06,44289.0,122006.0,315609,21128404,13101049,729652,13555319,15D,15D,13306392.0,2026,-1.5868317951576152,0.030322615797322407,10.698514196917245,16.86612885432116,0.03453417494288731,0.6200680846504071,0.6415685254787821,1.2713554227758992,,
1537,廣隆,2026/06,22726.0,89253.0,278007,6242084,678576,2295194,2013606,23D,23D7,10298907.0,2026,-2.114819669927061,0.38009350736292824,10.031308923974013,15.646824658947562,0.36769674999567453,0.10870984754450597,0.32258553393385925,1.9725003700687143,,
1538,正峰,2026/06,3221.0,1958.0,-34083,245756,76834,14655,127608,15A,15A1,361760.0,2026,18.407048008171603,-2.2784211804366263,8.07775756373692,12.953599103928836,0.05963231823434626,0.31264343495174074,0.5192467325314539,1.9912758996728461,,
1539,巨庭,2026/06,10522.0,14358.0,78701,2246430,1111975,589691,636028,15A,15A1,1023041.0,2026,-4.481334447694665,-2.2784211804366263,9.261318616740812,14.624852847425311,0.2625013910960947,0.4949965055666101,0.28312834141281945,0.738535810152108,,
1540,喬福,2026/06,6394.0,110.0,77906,1638851,284482,38567,224440,15A,15A1,1854786.0,2026,-707.2363636363636,-2.2784211804366263,8.763271714012943,14.309505944502575,0.02353295082957511,0.1735862503668729,0.13694960676718018,1.2687096020321555,,
1541,錩泰,2026/06,16516.0,225.0,457904,3134180,546023,533292,968506,15A,15A1,1690260.0,2026,-2034.128888888889,-2.2784211804366263,9.71214543252109,14.957878134837186,0.17015359679405778,0.1742155842995616,0.3090141600035735,0.8483131153922238,,
1558,伸興,2026/06,180442.0,110797.0,314289,14184392,3573458,2073817,5494084,15A,15A3,5840508.0,2026,-1.8366201250936398,-2.2784211804366263,12.103170217409392,16.46765276312812,0.14620415171831122,0.25192888070211256,0.3873330629892349,0.7990890268684058,,
1560,中砂,2026/06,104503.0,850949.0,1256630,14894528,5788164,2323684,5457971,23G,23G3C,114520218.0,2026,-0.47673949907691293,-0.6891083048626756,11.5569806271664,16.51650445514136,0.15600924044051614,0.3886100989571472,0.36644135349572676,8.05518570309848,,
1563,巧新,2026/06,82155.0,1611373.0,746515,19750027,8549250,3497671,11424264,15D,15D,14010257.0,2026,0.5367211688417269,0.030322615797322407,11.31637515792554,16.79866541639908,0.17709702371546124,0.4328728259460101,0.5784429560526677,1.2878220875343613,,
1565,精華,2026/06,41234.0,21602.0,131638,7727270,3225131,2308512,1316772,17G,17G4,4920699.0,2026,-5.093787612258124,0.3552450874748451,10.627042689267455,15.86026618871498,0.2987487172054296,0.4173700414247205,0.17040584837853473,0.8072024143067345,,
1568,倉佑,2026/06,21188.0,134178.0,104049,2576895,1316173,468869,434485,15D,15D,3855454.0,2026,0.22454500737825872,0.030322615797322407,9.961237458077031,14.762095743752013,0.18195114663189613,0.5107592664815602,0.16860795647474966,1.6647705863063882,,
1569,濱川,2026/06,115567.0,234181.0,-390278,6993017,2569483,835332,3846883,23D,23D4,6620937.0,2026,2.6665656052369746,0.38009350736292824,11.657614380290628,15.76042263768548,0.11945230506375146,0.3674355431997377,0.5501034818019176,1.4968961179416553,,
1570,力肯,2026/06,8154.0,1958.0,53892,1194871,169073,444941,157762,15A,15A1,2060040.0,2026,-26.524004085801838,-2.2784211804366263,9.006386515055114,13.993548787729955,0.37237576273924133,0.14149895679115151,0.1320326629401835,1.856101621011808,,
1580,新麥,2026/06,78825.0,116745.0,122893,4762871,1479282,1016830,1475365,15H,15H,6019358.0,2026,-0.05266178423058803,-1.4461885073407443,11.27499817066327,15.376361195645492,0.2134909805451376,0.3105861989543702,0.3097637958281885,1.5735725363966397,,
1582,信錦,2026/06,76035.0,329247.0,-375906,13316100,2431673,4068583,5729230,23D,23D9A,12032035.0,2026,2.141714275300914,0.38009350736292824,11.238962191326044,16.404484387411546,0.3055386336840366,0.18261150036422075,0.4302483459871884,1.33381883584533,,
1583,程泰,2026/06,66815.0,112103.0,49694,14168159,3682823,1921196,6926079,15A,15A1,5470000.0,2026,0.556711238771487,-2.2784211804366263,11.109697851802256,16.466507680855013,0.13559955107787822,0.25993659444392175,0.48884819827332543,0.8749251755291566,,
1584,精剛,2026/06,12190.0,564330.0,283999,7679214,3763601,485399,2949386,20A,20A6,4428573.0,2026,0.49675012847093014,-0.04400234055002926,9.408453253565146,15.854027756136375,0.06320946388523617,0.49010237245634775,0.38407394298426895,0.9607700736038871,,
1586,和勤,2026/06,46013.0,10343.0,70104,3706309,1582923,436739,1697722,23D,23D9A,2590833.0,2026,-5.777917432079668,0.38009350736292824,10.736700976992914,15.125547060657116,0.11783664017220366,0.4270887829374183,0.4580627249373973,1.1570959140212,,
1587,吉茂,2026/06,22618.0,29312.0,185251,3618071,1229255,571256,2000524,15D,15D,2177523.0,2026,-5.3199713427947595,0.030322615797322407,10.026545540027982,15.10145156884654,0.15788965998732474,0.33975425026208717,0.5529255782984911,1.1547719765587796,,
1590,亞德客-KY,2026/06,665077.0,1649365.0,5954216,66030556,29751078,8695538,11207748,15A,15A2,267000000.0,2026,-2.610005062554377,-2.2784211804366263,13.40765960599276,18.005628162550266,0.13168960745991598,0.45056531100540786,0.16973578111321674,4.213318270408021,,
1593,祺驊,2026/06,6597.0,5572.0,47653,1885555,236987,484862,416746,15C,15C3,1219410.0,2026,-7.552225412778177,0.5526186430325462,8.794521851788527,14.44973276523655,0.2571455088820003,0.12568554086197434,0.22102033618748856,0.867731781889152,,
1595,川寶,2026/06,42490.0,79092.0,20927,3997373,1020721,940818,1304069,23H,23H2,4555510.0,2026,0.7354093966520002,-1.06809951238677,10.657047567781314,15.201147953329414,0.23535907207058235,0.25534794976600883,0.3262315025392927,1.4658574518815233,,
1597,直得,2026/06,47449.0,23756.0,200673,4289116,1959001,951524,1819149,15A,15A2,12585942.0,2026,-7.447255430207106,-2.2784211804366263,10.767431804038074,15.271591209064736,0.22184617995876074,0.45673770539197356,0.4241314527282545,3.358522129035447,,
1598,岱宇,2026/06,73357.0,64679.0,438588,9660434,3310491,834887,5201931,15C,15C3,3394741.0,2026,-5.780995377170333,0.5526186430325462,11.203106843745188,16.08354913271572,0.0864233428850091,0.3426855356601991,0.538477981424023,0.8898846573559739,,
1599,宏佳騰,2026/06,74330.0,20122.0,97845,2660226,1041657,466473,779068,22A,22A,1730787.0,2026,-3.862588211907365,1.1459614332163668,11.216283371146936,14.793921639554796,0.17535089124006759,0.3915671074562838,0.29285782486149675,0.9434743514272848,,
1603,華電,2026/06,0.0,130148.0,255765,12571204,3360374,318051,4391225,16,16,6095678.0,2026,-0.9651857884869534,2.6933058680270574,0.0,16.346919359591247,0.025299963312981,0.26730725235228064,0.3493082285515373,0.8342003677611151,,
1604,聲寶,2026/06,51125.0,768284.0,128832,20535127,9103829,1108821,11041158,15C,15C1,8990280.0,2026,0.832312009621442,0.5526186430325462,10.84204845305601,16.837647489916613,0.053996305939573684,0.4433295688894449,0.5376717660426449,0.9754718341892894,,
1605,華新,2026/06,232073.0,3400089.0,-2034710,350393718,91459257,17651221,135926898,16,16,164845588.0,2026,1.5984284529022623,2.6933058680270574,12.354811565307003,19.674567988783608,0.05037539228942455,0.261018540863224,0.3879261842245699,0.8583843560802651,,
1608,華榮,2026/06,,186417.0,-315661,20012145,3390351,526493,7484018,16,16,21292845.0,2026,2.6933058680270574,2.6933058680270574,0.0,16.811849897216593,0.026308674057678474,0.16941467293985726,0.3739738044072737,1.4379699427522636,,
1609,大亞,2026/06,45814.0,663114.0,1222191,67156692,20667718,8193131,45870254,16,16,29839956.0,2026,-0.8431084247957364,2.6933058680270574,10.732366827399314,18.02253913345129,0.12200021704463943,0.307753663625957,0.6830332560156477,1.1273665772578554,,
1611,中電,2026/06,0.0,1717.0,65711,5067039,627027,436962,1025723,15C,15C4,4340799.0,2026,-37.270821199767035,0.5526186430325462,0.0,15.438267181290474,0.08623616277672226,0.12374623522731915,0.2024304529726335,1.0591041434652466,,
1612,宏泰,2026/06,0.0,36036.0,-244313,11392687,1363632,1286289,2027876,16,16,11726568.0,2026,7.77969252969253,2.6933058680270574,0.0,16.24848221629312,0.11290479585720208,0.11969362451544574,0.17799804383285522,1.2073046507816814,,
1614,三洋電,2026/06,34030.0,227652.0,-15703,7463501,2279576,81154,1762141,15C,15C1,8638527.0,2026,1.0689780893644685,0.5526186430325462,10.435027152899224,15.825535165040819,0.010873449336980059,0.3054298512186171,0.23610112733956892,1.3935374296861487,,
1615,大山,2026/06,6256.0,71752.0,529012,6615957,1474768,95288,1919360,16,16,8771214.0,2026,-6.372784033894526,2.6933058680270574,8.741456115998364,15.704995016269137,0.014402753826846214,0.22291075954695594,0.2901107126300851,1.6158771890446084,,
1616,億泰,2026/06,3263.0,51705.0,-101552,4477549,885225,578206,2420178,16,16,4387767.0,2026,2.9640653708538824,2.6933058680270574,8.090708716083997,15.314586356464046,0.12913448853379383,0.1977030290455783,0.5405140178253772,1.5204624226334542,,
1617,榮星,2026/06,8609.0,23159.0,-161466,3370205,990043,499027,1038295,16,16,3525912.0,2026,7.972062697007643,2.6933058680270574,9.060679597421776,15.030484131338957,0.14807022124766892,0.2937634357553917,0.3080806657161805,1.3542817128334923,,
1618,合機,2026/06,6004.0,45344.0,607145,9029357,1489115,575388,2239188,16,16,7929276.0,2026,-12.389753881439661,2.6933058680270574,8.700347734514084,16.015991715770337,0.06372413893924007,0.16491927387520508,0.2479897516511973,1.126155937792691,,
1623,大東電,2026/06,9676.0,21312.0,-211391,7934138,1023054,607760,3831832,16,16,14586000.0,2026,10.918871996996996,2.6933058680270574,9.177507214880942,15.886685273401492,0.07660063386848073,0.1289433080190942,0.482955048172845,2.3213400119836582,,
1626,艾美特-KY,2026/06,82130.0,108049.0,-116757,9972805,2420719,835960,7265196,15C,15C1,1775391.0,2026,2.080593064257883,0.5526186430325462,11.316070812478937,16.115372446400308,0.08382395925719996,0.2427320097003802,0.7285007578108667,0.9065239919962338,,
1702,南僑,2026/06,299533.0,1070939.0,553086,33578078,15318543,4488977,17955075,12B,12B,9265190.0,2026,0.48355041697052775,-0.7699072718135969,12.609983212632008,17.32938397152533,0.13368772923810587,0.4562066655512564,0.5347261091001099,0.8106558392055674,,
1707,葡萄王,2026/06,124174.0,249928.0,658769,15002187,7736587,3539231,3398386,17C,17C2,13643418.0,2026,-1.6358351205147081,0.008617877337973031,11.729447139975552,16.523706548438696,0.23591433702299539,0.5156972780035337,0.22652603917015565,1.1359546444795015,,
1708,東鹼,2026/06,0.0,168461.0,536828,12575368,8644483,1616568,4956977,17Z,17Z,13271807.0,2026,-2.1866604139830583,-0.14370062994675983,0.0,16.347250537935402,0.12855035335745243,0.6874139190201034,0.39418146649863445,1.4495626688618575,,
1709,和益,2026/06,37823.0,55408.0,452380,12341233,3142040,455693,3089311,17E,17E1,10470501.0,2026,-7.164524978342477,-5.516589293351267,10.54069910076577,16.328456490412673,0.03692443048437705,0.2545969272276117,0.25032433955343036,1.098740458104956,,
1710,東聯,2026/06,126743.0,555660.0,-1338893,35442958,15454295,1368314,22204483,13A,13A5,14835525.0,2026,3.409554403772091,0.7975761201212441,11.749924583054879,17.38343514522943,0.03860608925473997,0.4360328785199023,0.6264850411187464,1.0450597266740547,,
1711,永光,2026/06,185749.0,378075.0,377058,14025892,4967893,1328467,4854654,17B,17B,24594065.0,2026,0.0026899424717317993,-0.2166229526273699,12.132156962580005,16.456415608063608,0.09471533076113804,0.3541944426778703,0.3461208741661493,2.0995968741239417,,
1712,興農,2026/06,105512.0,183198.0,45825,15870526,5867986,1767598,7591962,17C,17C3,16483326.0,2026,0.7498608063406805,0.008617877337973031,11.566589447055774,16.57997423625075,0.11137614468480755,0.36974111633098994,0.4783686438622135,1.5169811006894163,,
1713,國化,2026/06,0.0,1579.0,-32610,4290247,309595,127235,611734,17B,17B,7472124.0,2026,21.652311589613678,-0.2166229526273699,0.0,15.271854865004356,0.029656800645743706,0.07216251185537802,0.14258712843339788,1.8842406975635668,,
1714,和桐,2026/06,43528.0,161339.0,1051380,27205900,4694247,6750582,8053506,17E,17E1,19489361.0,2026,-5.516589293351267,-5.516589293351267,10.681182661619935,17.118944419508978,0.2481293395917797,0.17254518321393522,0.296020569067739,1.0123858060200177,,
1717,長興,2026/06,980288.0,1170814.0,2369005,67006416,22084724,9886139,34691769,17F,17F,87634130.0,2026,-1.0233828772119227,-0.1876790419128015,13.795602705132081,18.020298933964458,0.14754018480857117,0.3295911842233138,0.5177380178041457,1.8255848663805567,,
1718,中纖,2026/06,,496961.0,-12971179,1047215051,30288995,18134399,950014177,13A,13A5,22675436.0,2026,27.10099987725395,0.7975761201212441,0.0,20.476036177768147,0.017316786062884806,0.028923376312321548,0.8825156228721158,0.9288346381874146,,
1720,生達,2026/06,136308.0,260539.0,611467,12315901,4349577,2014373,2992269,17C,17C1B,11311457.0,2026,-1.3469307857940653,0.008617877337973031,11.822679646319067,16.32640174967009,0.16355871973962766,0.35316758392260544,0.2429598126844313,1.1614031324220615,,
1721,三晃,2026/06,20102.0,41867.0,-102121,2812463,1250284,308188,1203426,17F,17F,4307797.0,2026,3.439176439678028,-0.1876790419128015,9.90862433664128,14.849571169852721,0.10957939713340228,0.4445512705411591,0.4278904291363122,1.959571734810378,,
1722,台肥,2026/06,14682.0,154848.0,297095,83163033,12137277,2706643,30210343,17C,17C3,46501000.0,2026,-0.918623424261211,0.008617877337973031,9.594445640962938,18.236313492150476,0.03254622760091013,0.1459455789689633,0.36326648884967916,0.9224211796123405,,
1723,中碳,2026/06,139416.0,351896.0,524288,11796688,4680446,809634,3782180,17Z,17Z,19497199.0,2026,-0.48989474162820834,-0.14370062994675983,11.845224721092627,16.28332937207236,0.06863231442587954,0.3967593277028264,0.32061371801983746,1.9733826138319501,,
1725,元禎,2026/06,0.0,10812.0,156736,11023811,861681,822583,2425243,17Z,17Z,6318593.0,2026,-13.496485386607473,-0.14370062994675983,0.0,16.21556812767642,0.0746187502670356,0.07816543661715536,0.2200004154643072,0.7931772415183823,,
1726,永記,2026/06,141346.0,54657.0,395558,12929458,3138587,2351451,2345848,17B,17B,12668400.0,2026,-6.237096803703094,-0.2166229526273699,11.858973138984231,16.375018831849346,0.18186771634201526,0.24274698908492529,0.1814343648434451,1.1612434179375501,,
1727,中華化,2026/06,9075.0,261289.0,37786,3802242,2393137,170335,1642711,17Z,17Z,11496196.0,2026,0.855386181584376,-0.14370062994675983,9.113388845899733,15.151101450715043,0.04479856884438181,0.6294015478236261,0.4320374663159262,3.4555683199543847,,
1730,花仙子,2026/06,22315.0,575851.0,134743,3299381,1147017,942332,1131590,17E,17E2,3383019.0,2026,0.7660106520610366,-5.516589293351267,10.01305918896542,15.009245433084601,0.28560872478807386,0.3476461190750629,0.34297039353745445,1.3683199969933755,,
1731,美吾華,2026/06,0.0,5308.0,77286,3481551,1216556,210491,1288566,17C,17C1C,2757986.0,2026,-13.560286360211002,0.008617877337973031,0.0,15.062988442115696,0.06045897360113352,0.34942932043793123,0.37011263083608426,1.1622842807702658,,
1732,毛寶,2026/06,1618.0,1214.0,21862,706542,194691,209872,201799,17E,17E2,1122644.0,2026,-17.00823723228995,-5.516589293351267,7.389563953677635,13.468137927322772,0.29704108177574723,0.2755547440916464,0.2856150094403447,1.8745424900430547,,
1733,五鼎,2026/06,87077.0,12628.0,189381,2550654,537960,737658,690927,17G,17G3,2928535.0,2026,-13.996911624960406,0.3552450874748451,11.374559547698418,14.751860354839884,0.289203474873503,0.21091061351324014,0.27088229136527336,1.4190329225367297,,
1734,杏輝,2026/06,74173.0,148067.0,194445,6844162,3210786,1476846,3123119,17C,17C1B,6209932.0,2026,-0.3132230679354617,0.008617877337973031,11.214168963436867,15.738906584082288,0.21578185905009262,0.4691277032893143,0.45631868444960827,1.3636513863932502,,
1735,日勝化,2026/06,30267.0,12331.0,28573,3100370,1230775,438020,1558832,17F,17F,2181567.0,2026,-1.3171681128862218,-0.1876790419128015,10.317846327814411,14.947032017171862,0.14127991175246826,0.39697681244496624,0.5027890219554441,1.2064363285672355,,
1736,喬山,2026/06,656732.0,592068.0,3238387,47072497,6148210,3373815,33350541,15C,15C3,38076073.0,2026,-4.469620043643635,0.5526186430325462,13.395032822172793,17.66719946062124,0.07167274342807861,0.13061151185585076,0.7084931355989039,1.517374657222879,,
1737,臺鹽,2026/06,24920.0,82420.0,281404,8378629,4055840,1569373,1669438,12Z,12Z,6380000.0,2026,-2.4142683814608104,-1.7185556498950278,10.123466100507182,15.941194855255086,0.1873066584043762,0.4840696491036899,0.19924954309350612,0.9607106365492493,,
1742,台蠟,2026/06,0.0,358.0,-11207,1446912,525495,285968,174601,17Z,17Z,1417866.0,2026,32.30446927374302,-0.14370062994675983,0.0,14.18494218828398,0.19764021585279548,0.3631838010881104,0.12067147138181175,1.1005969955325547,,
1752,南光,2026/06,82753.0,122575.0,120790,3941061,2124901,363555,1529210,17C,17C1B,3383098.0,2026,0.014562512747297572,0.008617877337973031,11.323627630439628,15.186960534362353,0.09224800123621532,0.5391697819445068,0.3880198758659153,1.2464430263829969,,
1760,寶齡富錦,2026/06,78010.0,82829.0,140483,3223091,1654838,471422,1348727,17C,17C1C,5221505.0,2026,-0.6960605585000422,0.008617877337973031,11.264605121369573,14.985851394963058,0.14626394352501992,0.5134319819080504,0.41845762344283793,2.0384878987282704,,
1762,中化生,2026/06,84394.0,16862.0,199509,4359295,1981338,329956,1156203,17C,17C1A,2853658.0,2026,-10.831870477997866,0.008617877337973031,11.343263437123028,15.287820905003102,0.07569022055171765,0.45450881392518744,0.26522706079767483,0.9198416257674693,,
1773,勝一,2026/06,175818.0,1025166.0,1172483,18670756,11583011,374172,7082545,17Z,17Z,51000000.0,2026,-0.14370062994675983,-0.14370062994675983,12.077210335753914,16.742469007467243,0.020040538262082158,0.6203825383396366,0.37933895124546646,3.1108834050426237,,
1776,展宇,2026/06,11021.0,9651.0,2976,1459727,268326,382160,510745,17F,17F,1229188.0,2026,0.6916381722101337,-0.1876790419128015,9.307648554443182,14.193759989899032,0.26180237811590795,0.18381930319847478,0.34989076724620427,1.1919578112893712,,
1777,生泰,2026/06,21208.0,27656.0,82860,3164752,1294137,1113053,587805,17C,17C1A,3174950.0,2026,-1.996094879953717,0.008617877337973031,9.962180898875346,14.967585253460326,0.3517030718362766,0.4089220893137914,0.1857349327846226,1.1889573021835518,,
1780,立弘,2026/06,13877.0,19908.0,116847,2557239,558836,1162597,1041385,17C,17C2,2765051.0,2026,-4.869349005424954,0.008617877337973031,9.538060131459494,14.754438718814255,0.45462977844464286,0.21853100159977226,0.4072302197800049,1.488494426997242,,
1781,合世,2026/06,10151.0,4235.0,-23258,655773,113300,222113,352541,17G,17G1,559414.0,2026,6.49185360094451,0.3552450874748451,9.225426009394223,13.393569971456385,0.3387040942521269,0.17277320048248404,0.5375960888905155,1.3906565229126542,,
1783,和康生,2026/06,84318.0,27487.0,155439,2032933,450458,745765,534022,17G,17G4,3498222.0,2026,-4.655000545712519,0.3552450874748451,11.34236250412232,14.524990135845083,0.3668418978884203,0.22158034721262335,0.2626854893889764,1.9834613339446012,,
1784,訊聯,2026/06,69988.0,18368.0,55019,3080342,639069,197071,879324,17H,17H1,3596292.0,2026,-1.9953723867595818,-0.7823743533806006,11.156093365826122,14.940551187746427,0.06397698697092725,0.20746689815611383,0.2854631076679148,1.4529607426707813,,
1785,光洋科,2026/06,249495.0,410868.0,153167,39799306,7313484,4537051,22875760,99L,99L1,86119110.0,2026,0.6272111724446781,-0.6044886985805259,12.427198161981067,17.49936003291671,0.11399824408998488,0.18375908363829258,0.5747778617044227,2.738612326556649,,
1786,科妍,2026/06,43695.0,14153.0,116393,2508045,1094151,677803,721032,17G,17G4,4018264.0,2026,-7.223910125061824,0.3552450874748451,10.685011843713486,14.735014123157715,0.2702515305746109,0.4362565264977303,0.28748766469501147,1.8896375463757629,,
1788,杏昌,2026/06,0.0,43693.0,79265,5294452,1329595,436848,2342108,17G,17G2,5787730.0,2026,-0.8141349872977365,0.3552450874748451,0.0,15.482170037799651,0.08251052233545605,0.2511298619762725,0.4423702396395321,1.5355390888424336,,
1789,神隆,2026/06,171994.0,100955.0,436678,12360013,3383829,3498583,1898599,17C,17C1A,16328760.0,2026,-3.3254717448368085,0.008617877337973031,12.055220685605615,16.3299770617732,0.2830565793094231,0.2737722848673379,0.15360817177134037,1.4747038696480335,,
1795,美時,2026/06,525607.0,256403.0,676410,108585630,6884193,6325432,84280268,17C,17C1B,51106371.0,2026,-1.6380736574845067,0.008617877337973031,13.172310966736857,18.503049636266997,0.058252938257115604,0.06339874806638779,0.7761641020087097,1.246819114094563,,
1796,金穎生技,2026/06,16216.0,20494.0,41699,1266217,574780,281970,482307,17C,17C2,1320501.0,2026,-1.0346930809017274,0.008617877337973031,9.693815353719375,14.051544273001088,0.2226869486035964,0.45393483107555815,0.3809039050968357,1.423774913778602,,
1799,易威,2026/06,133251.0,4372.0,107634,1291921,211969,360948,568453,17C,17C1B,3890328.0,2026,-23.61893870082342,0.008617877337973031,11.799997351296314,14.071640815944386,0.27938860038655616,0.16407272580908586,0.4400060065592246,3.451279915722401,,
1802,台玻,2026/06,393877.0,4533769.0,1206679,93700647,44482083,6113993,39138830,18,18,217522963.0,2026,0.7338463869685464,1.78027219241344,12.88379649566021,18.355615652200818,0.06525027516618961,0.4747254626747668,0.4177007443715944,2.7391677775714824,,
1806,冠軍,2026/06,12745.0,64958.0,-82125,7952700,3048670,1357737,2690236,18,18,3166176.0,2026,2.264278456849041,1.78027219241344,9.452972775874239,15.88902205161331,0.17072654570145987,0.3833503087001899,0.3382795780049543,0.7364054975039923,,
1808,潤隆,2026/06,0.0,1070.0,8642271,52198821,227684,9640184,38393687,25A,25A,26790960.0,2026,-8075.888785046729,10.140183271179907,0.0,17.770570466390897,0.1846820256725722,0.004361860970001602,0.7355278579951068,1.2487762319382654,,
1809,中釉,2026/06,35806.0,45125.0,-13369,4551241,1933394,582248,1247356,18,18,9053676.0,2026,1.2962659279778392,1.78027219241344,10.485898684001407,15.330910500991111,0.12793170038677362,0.42480589360132764,0.2740694241416792,2.2633457555862235,,
1810,和成,2026/06,51122.0,47917.0,-76198,10763418,3136456,656325,2169698,18,18,6454190.0,2026,2.590208068117787,1.78027219241344,10.841989772775502,16.19166372024786,0.060977377260643416,0.29139962788772117,0.2015807617989007,0.8012220653327781,,
1813,寶利徠,2026/06,622.0,2636.0,-2891,968250,227599,107350,304440,17G,17G4,559632.0,2026,2.0967374810318664,0.3552450874748451,6.434546518787453,13.783245597376999,0.11087012651691196,0.2350622256648593,0.3144229279628195,0.8924058869093726,,
1815,富喬,2026/06,167065.0,1965980.0,989377,21463574,11777078,1802286,7764340,23B,23B3B,64988169.0,2026,0.4967512385680424,0.8732908111863595,12.026144222904994,16.881867823704653,0.08396951970813435,0.548700696351875,0.36174497313448356,3.389580365320333,,
1817,凱撒衛,2026/06,19975.0,18711.0,171374,3155398,776091,375060,793090,18,18,2795100.0,2026,-8.158997381219603,1.78027219241344,9.902286831959609,14.964625194971227,0.11886297703174052,0.24595661149560213,0.2513438875222714,1.137159242669229,,
1903,士紙,2026/06,1453.0,158543.0,-2905,10595433,2557066,179873,5087588,19A,19A,12260839.0,2026,1.0183231047728376,-0.30806275750671797,7.282073658093465,16.175933617183567,0.01697646523742824,0.24133662116498683,0.4801680120104577,1.6373495070942359,,
1904,正隆,2026/06,52336.0,2171788.0,2840835,76590661,42363165,8653102,45131674,19A,19A,23717085.0,2026,-0.30806275750671797,-0.30806275750671797,10.865458856902256,18.153985708218034,0.11297855230678842,0.5531113643215587,0.5892581864517399,0.8989184595234136,,
1905,華紙,2026/06,62524.0,971147.0,11838,42120634,15831963,1630178,22477599,19B,19B,18307061.0,2026,0.9878102903062049,0.9878102903062049,11.04332175574582,17.556048297348482,0.03870259882602907,0.37587190639153245,0.533648163985376,0.9682821963221161,,
1907,永豐餘,2026/06,290468.0,1877381.0,1812608,193665624,48497868,11212283,84832937,19A,19A,44996054.0,2026,0.03450178733032879,-0.30806275750671797,12.579252137015368,19.081643642312585,0.057895060405764115,0.25042063221297345,0.438038177596247,0.6703770566943775,,
1909,榮成,2026/06,714609.0,229813.0,1338104,69616191,48765462,1253281,48794799,19A,19A,12679401.0,2026,-4.822577486913273,-0.30806275750671797,13.479492218316242,18.05850772756099,0.018002722958514062,0.700490235094879,0.7009116456831141,0.8830445779488281,,
2002,中鋼,2026/06,1116625.0,7410635.0,10615408,685877064,382377366,20979537,350818539,20A,20A3,295815387.0,2026,-0.43245592314288855,-0.04400234055002926,13.925822196559544,20.346208962633582,0.030587897017066604,0.5575013163000301,0.5114889495707061,0.9427840059687431,,
2006,東和鋼鐵,2026/06,0.0,957619.0,3663449,53355877,18174642,1226676,19087824,20A,20A2,49216424.0,2026,-2.825580946075631,-0.04400234055002926,0.0,17.792494688970155,0.022990457077483706,0.34063055509330303,0.3577454832201521,1.2801635328756755,,
2007,燁興,2026/06,0.0,207884.0,15970,12033549,5591741,101996,8109316,20A,20A1,3831307.0,2026,0.9231783109811241,-0.04400234055002926,0.0,16.303209056912067,0.010873449336980059,0.46467928954292703,0.6738922989385758,0.9922777561299663,,
2008,高興昌,2026/06,0.0,15264.0,-77826,8737587,1453472,333274,4615877,20A,20A7,5820986.0,2026,6.098663522012578,-0.04400234055002926,0.0,15.983144622556177,0.038142567278586184,0.16634707042115862,0.528278230591581,1.1944788647025775,,
2009,第一銅,2026/06,,109930.0,-142509,11180919,1117548,140136,2416457,20A,20A4,13755542.0,2026,2.2963613208405347,-0.04400234055002926,0.0,16.229719222670745,0.01253349568134784,0.09995135462478531,0.21612329004440511,1.4463926444686703,,
2010,春源,2026/06,0.0,65214.0,1656027,23666192,6557360,1042557,10729455,20A,20A3,15349424.0,2026,-24.39373447419266,-0.04400234055002926,0.0,16.97955808979832,0.044052587758943225,0.2770771064478814,0.45336634638982054,1.101946565801545,,
2012,春雨,2026/06,40792.0,147945.0,185975,11477844,2813758,974297,7045046,20A,20A1,5046122.0,2026,-0.2570549866504444,-0.04400234055002926,10.616265777045221,16.255929126340103,0.08488501847559524,0.24514691086583856,0.6137952388967823,1.053435470982181,,
2013,中鋼構,2026/06,9793.0,258967.0,-1226680,15861673,1909168,777650,10345199,20A,20A2,8720000.0,2026,5.736819749234458,-0.04400234055002926,9.189525232262262,16.57941625410588,0.049026984732316696,0.12036359594602662,0.6522136094975606,1.2019664634367384,,
2014,中鴻,2026/06,0.0,109622.0,1536219,26382656,8929387,2021804,14097410,20A,20A3,24763134.0,2026,-13.01378372954334,-0.04400234055002926,0.0,17.08821738252042,0.07663383095318378,0.33845671186403675,0.5343438507480066,1.4729579917958222,,
2015,豐興,2026/06,24422.0,540067.0,1758990,26211679,9637872,2572457,4143635,20A,20A2,35303059.0,2026,-2.2569847815178488,-0.04400234055002926,10.103280590242088,17.081715632767132,0.09814163373509953,0.3676938054979233,0.15808353978392609,1.5049281657996805,,
2017,官田鋼,2026/06,1304.0,1101901.0,-226816,17117414,4649634,305887,8662799,20A,20A1,4053156.0,2026,1.2058406335959402,-0.04400234055002926,7.173958319756794,16.655606865866588,0.01786993058647761,0.27163180139242993,0.5060810587393633,0.742866591881227,,
2020,美亞,2026/06,0.0,102749.0,126878,9388800,1127236,690993,5119108,20A,20A7,5741167.0,2026,-0.2348344022812874,-0.04400234055002926,0.0,16.055028047490744,0.07359758435582822,0.120061775732788,0.5452355998636673,1.1567266317314246,,
2022,聚亨,2026/06,913.0,236774.0,27426,11292102,3690336,1053093,4498337,20A,20A1,2613052.0,2026,0.8841680252054702,-0.04400234055002926,6.81783057145415,16.239614101258397,0.09325925323735121,0.3268068248055145,0.39836135026056263,0.6297666280378976,,
2023,燁輝,2026/06,88116.0,537910.0,-2531448,101717563,43315122,7139535,70103290,20A,20A3,24856740.0,2026,5.706080942908665,-0.04400234055002926,11.38642075585196,18.437710540307485,0.07018979603355224,0.4258371978495002,0.689195532535517,0.9335657206022523,,
2024,志聯,2026/06,0.0,9830.0,50749,1647717,888224,117478,506867,20A,20A1,1345500.0,2026,-4.16266531027467,-0.04400234055002926,0.0,14.314901251404448,0.07129743760609376,0.5390634435403653,0.3076177523203317,1.1242021536465303,,
2025,千興,2026/06,0.0,51418.0,31171,2693978,469406,62560,607648,20A,20A6,2356823.0,2026,0.393772608814034,-0.04400234055002926,0.0,14.80652946962363,0.023222164397779046,0.17424269982902607,0.22555789245494953,1.1004065363562732,,
2027,大成鋼,2026/06,0.0,4047138.0,12480568,165520267,47915679,13651310,72291289,20A,20A6,104274931.0,2026,-2.0838009477314587,-0.04400234055002926,0.0,18.924604204498376,0.08247515695464652,0.28948526889459403,0.43675188730815667,1.0667347461444103,,
2028,威致,2026/06,1092.0,205825.0,644056,8577332,4110845,190238,3791194,20A,20A2,5211440.0,2026,-2.1291436900279366,-0.04400234055002926,6.996681488176539,15.964633467396437,0.022179157808045673,0.4792684951451104,0.4420015454689174,1.0495844162263976,,
2029,盛餘,2026/06,42800.0,193013.0,259260,11735649,2582037,2563337,1442548,20A,20A3,6648426.0,2026,-0.3432255858413682,-0.04400234055002926,10.664316745782925,16.278141690382242,0.21842311405189435,0.2200165495747189,0.1229201725443561,0.6894355821309925,,
2030,彰源,2026/06,0.0,398125.0,-37204,13202565,5276496,1650984,7876579,20A,20A7,5091547.0,2026,1.0934480376766091,-0.04400234055002926,0.0,16.395921686861087,0.12505024591812272,0.39965688485532924,0.5965946011248572,0.9822429202204269,,
2031,新光鋼,2026/06,0.0,502322.0,-360837,31180449,6329846,1242911,18482054,20A,20A3,12155376.0,2026,1.7183380381508275,-0.04400234055002926,0.0,17.255301821746798,0.03986186985312495,0.2030068906320111,0.5927449601511511,0.9825846317992406,,
2032,新鋼,2026/06,0.0,905.0,-51795,2363446,500174,214878,556501,20A,20A6,2153613.0,2026,58.232044198895025,-0.04400234055002926,0.0,14.67563128148245,0.09091724541199588,0.21162912120691565,0.2354616944918564,1.1466790440737804,,
2033,佳大,2026/06,0.0,70587.0,51368,1260923,545710,56469,192089,20A,20A1,1303224.0,2026,0.27227393146046724,-0.04400234055002926,0.0,14.047354550433965,0.04478386071155812,0.43278614158041373,0.1523399922120542,1.1858876394514177,,
2034,允強,2026/06,0.0,284903.0,-1381589,23939122,10489853,917111,14936949,20A,20A7,10632820.0,2026,5.8493311758738935,-0.04400234055002926,0.0,16.99102458240067,0.03831013518373815,0.4381887105132761,0.623955590351225,1.0681164079451202,,
2035,唐榮,2026/06,4093.0,101200.0,-1261817,18641745,3459706,31551,16177553,20A,20A6,9590000.0,2026,13.46854743083004,-0.04400234055002926,8.317277766221235,16.740913978719856,0.010873449336980059,0.18558917097085065,0.867813233149579,1.3822500522349168,,
2038,海光,2026/06,1623.0,160990.0,970504,9081994,4227732,593421,5086034,20A,20A2,2562569.0,2026,-5.028349586930865,-0.04400234055002926,7.392647520721623,16.02180432999238,0.06534038670362477,0.46550702411827183,0.5600129222723557,0.8421722146039735,,
2049,上銀,2026/06,539681.0,977185.0,3311305,57022858,29595025,9362188,17785292,15A,15A2,114982400.0,2026,-2.3886162804381974,-2.2784211804366263,13.198735356188402,17.85896276295664,0.16418307198842963,0.5190028356698642,0.31189759026108443,2.328324055591882,,
2059,川湖,2026/06,349238.0,483040.0,5773574,47110680,4110261,29384179,13356842,20B,20B,701385920.0,2026,-10.952579496522027,-4.399302720874156,12.763511780560204,17.668010284874747,0.623726488346167,0.08724690452356026,0.2835204671212557,15.171565386022872,,
2061,風青,2026/06,0.0,5079.0,-31768,1310702,159107,77924,632112,16,16,3672192.0,2026,7.254774561921638,2.6933058680270574,0.0,14.086073429508662,0.059452110395803164,0.12139067461558768,0.48226980656167456,3.283968438287269,,
2062,橋椿,2026/06,27486.0,107193.0,338824,11672804,4353564,1081462,4009597,99B,99B,3799886.0,2026,-2.1608780424094856,-2.3641251140379764,10.221468444611173,16.272772249608884,0.09264800471249239,0.3729664269185022,0.34349904273214904,0.6690323079184745,,
2063,世鎧,2026/06,11985.0,8545.0,8921,2052020,421720,345964,1090329,20A,20A1,1159234.0,2026,-0.04400234055002926,-0.04400234055002926,9.391494581018131,14.534335231813994,0.16859679730217053,0.205514566134833,0.5313442364109512,1.0962675802380093,,
2064,晉椿,2026/06,1609.0,10714.0,-6855,2416404,912190,288744,1487509,20A,20A1,946355.0,2026,1.6398170617883143,-0.04400234055002926,7.383989457978509,14.697791042600427,0.11949326354367895,0.37749896126641075,0.6155878735509459,1.0072256129355852,,
2065,世豐,2026/06,6011.0,30992.0,77185,3543466,1188789,251784,1734359,20A,20A1,2083358.0,2026,-1.4904814145585958,-0.04400234055002926,8.701512750872865,15.080615902153255,0.07105585322393386,0.33548762708602253,0.48945269970136585,1.077396255530602,,
2066,世德,2026/06,12368.0,57720.0,168761,3761955,704747,766351,1604572,15D,15D,2978150.0,2026,-1.9237872487872487,0.030322615797322407,9.42294862137501,15.140449327049083,0.2037108365198414,0.18733530837024898,0.4265261014552274,1.2181756560086445,,
2067,嘉鋼,2026/06,6046.0,10463.0,-19230,1930279,748786,76595,1706016,15A,15A2,296105.0,2026,2.8379049985663767,-2.2784211804366263,8.707317560273212,14.47317511001883,0.03968079225852843,0.3879159437573532,0.8825156228721158,1.037218453912621,,
2069,運錩,2026/06,81157.0,418519.0,-114454,10483969,4877087,250044,6086134,20A,20A6,3069840.0,2026,1.2734738446761078,-0.04400234055002926,11.304153150954992,16.165357886534377,0.023850127752190035,0.4651947177638545,0.5805181224782332,0.8733308921459039,,
2070,精湛,2026/06,17086.0,40391.0,98804,1732296,405557,463810,549941,15H,15H,2578011.0,2026,-1.4461885073407443,-1.4461885073407443,9.746073219448274,14.364958254195498,0.26774292615118894,0.23411530131109234,0.3174636436267243,1.8056683153456454,,
2072,世紀風電,2026/06,0.0,6281025.0,947517,34256452,15449206,8641734,10105255,20A,20A9,29376000.0,2026,0.8491461186669373,-0.04400234055002926,0.0,17.34938548449335,0.252265879723913,0.4509867513424916,0.2949883718255469,1.1525202610007599,,
2073,雄順,2026/06,1339.0,21793.0,-100864,817491,414852,47011,423670,20A,20A1,756250.0,2026,5.628275134217409,-0.04400234055002926,7.200424892944957,13.613995172518631,0.057506443496014026,0.5074698070070496,0.5182564701018115,1.4433431071412406,,
2101,南港,2026/06,44337.0,249169.0,5250681,45834727,7043472,2365639,30798560,21A,21A,23045559.0,2026,-20.072769887104737,0.2912186074033614,10.699597376153898,17.640552593213226,0.05161237242669734,0.15367108000883262,0.671948149707535,1.1747450573884732,,
2102,泰豐,2026/06,9394.0,1076.0,-140816,12047647,2803,2673909,2438120,21A,21A,8567255.0,2026,131.86988847583643,0.2912186074033614,9.147932911847565,16.304379929123783,0.22194450086394463,0.0008501028267625401,0.20237312730029358,0.9134875050704921,,
2103,台橡,2026/06,203251.0,1512220.0,301119,48018538,14258645,7116962,24134929,21C,21C,17092197.0,2026,0.800876195262594,-0.008752720272996672,12.222201867460045,17.687097702646255,0.14821280064794976,0.29694042330068443,0.5026169059957636,0.8585668726523911,,
2104,國際中橡,2026/06,84638.0,630575.0,1146626,48204714,16546941,13477791,24069644,21C,21C,10093524.0,2026,-0.8183816358085874,-0.008752720272996672,11.34615043227753,17.690967375068514,0.27959487530617855,0.3432639596202147,0.4993213734241842,0.7087101066505653,,
2105,正新,2026/06,1820629.0,1462865.0,8350559,148480417,53288802,29744923,60790351,21A,21A,97080409.0,2026,-4.708359281273392,0.2912186074033614,14.41469315300171,18.815963635457273,0.20032892957190443,0.3588944796673086,0.4094166236076775,1.0632429729773725,,
2106,建大,2026/06,850112.0,615153.0,436009,47729450,15919159,8923675,27883417,21A,21A,16089897.0,2026,0.2912186074033614,0.2912186074033614,13.653124560807075,17.68105916576463,0.1869637089888947,0.3335290685310642,0.5841973247125203,0.9213035976739727,,
2107,厚生,2026/06,5004.0,7727.0,24656,17400297,731714,1209638,2280468,21B,21B2,7756801.0,2026,-2.1908890902031835,-10.467806051089356,8.518192691749322,16.671997833004603,0.06951823868293742,0.04205181095472106,0.13105914226636475,0.6053234953580162,,
2108,南帝,2026/06,59555.0,135551.0,592931,19199060,2742256,8499589,2372632,21C,21C,13516847.0,2026,-3.3742281502902967,-0.008752720272996672,10.994672325375442,16.77037187746618,0.4427086013586082,0.1428328261904489,0.12358063363518838,0.8276175500258867,,
2109,華豐,2026/06,9914.0,1230196.0,299031,8748023,4001326,2074685,3761880,21A,21A,4064528.0,2026,0.7569240998995282,0.2912186074033614,9.201804040953895,15.984338289947722,0.23716044185069016,0.45739774575352626,0.4300263042289669,0.8946487680702256,,
2114,鑫永銓,2026/06,4380.0,11607.0,229177,3973980,1338079,624938,948876,21B,21B1,6917890.0,2026,-18.74472301197553,-10.467806051089356,8.385032287813898,15.195278669368603,0.15725745977584185,0.3367100488678856,0.23877221324717285,1.9795685937020318,,
2115,六暉-KY,2026/06,31314.0,123615.0,-17406,5085601,2031515,874262,1788920,15D,15D,2150084.0,2026,1.1408081543502002,0.030322615797322407,10.351852494959513,15.44192377123795,0.17190927876567588,0.39946409480413425,0.35176176817646526,0.7745405115344283,,
2201,裕隆,2026/06,130224.0,394646.0,2605031,368555679,54381426,10847529,273423522,22A,22A,29104027.0,2026,-5.600930960911804,1.1459614332163668,11.777019002613391,19.725102354516263,0.029432537925972373,0.1475528097886127,0.7418784666183369,0.8208462553632229,,
2204,中華,2026/06,815240.0,757510.0,757747,55474518,9833073,4036931,13323620,22A,22A,30670548.0,2026,-0.0003128671568692162,1.1459614332163668,13.611239054032211,17.831434338146718,0.07277090717579555,0.17725386996602657,0.24017549823506354,0.7930518296706968,,
2206,三陽工業,2026/06,741332.0,962630.0,1819984,97644816,22626562,7646550,55699422,22B,22B2,47271604.0,2026,-0.8906371087541423,0.4189409826786738,13.516205196044112,18.396847126320164,0.07830984084193471,0.23172312598755881,0.570428869465021,1.0545467769635615,,
2207,和泰車,2026/06,157486.0,11598674.0,24821984,554762767,81145348,23944771,430396951,22X,22X,259331447.0,2026,-1.1400708391321284,-0.6491572338220557,11.967098194158698,20.134051133482416,0.043162181069732825,0.14627035703713692,0.7758216243088282,1.2432853086551858,,
2208,台船,2026/06,134435.0,1052094.0,-7903899,53344948,14052512,1347398,45805019,22B,22B1,24598603.0,2026,8.512540704537807,0.4189409826786738,11.808843528346724,17.79228983582046,0.025258211892905023,0.2634272321345219,0.8586571121973912,1.3197804973022,,
2211,長榮鋼,2026/06,0.0,243646.0,1194267,41801045,4880004,3416111,10701084,20A,20A2,39164845.0,2026,-3.9016482930152763,-0.04400234055002926,0.0,17.54843189718249,0.08172310046315828,0.11674358858731881,0.256000394248517,1.1929349852378093,,
2221,大甲,2026/06,6477.0,21127.0,31513,1852737,418923,388234,671904,20A,20A7,2035833.0,2026,-0.4915984285511431,-0.04400234055002926,8.776167099731275,14.432174563192039,0.20954620110679498,0.22611034377788106,0.36265481824997287,1.461479422065841,,
2227,裕日車,2026/06,121728.0,30347.0,-785420,22643465,522128,4830072,4904920,22X,22X,14850000.0,2026,26.881306224668005,-0.6491572338220557,11.709552541468067,16.935381847291833,0.2133097562585938,0.023058661737503514,0.21661525742637003,0.8724336138484106,,
2228,劍麟,2026/06,74685.0,56616.0,52000,6942373,1852131,502854,1991731,15D,15D,6877036.0,2026,0.08153172248127738,0.030322615797322407,11.221047937224279,15.753154204873697,0.072432581769951,0.2667864431945676,0.28689484128841825,1.2774835060000378,,
2230,泰茂,2026/06,3687.0,14445.0,100820,1940724,431564,312636,862310,15D,15D,1738167.0,2026,-5.979577708549671,0.030322615797322407,8.212839584676484,14.47857165729554,0.16109245827845692,0.22237268153534454,0.44432387088529846,1.3399519972958545,,
2231,為升,2026/06,206864.0,386108.0,46083,10680626,3328310,950327,6296832,15D,15D,13729132.0,2026,0.8806473836335947,0.030322615797322407,12.239821685576548,16.183942004010785,0.08897671353720278,0.3116212476684419,0.5895564548370105,1.874980361637979,,
2233,宇隆,2026/06,116308.0,78659.0,279153,7388490,2173464,1112971,3234260,15D,15D,12781268.0,2026,-2.5489009522114445,0.030322615797322407,11.664005721583116,15.815433941870216,0.1506357862025935,0.29416890325357414,0.43774303003726067,2.1676320872059107,,
2235,謚源,2026/06,6505.0,21787.0,38107,1438190,547856,57553,242095,15D,15D,1078134.0,2026,-0.7490705466562629,0.030322615797322407,8.780480107033297,14.178895936490493,0.0400176610878952,0.3809343688942351,0.16833311314916666,0.917979543732052,,
2237,華德動能-創,2026/06,47564.0,8396.0,-554380,4587849,293829,77886,3101191,22A,22A,4883097.0,2026,67.02906145783706,1.1459614332163668,10.769852475640558,15.338921844745586,0.016976583143865458,0.06404504594636833,0.6759575129870229,1.7403118542044431,,
2241,艾姆勒,2026/06,29002.0,12152.0,-14612,2296366,1309353,166632,796810,15D,15D,4748931.0,2026,2.2024358130348913,0.030322615797322407,10.275154551894069,14.646838431383047,0.07256334573844064,0.5701848050354342,0.3469873704801412,2.4150074509028614,,
2247,汎德永業,2026/06,0.0,952829.0,4185896,21615255,7122816,5126439,8884411,22X,22X,18805663.0,2026,-3.3931240547884247,-0.6491572338220557,0.0,16.888909873377223,0.23716763924367304,0.32952727136459875,0.41102503764123993,1.281043133657225,,
2250,IKKA-KY,2026/06,16508.0,21606.0,135749,3634637,642783,1374622,1619025,15D,15D,2270611.0,2026,-5.282930667407202,0.030322615797322407,9.711660965727868,15.106019801514753,0.37820062911371893,0.17684929746767009,0.4454433826541688,1.0701580377902937,,
2254,巨鎧精密-創,2026/06,31485.0,2808.0,-50482,2192019,1268282,144883,1225001,15D,15D,,2026,18.97792022792023,0.030322615797322407,10.357298281574574,14.60033359489569,0.0660956862143987,0.5785907877623323,0.5588459771562199,,,
2258,鴻華先進-創,2026/06,1575247.0,1275850.0,-2388799,21363318,6067947,2645912,9967393,22A,22A,,2026,2.8723196300505545,1.1459614332163668,14.269923278163755,16.877185897071364,0.12385304567389765,0.28403579443979626,0.466565774099323,,,
2301,光寶科,2026/06,5128074.0,6667452.0,-4238093,239164413,31018566,75190014,142552447,23D,23D3,514175976.0,2026,1.6356390717173517,0.38009350736292824,15.450240903060713,19.292661793889028,0.31438629625888365,0.12969557473418925,0.5960437224412647,2.7459286888137493,,
2302,麗正,2026/06,2651.0,11124.0,75187,2796026,533226,527032,958796,23D,23D1,7957599.0,2026,-5.758989572096368,0.38009350736292824,7.883069351305753,14.843709681291172,0.18849324004855464,0.19070852703086452,0.34291383556519145,3.188952820896515,,
2303,聯電,2026/06,9322501.0,21348637.0,55678697,665972883,259212411,124706465,222048583,23G,23G1A,2068914033.0,2026,-1.6080679998446739,-0.6891083048626756,15.628457479489317,20.31675951145952,0.18725456874195281,0.3892236720395116,0.33341985637574373,3.440023872563592,,
2305,全友,2026/06,51649.0,3679.0,44730,3464447,351658,564163,847099,23C,23C2,7917949.0,2026,-11.158195161728731,0.8643247076616943,10.852245474547784,15.058063581909755,0.16284359379722074,0.101504800044567,0.2445120390065139,2.5299991600391056,,
2308,台達電,2026/06,29438966.0,27450617.0,63100603,754433332,158397548,182350204,404208440,23D,23D3,5065208850.0,2026,-1.2986952533708076,0.38009350736292824,15.628457479489317,20.441477471764514,0.24170486147078135,0.2099556598063989,0.5357775470079575,7.249702601952375,,
2312,金寶,2026/06,962802.0,1695539.0,2843482,144272249,24096325,27480134,105682397,23A,23A1,52934248.0,2026,-0.677037213535047,4.400151586482101,13.777604100798124,18.787212690626955,0.1904741500217412,0.16701981959122297,0.732520618015735,1.0994258847382354,,
2313,華通,2026/06,1865340.0,4728542.0,834351,100923381,39421646,11951079,52344953,23B,23B2B,286863383.0,2026,0.823550049888528,0.8732908111863595,14.438954436169581,18.42987218295955,0.11841734671968629,0.3906096447561542,0.5186603191583524,3.3610480806226657,,
2314,台揚,2026/06,253587.0,3050.0,-36541,3080396,354447,64372,3051149,23K,23K2,2911244.0,2026,12.980655737704918,2.4156930292402516,12.44346618181366,14.940568718113731,0.02089731320258824,0.11506540068224995,0.8825156228721158,1.93559302115702,,
2316,楠梓電,2026/06,32734.0,511274.0,-297255,21197449,2988165,809324,6764283,23B,23B2B,39654797.0,2026,1.5814005797282866,0.8732908111863595,10.396200120875191,16.869391402213303,0.03818025461460009,0.14096814196840385,0.3191083511982975,2.189842749474241,,
2317,鴻海,2026/06,57065956.0,80886319.0,-69122283,5622576474,576855286,963002077,3502988890,23A,23A1,3532429424.0,2026,1.8545608683218728,4.400151586482101,15.628457479489317,20.476036177768147,0.17127416255752648,0.10259625434487243,0.6230220088954899,1.2512801464832508,,
2321,東訊,2026/06,34709.0,4695.0,-68816,1219449,71913,98262,766718,23K,23KX,420781.0,2026,15.657294994675187,2.4156930292402516,10.454783108855832,14.01390967534541,0.08057901560458863,0.05897171591431868,0.6287413413763101,0.9737996422974639,,
2323,中環,2026/06,29285.0,30034.0,-2032916,32085726,2875033,2241967,11678179,23C,23C4A,12581969.0,2026,68.6871545581674,0.8643247076616943,10.284864865115203,17.283921816306737,0.0698742799212335,0.08960473576318641,0.3639680461024943,0.7561040694544359,,
2324,仁寶,2026/06,9749093.0,8924351.0,-13657905,521782740,37859643,82928768,368220677,23A,23A1,155572289.0,2026,2.5304087658587164,4.400151586482101,15.628457479489317,20.07276185231223,0.158933520874991,0.0725582509685928,0.7056973118735204,1.003852611146164,,
2327,國巨*,2026/06,1800554.0,2943267.0,16478788,507342236,62413839,147495485,328393749,23D,23D5,2346953340.0,2026,-4.598808398966183,0.38009350736292824,14.403605508674772,20.044696355527037,0.2907218727990941,0.12302117697135706,0.6472824963068914,5.273259151639013,,
2328,廣宇,2026/06,264760.0,396135.0,59665,25222126,4231174,4858327,7963368,23D,23D2,25632210.0,2026,0.8493821550733966,0.38009350736292824,12.486582811231317,17.043232183124207,0.19262162912040007,0.16775643734394158,0.3157294511969372,1.3319883502286842,,
2329,華泰,2026/06,227091.0,1476707.0,644556,26654758,8961961,3029326,10245168,23G,23G2,35385508.0,2026,0.5635180167765169,-0.6891083048626756,12.333110500700826,17.098478229225734,0.11365047846241935,0.3362236865928402,0.38436544799994055,1.7119148483734123,,
2330,台積電,2026/06,140902823.0,846764746.0,1482341242,9375654727,4302880478,3134218213,2901183746,23G,23G1A,62497011700.0,2026,-0.7505939506839129,-0.6891083048626756,15.628457479489317,20.476036177768147,0.3342932631653,0.45894186627932976,0.3094379891833233,6.975320374977797,,
2331,精英,2026/06,336674.0,76863.0,-405083,21540346,1984117,3608606,10715286,23A,23A3,11956294.0,2026,6.270195022312426,4.400151586482101,12.726873352318243,16.885438292701853,0.16752776394585306,0.09211165874494309,0.49745189794072947,1.0525169837104753,,
2332,友訊,2026/06,232600.0,24511.0,-115299,15876746,2265739,2970958,5199813,23K,23K4,11019711.0,2026,5.703969646281261,2.4156930292402516,12.357079818283598,16.580366080947172,0.18712637967502913,0.1427080209005044,0.3275112545102126,1.0215899404071842,,
2337,旺宏,2026/06,3281365.0,683393.0,10033607,96446487,37118207,22294578,34502007,23G,23G1B,308178764.0,2026,-13.682045323847332,-0.6891083048626756,15.003770357078142,18.38449887363557,0.23116008362233037,0.384858050869183,0.3577321276616327,3.553066385922382,,
2338,光罩,2026/06,97016.0,296371.0,791155,18364967,8521115,1556253,12096297,23G,23G6,18635929.0,2026,-1.6694750835945487,-0.6891083048626756,11.482641499861636,16.72595544033802,0.08474031017861344,0.4639874931438755,0.6586615156999738,1.6734158030341137,,
2340,台亞,2026/06,165130.0,478907.0,-220091,14990617,7216323,2809774,8234978,23C,23C6B,16470294.0,2026,1.4595693944753365,0.8643247076616943,12.014494377273495,16.52293503000555,0.1874355138284168,0.48138932506914156,0.5493421651690521,1.6480490429446633,,
2342,茂矽,2026/06,107088.0,171324.0,36486,3074831,851076,682266,752105,23G,23G1A,8913085.0,2026,0.7870350914057576,-0.6891083048626756,11.581415543411271,14.938760498362841,0.22188731673383025,0.27678789500951434,0.24460043495073389,3.143323974553398,,
2344,華邦電,2026/06,11735294.0,8088053.0,35672052,293034319,103647372,43014862,119491802,23G,23G1B,933750000.0,2026,-3.41046219652616,-0.6891083048626756,15.628457479489317,19.495800289815026,0.14679120912114052,0.3537038677029498,0.40777408737575205,3.5942609234108174,,
2345,智邦,2026/06,4500605.0,3650760.0,-15452605,199340809,10904540,27677100,130217930,23K,23K4,1399989410.0,2026,5.232709079753257,2.4156930292402516,15.319722612340474,19.110526525888044,0.13884312067781365,0.05470299862182259,0.6532427085715299,7.676337563173028,,
2347,聯強,2026/06,0.0,23382.0,-43661025,301354687,14468360,16190283,211935622,23T,23T1,151949972.0,2026,1868.2921478060046,2.778077807780778,0.0,19.523798491115663,0.053725008099840835,0.04801106677328699,0.7032763422723868,1.2074993676803174,,
2348,海悅,2026/06,0.0,155.0,-2119879,50245287,37360,4732721,40380312,25A,25A,10936728.0,2026,13677.63870967742,10.140183271179907,0.0,17.73242730946003,0.09419233688524856,0.0008501028267625401,0.8036636749631861,1.0213304185126855,,
2349,錸德,2026/06,98143.0,449657.0,43953,18462208,6157694,2632290,8483844,23C,23C4A,9121892.0,2026,0.9022521610916765,0.8643247076616943,11.494191066913977,16.731236389853777,0.142577204200061,0.33352966232424636,0.4595248845641865,0.9536094490973127,,
2351,順德,2026/06,162175.0,392551.0,375089,14685632,5246561,1320250,6115629,23G,23G4,41168475.0,2026,0.044483391966903665,-0.6891083048626756,11.996437444240756,16.502380158801486,0.0899007955530957,0.3572581009792428,0.4164362146620588,3.219752748809176,,
2352,佳世達,2026/06,3728572.0,2101495.0,-2254983,230548811,43614257,25078195,159329681,23C,23C1,53895289.0,2026,2.0730375280455107,0.8643247076616943,15.131536144693458,19.255973159370985,0.10877607605618925,0.18917580537858422,0.6910887126631071,0.9248582505159829,,
2353,宏碁,2026/06,1545211.0,1015344.0,-19557346,308682307,14709658,31107363,208887724,23A,23A3,100883967.0,2026,20.261793047479475,4.400151586482101,14.250671675729095,19.547823173284982,0.1007746874199693,0.047653064870996964,0.6767077971851493,1.003529142990369,,
2354,鴻準,2026/06,660137.0,1170285.0,2610356,178687064,3347907,19708661,64840480,23D,23D4,78221021.0,2026,-1.2305301700013245,0.38009350736292824,13.400204183055243,19.001146588029837,0.11029707780077465,0.018736146450982035,0.3628717073777652,0.8006259535385282,,
2355,敬鵬,2026/06,156135.0,575622.0,481905,25509742,6278192,3284288,7987076,23B,23B2B,21544229.0,2026,0.16280996904218392,0.8732908111863595,11.958482701311038,17.054570976385943,0.1287464216611834,0.24610958433056673,0.31309905055096204,1.15764812517508,,
2356,英業達,2026/06,7608305.0,7361206.0,-25399083,475331025,47935505,53919523,397367413,23A,23A1,238925835.0,2026,4.450396986580731,4.400151586482101,15.628457479489317,19.97952201401738,0.11343573249821007,0.10084657318549742,0.8359803844068457,1.3386318471427359,,
2357,華碩,2026/06,15112492.0,667428.0,-77332235,868541957,21227956,86156490,538556270,23A,23A3,519932000.0,2026,116.8660334897547,4.400151586482101,15.628457479489317,20.476036177768147,0.09919669315411092,0.02444091022766791,0.620069376798109,1.2186956098886539,,
2359,所羅門,2026/06,87851.0,30241.0,285057,11276337,468490,2392595,4309178,23T,23T2,22376966.0,2026,-8.426176383056116,2.778077807780778,11.383408859434644,16.23821701725412,0.21217838736107303,0.04154629291409081,0.38214342121914235,2.366561410855316,,
2360,致茂,2026/06,1744862.0,921146.0,5353931,63701308,11772406,9393875,29991536,23H,23H2,918531360.0,2026,-4.812250175325084,-1.06809951238677,14.372186600507938,17.96971565408354,0.14746753708730753,0.18480634651960365,0.47081507337337564,14.890163574035245,,
2362,藍天,2026/06,340747.0,31387.0,-2800329,110070258,2345702,8578975,63148663,23A,23A2,25917254.0,2026,90.21939019339217,4.400151586482101,12.73889848013583,18.51662942895976,0.07794090025663426,0.021310952137497487,0.5737123192715693,0.8091733281846218,,
2363,矽統,2026/06,289648.0,140.0,466656,52079509,1196887,2488111,3088848,23G,23G5A,35534172.0,2026,-3332.2571428571428,-0.6891083048626756,12.576425124076207,17.768282128016768,0.047775239202043934,0.02298191789788187,0.06423362732568252,0.7416164388185764,,
2364,倫飛,2026/06,65257.0,8505.0,116918,1962164,270579,634935,1093699,23A,23A5B,3510063.0,2026,-12.74697236919459,4.400151586482101,11.086103923033502,14.48955850378948,0.32358915972365204,0.13789825926884808,0.5573942850852426,2.3462676922010597,,
2365,昆盈,2026/06,4054.0,3570.0,37626,3627219,633320,1269949,506322,23C,23C3,7465494.0,2026,-9.539495798319328,0.8643247076616943,8.307705966549513,15.103976796921947,0.3501164390680574,0.17460208495820076,0.13958958640214444,2.197776312927342,,
2367,燿華,2026/06,101768.0,2080258.0,-408151,28033564,16171510,628022,15713674,23B,23B2B,39973920.0,2026,1.1962021057003507,0.8732908111863595,11.53046081805929,17.148913064540857,0.02240250294254416,0.5768624353293074,0.5605307266675047,1.9864614431472216,,
2368,金像電,2026/06,770328.0,3832835.0,9003395,97062481,21225119,24152829,54869555,23B,23B2B,627519600.0,2026,-1.349017111354911,0.8732908111863595,13.55457297530214,18.390865463123,0.2488379521228187,0.21867480391316188,0.5653013856095436,7.030411215225376,,
2369,菱生,2026/06,61655.0,283108.0,-6683,7766034,3145273,1247355,2672239,23G,23G2,14899998.0,2026,1.0236058324031818,-0.6891083048626756,11.029325827457829,15.865270167322368,0.160616731783559,0.40500376382591163,0.3440931368572427,2.2627041035359876,,
2371,大同,2026/06,567313.0,1070213.0,-1624661,142908918,31957404,19076781,86730462,15B,15B1,58717796.0,2026,2.518072570600432,-1.4472893873213875,13.248668221310878,18.77771804823066,0.13348908708412444,0.22362078201445762,0.6068932800960679,1.0177689400741248,,
2373,震旦行,2026/06,0.0,47200.0,292407,17773780,3427808,2386365,9076812,23T,23T1,13865116.0,2026,-5.195063559322034,2.778077807780778,0.0,16.693234895573706,0.13426322369242782,0.1928575688457942,0.5106855154052767,1.290773712738652,,
2374,佳能,2026/06,412189.0,152651.0,-18493,14837656,4020214,2386609,5621780,23U,23UZ,25349400.0,2026,1.1211456197470047,0.6287322940719774,12.929239687076286,16.51267883174538,0.16084811509311175,0.2709467047894897,0.37888599115655464,2.0873364364290423,,
2375,凱美,2026/06,27016.0,262840.0,217304,14954395,2103413,1909283,4320518,23D,23D5,22984763.0,2026,0.17324608126616953,0.38009350736292824,10.204221576482523,16.520515794530446,0.12767370395124644,0.14065517194109156,0.2889129249294271,1.825903421703118,,
2376,技嘉,2026/06,2285802.0,1823667.0,-79384238,271256869,8510265,33085558,201983297,23A,23A3,230441816.0,2026,44.53000739718381,4.400151586482101,14.642227942895557,19.418576786000614,0.12197131863230347,0.03137345436218244,0.7446200265623504,1.5941535954247117,,
2377,微星,2026/06,2756819.0,971939.0,-136262,128612378,9550058,16428636,70554073,23A,23A3,123348976.0,2026,1.1401960411095757,4.400151586482101,14.829588399517647,18.672313617079883,0.12773759614335098,0.0742545791354546,0.5485791810800668,1.5076546442520486,,
2379,瑞昱,2026/06,20186569.0,1631862.0,10935109,147269310,11630705,6629743,96827154,23G,23G5B,415503478.0,2026,-5.701001065041039,-0.6891083048626756,15.628457479489317,18.80777350941942,0.04501781803690124,0.07897575536953354,0.6574835856839419,3.4788689646199877,,
2380,虹光,2026/06,188911.0,46650.0,-165892,2523955,406876,377381,1931926,23C,23C2,1161000.0,2026,4.5560986066452305,0.8643247076616943,12.149036577146891,14.7413376736412,0.14951970221339128,0.16120572672650663,0.7654359923215747,1.2254283455925323,,
2382,廣達,2026/06,19162041.0,21595496.0,45928980,2062526949,89722570,268997147,1806710619,23A,23A1,1421446736.0,2026,-1.1267851407534237,4.400151586482101,15.628457479489317,20.476036177768147,0.13042115504499038,0.04350128372552964,0.8759694606055788,1.5651467519322095,,
2383,台光電,2026/06,1671024.0,10679228.0,5044825,158577444,42065798,22567762,100265367,23B,23B3A,1931350190.0,2026,0.5276039616346799,0.8732908111863595,14.328947768566751,18.881753637630958,0.1423138211257838,0.2652697441636151,0.6322801305840192,12.811503992963841,,
2385,群光,2026/06,1684823.0,260258.0,536576,110233627,17382933,29741277,57363231,23C,23C3,79634984.0,2026,-1.0617079974486856,0.8643247076616943,14.337171665274633,18.518112553326326,0.2698022174304398,0.15769174500626745,0.5203786953322329,1.2427987604907529,,
2387,精元,2026/06,362032.0,453883.0,438250,20105864,4071083,4165312,8572633,23C,23C3,7849090.0,2026,0.03444279693224906,0.8643247076616943,12.799490646874062,16.81652207177462,0.20716901298049167,0.20248237031743574,0.42637476310393824,0.8167628608250806,,
2388,威盛,2026/06,1178057.0,350294.0,311956,39543039,2639465,12711506,15340641,23G,23G5C,40751575.0,2026,0.10944520888168224,-0.6891083048626756,13.979377877974827,17.49290023163034,0.3214600172738367,0.06674916917741198,0.3879479521035295,1.4185104994079996,,
2390,云辰,2026/06,21325.0,10621.0,-56617,2727709,219864,306856,371359,23C,23C9,2349952.0,2026,6.330665662367009,0.8643247076616943,9.967682264578125,14.818972620701423,0.1124958710771567,0.08060390606182698,0.1361431882946458,0.997654441877781,,
2392,正崴,2026/06,1015153.0,2036503.0,2856242,123505715,33921017,28213049,91137012,23D,23D2,19468426.0,2026,-0.4025228541278849,0.38009350736292824,13.830550883087012,18.63179798826528,0.22843516998383434,0.2746513956864263,0.7379173668198269,0.8955491492843064,,
2393,億光,2026/06,381323.0,492241.0,-566782,31458456,5302970,4971205,11669578,23C,23C6C,30150724.0,2026,2.151431920542986,0.8643247076616943,12.851404686429765,17.2641783761955,0.15802444341197164,0.16857057447447515,0.37095202638044283,1.329381899734685,,
2395,研華,2026/06,3168493.0,1287277.0,2666312,93203810,15349688,12749178,37749561,23A,23A5B,427570632.0,2026,-1.0712806956078607,4.400151586482101,14.968766954103392,18.35029915864859,0.13678816348816641,0.16468949069785882,0.40502165093894765,4.992501840858222,,
2397,友通,2026/06,339863.0,160961.0,-580293,14680102,2251445,2676131,8986440,23A,23A5B,6502975.0,2026,4.605177651729301,4.400151586482101,12.736300816571005,16.502003529355388,0.1822964854058916,0.15336712238102979,0.612151059985823,1.0551299302961246,,
2399,映泰,2026/06,75343.0,770.0,-117584,3688951,129864,914752,857970,23A,23A3,8655660.0,2026,153.7064935064935,4.400151586482101,11.229819572483336,15.120852693758149,0.24797076458863238,0.03520350365185116,0.23257831291334582,2.5789526616103062,,
2401,凌陽,2026/06,1132986.0,46591.0,-356118,14958608,1752224,4527161,4150475,23G,23G5C,18795841.0,2026,8.643493378549506,-0.6891083048626756,13.940368065981387,16.520797478053016,0.3026458745359194,0.11713817221495476,0.27746398595377325,1.5339873870616838,,
2402,毅嘉,2026/06,183538.0,608399.0,66714,16768203,4336307,3157204,9491436,23B,23B2C,19928398.0,2026,0.8903449874177966,0.8732908111863595,12.120182457954543,16.634994972422753,0.18828517283575347,0.258602964193599,0.5660377561030243,1.7545013022564195,,
2404,漢唐,2026/06,19195.0,1287431.0,12163976,100479417,2618953,41202242,82304131,23H,23H1,251574840.0,2026,-8.448254702582119,-1.06809951238677,9.862457202978137,18.425463458517648,0.4100565392412657,0.026064572010802967,0.8191143366208027,3.3228593573547505,,
2405,輔信,2026/06,92700.0,3039.0,-278000,4576017,1088368,618196,1026769,23A,23A5B,6009973.0,2026,92.47745969068772,4.400151586482101,11.437134538982278,15.336339527069835,0.13509477783845647,0.2378417737521517,0.2243805038311702,1.5377438501648923,,
2406,國碩,2026/06,194510.0,449008.0,-666825,17425086,6527324,1171466,8640440,23C,23C7B,14667871.0,2026,2.4851071695827245,0.8643247076616943,12.178243995711371,16.673421450036273,0.0672287069343589,0.37459350272360203,0.49586211511380773,1.337629610551133,,
2408,南亞科,2026/06,5338808.0,6855338.0,87407707,387758196,89804071,217602535,65059683,23G,23G1B,1561218215.0,2026,-11.750313259535854,-0.6891083048626756,15.490513152352797,19.775892497128286,0.5611810072481357,0.2315981246209429,0.16778415948685713,4.194051640368164,,
2409,友達,2026/06,8879892.0,5550174.0,6877414,377676390,152101891,53791751,210774202,23C,23C8A,246790137.0,2026,-0.23913484514179195,0.8643247076616943,15.628457479489317,19.749548275800343,0.14242815390180996,0.4027307372854311,0.5580814887581402,1.211524869214091,,
2412,中華電,2026/06,2258741.0,9847432.0,31741601,553627387,280290197,42222351,171548938,23K,23K3,1097678751.0,2026,-2.2233379220084992,2.4156930292402516,14.630318579100344,20.132002431781093,0.07626492473357356,0.5062795005840273,0.30986353281688356,2.2925666590984597,,
2413,環科,2026/06,63090.0,1618.0,203580,4690106,840042,899533,2428550,23D,23D3,6075024.0,2026,-124.82200247218789,0.38009350736292824,11.052333407611723,15.360965741446375,0.19179374623942402,0.1791093847345881,0.5178027959282797,1.8130878065442444,,
2414,精技,2026/06,75679.0,26295.0,-5862698,18036691,1358756,588486,13722890,23T,23T1,9752681.0,2026,223.95866134246054,2.778077807780778,11.23426920372576,16.707918630053577,0.032627159826600124,0.07533288672517592,0.7608319064733104,1.3015453333430174,,
2415,錩新,2026/06,17356.0,133400.0,52626,10904972,485689,893332,7801364,23U,23U2,3375000.0,2026,0.6055022488755623,0.6287322940719774,9.761751162220882,16.204729389985044,0.0819196968135269,0.04453830784709947,0.7153951426927093,1.024886996500312,,
2417,圓剛,2026/06,321033.0,38337.0,200639,5941584,1383900,1972168,2102613,23A,23A4B,6925497.0,2026,-4.233560268148264,4.400151586482101,12.679302315506247,15.597486322456259,0.33192630113451227,0.23291768659670553,0.35388088428944203,1.5194786440787507,,
2419,仲琦,2026/06,215610.0,7895.0,125891,11803297,949701,3578608,5790077,23K,23K4,9077205.0,2026,-14.945661811272958,2.4156930292402516,12.281231137123646,16.28388945718875,0.30318715186104356,0.08046065434090154,0.4905474292479466,1.259587215334834,,
2420,新巨,2026/06,33481.0,49020.0,386428,6067751,1492939,1005661,2154621,23D,23D3,9265794.0,2026,-6.883068135454916,0.38009350736292824,10.41876325997573,15.618498583671228,0.16573867319209373,0.24604486901324724,0.3550938395461514,1.8821495806271549,,
2421,建準,2026/06,633401.0,692598.0,675589,21135532,3621394,6538992,10612980,23D,23D9B,40746048.0,2026,0.024558257459594165,0.38009350736292824,13.358860570644053,16.866466163182672,0.309383837605791,0.17134151153611843,0.502139241160336,2.4299851075430703,,
2423,固緯,2026/06,141534.0,29739.0,347513,4329873,764044,815627,1339908,23H,23H2,10399870.0,2026,-10.685429906856317,-1.06809951238677,11.860302315302826,15.281048769294491,0.18837203770179864,0.17645875525679391,0.30945665149994006,2.7113446514482065,,
2424,隴華,2026/06,20057.0,500.0,-23796,380289,168702,56567,108896,23K,23K5,595850.0,2026,48.592,2.4156930292402516,9.906383355648154,12.953599103928836,0.14874740000368142,0.44361525050685136,0.2863506438524385,1.8531853406225265,,
2425,承啟,2026/06,72813.0,448.0,79069,6659666,21582,994995,3637298,23A,23A4A,4361755.0,2026,-175.49330357142858,4.400151586482101,11.195663523388331,15.711579891108862,0.14940614138907266,0.0032407030622857063,0.5461682312596458,1.20111924531951,,
2426,鼎元,2026/06,66079.0,49866.0,160568,4744116,1523274,500274,908978,23C,23C6B,22877334.0,2026,-2.219989572053102,0.8643247076616943,11.098621408194859,15.372415671300047,0.10545146872462646,0.32108700546108065,0.19160113285594196,5.013855479081878,,
2427,三商電,2026/06,128045.0,13099.0,494317,7045640,1337907,1122452,3558128,23X,23X1,4386121.0,2026,-36.7370028246431,-2.9683442828733075,11.760144853342027,15.767919543759417,0.1593115742501746,0.18989147898558542,0.5050113261534793,1.127541146013705,,
2428,興勤,2026/06,211233.0,207706.0,370328,18680965,4000428,3180691,6761920,23D,23D5,40355595.0,2026,-0.7829431985595023,0.38009350736292824,12.260721802706058,16.74301564895957,0.1702637417285456,0.21414461190843193,0.36196845291450414,2.522220613335553,,
2429,銘旺科,2026/06,21378.0,44567.0,-118390,1850632,498579,135175,1128720,23C,23CZ2,3838950.0,2026,3.656449839567393,0.8643247076616943,9.970164410800407,14.43103776033675,0.07304261463110981,0.26941012583809204,0.6099105602842705,2.6843100086889238,,
2430,燦坤,2026/06,0.0,12398.0,831892,13495022,2880752,1158367,9174009,23T,23T1,2137440.0,2026,-66.09888691724471,2.778077807780778,0.0,16.417831434666333,0.08583661441974678,0.21346775129377335,0.679806894720142,0.8381941874566785,,
2431,聯昌,2026/06,11554.0,908.0,-100781,1198571,1498,396301,119919,23D,23D3,1286753.0,2026,111.99229074889868,0.38009350736292824,9.35487352270848,13.996640571819478,0.33064457591581975,0.001249821662629915,0.10005164483372282,1.1736242575533697,,
2432,倚天酷碁-創,2026/06,67461.0,28296.0,-42706,1960822,42068,656794,797354,23C,23C3,,2026,2.509259259259259,0.8643247076616943,11.119319755374512,14.488874331043338,0.3349585020975897,0.021454267648975785,0.40664272432683846,,,
2433,互盛電,2026/06,0.0,535511.0,652007,7463968,2589610,538876,3403207,23T,23T1,6473421.0,2026,-0.21754174984267363,2.778077807780778,0.0,15.825597734254682,0.07219698691098354,0.34694816483671953,0.4559514456653619,1.3232409356524573,,
2434,統懋,2026/06,1993.0,47112.0,-18147,674199,459644,26578,225704,23D,23D1,1607650.0,2026,1.3851884870096791,0.38009350736292824,7.597897950521784,13.421280598541603,0.03942159510767592,0.6817630996189552,0.3347735609219236,2.7193069108675627,,
2436,偉詮電,2026/06,255069.0,18782.0,250523,7179202,192538,1488124,2369006,23G,23G5D,14455802.0,2026,-12.338462357576402,-0.6891083048626756,12.449293296273563,15.786698792786389,0.2072826478486049,0.02681885814050085,0.3299818002056496,2.343548489093913,,
2438,翔耀,2026/06,6283.0,17542.0,-96580,1783250,654166,91565,1173602,23C,23C8C,1559192.0,2026,6.505643598221411,0.8643247076616943,8.745761999375512,14.393948100140285,0.05134725921772045,0.36683919809336885,0.658125332959484,1.5324794616570867,,
2439,美律,2026/06,1191419.0,435042.0,151411,40825822,5060718,7333386,22225310,23U,23U2,22878779.0,2026,0.6519623392683925,0.6287322940719774,13.990656431009134,17.524825331339475,0.17962616894768219,0.12395875335957718,0.544393447852685,1.1047931625234637,,
2440,太空梭,2026/06,3480.0,531.0,-114999,3217043,205078,412156,1409856,23D,23D2,2323254.0,2026,217.57062146892656,0.38009350736292824,8.15507488781144,14.983973172622353,0.1281164100075753,0.06374736054196353,0.43824592956948355,1.1604165688801797,,
2441,超豐,2026/06,184382.0,1623427.0,2793077,33662283,12409190,7061176,6174721,23G,23G2,77647479.0,2026,-0.7204820420012726,-0.6891083048626756,12.124770394965418,17.331888569738844,0.2097652140824792,0.36863780154186215,0.18343143868168418,2.4900925466047563,,
2442,新美齊,2026/06,0.0,14822.0,3992349,22673900,456521,3234247,15109737,25A,25A,6293239.0,2026,-268.3529213331534,10.140183271179907,0.0,16.936725041212124,0.14264184811611588,0.020134207172123015,0.6663933862282183,0.9439477108040523,,
2444,兆勁,2026/06,28836.0,92114.0,-126810,1724083,521463,376363,1051781,23K,23KX,1310253.0,2026,2.376663699329092,2.4156930292402516,10.2694145637968,14.360205872898405,0.21829749495818937,0.3024581763174975,0.6100524162699824,1.3700233689445345,,
2449,京元電子,2026/06,622319.0,13883540.0,6373084,128748650,70057450,13321324,66076165,23G,23G2,412676438.0,2026,0.5409611669646214,-0.6891083048626756,13.341209708880656,18.673372612016255,0.10346767907857675,0.5441412395392107,0.5132183133570721,3.718505809575479,,
2450,神腦,2026/06,0.0,11765.0,54116,10762952,761274,1678988,4539381,23T,23T1,7450599.0,2026,-3.5997450063748406,2.778077807780778,0.0,16.191620424513363,0.15599697926739803,0.07073096674592622,0.4217598480416897,1.1140047823310928,,
2451,創見,2026/06,141393.0,7397.0,16852695,53943484,1481004,18155376,15470982,23G,23G3B,114953709.0,2026,-2277.314857374611,-0.6891083048626756,11.859305598729602,17.803447463875496,0.3365629109161729,0.02745473392115348,0.2867998292435097,2.4178025097526143,,
2453,凌群,2026/06,86351.0,15589.0,-417190,4555141,335205,327829,2426560,23X,23X1,5590000.0,2026,27.7618192315094,-2.9683442828733075,11.366187244858423,15.331767043191611,0.07196901259478027,0.07358828189950652,0.5327079886220866,1.7598928331746482,,
2454,聯發科,2026/06,77705854.0,10815091.0,6593980,787448372,66685378,189000660,354806672,23G,23G5C,6808534275.0,2026,0.39029824159593296,-0.6891083048626756,15.628457479489317,20.476036177768147,0.24001657342940066,0.08468539700022391,0.4505776945082058,9.096902351586804,,
2455,全新,2026/06,187921.0,447984.0,634003,5716733,2425220,1649873,2023624,23G,23G3A,64883101.0,2026,-0.41523581199328546,-0.6891083048626756,12.143782262102894,15.558908046339335,0.28860417304778796,0.424231812120664,0.35398259810279753,11.703664488091363,,
2457,飛宏,2026/06,412423.0,245580.0,-456347,13424583,4608877,2866340,4556995,23D,23D3,12445820.0,2026,2.8582417134945843,0.38009350736292824,12.92980722535791,16.412598136424272,0.21351426707257873,0.343316213248486,0.3394515121996713,1.2665432512875818,,
2458,義隆,2026/06,1126424.0,835909.0,1396514,16841099,5182040,3285347,5329832,23G,23G5A,57433320.0,2026,-0.6706531452586346,-0.6891083048626756,13.93455945874189,16.63933282593169,0.19507913349360395,0.3077020092334829,0.31647768355259953,3.726784813746419,,
2459,敦吉,2026/06,58800.0,79213.0,344722,9717270,1251454,1074145,3369255,23T,23T2,6779263.0,2026,-3.351836188504412,2.778077807780778,10.981914140544825,16.089415272789356,0.1105397915258092,0.12878658306293847,0.3467285564772822,1.0443795428139797,,
2460,建通,2026/06,7315.0,83476.0,-90444,5203216,1805754,406466,3573667,23D,23D2,6277320.0,2026,2.083473094062964,0.38009350736292824,8.897819009510757,15.464787453921597,0.0781182253437105,0.34704575016681993,0.6868188827832633,1.8932496748164982,,
2461,光群雷,2026/06,106209.0,52367.0,516378,8666251,2483265,1524453,4409174,13A,13A8,3310068.0,2026,-8.860752000305537,0.7975761201212441,11.573173545315585,15.974946844628994,0.17590685984054696,0.286544320029503,0.5087752477974616,0.8907244897476428,,
2462,良得電,2026/06,66262.0,28145.0,-231244,6270558,1020701,696737,2558374,23D,23D2,3588659.0,2026,9.216166281755196,0.38009350736292824,11.101386951013678,15.651375903864576,0.1111124400731163,0.16277674171899853,0.40799782092757936,0.9803007961970849,,
2464,盟立,2026/06,222947.0,24205.0,-493507,12920342,2491022,1568411,7151245,23H,23H1,37508130.0,2026,21.38863871101012,-1.06809951238677,12.31469383939417,16.374313526556627,0.12139082696108199,0.19279845688295247,0.5534872838505358,3.4565164761118554,,
2465,麗臺,2026/06,21008.0,3783.0,98196,2375431,187820,678758,1012098,23A,23A4A,6688955.0,2026,-24.957176843774782,4.400151586482101,9.952706196323627,14.680689452670732,0.285740987635507,0.07906775654607522,0.42606920596725395,3.2419603010990428,,
2466,冠西電,2026/06,4604.0,33143.0,-178694,4646745,597688,80455,2709563,23C,23C6C,11257489.0,2026,6.391606070663489,0.8643247076616943,8.434897948689407,15.351677532449145,0.017314270527003312,0.12862509132737002,0.5831098973582584,3.0057711365697926,,
2467,志聖,2026/06,347499.0,2187957.0,1778152,29161787,5024794,2643642,12831780,23H,23H2,100793400.0,2026,0.18730029886327748,-1.06809951238677,12.758519943986984,17.188369745805907,0.09065432101263204,0.17230747896210888,0.4400203595204917,3.896372331366387,,
2468,華經,2026/06,,393.0,-60509,2588000,206979,314270,1339672,23X,23X1,2462627.0,2026,154.96692111959288,-2.9683442828733075,0.0,14.766395934602928,0.12143353941267387,0.07997642967542504,0.5176476043276661,1.469203632148377,,
2472,立隆電,2026/06,130528.0,635896.0,872192,19796874,6452145,4430309,5203312,23D,23D5,74707323.0,2026,-0.3715953552153182,0.38009350736292824,11.779350703279407,16.801034604412717,0.2237883112252975,0.32591736452936965,0.26283503142970954,4.036527938703858,,
2474,可成,2026/06,696362.0,539782.0,-1102803,228984651,14457821,12412717,87370822,23D,23D4,112613589.0,2026,3.0430525656653984,0.38009350736292824,13.453626355079866,19.249165533071285,0.0542076376988255,0.06313882147498175,0.38155754815199383,0.8733529087065316,,
2476,鉅祥,2026/06,96267.0,253401.0,1080032,13598103,3287414,3484831,3758973,23D,23D9A,28479100.0,2026,-3.2621457689590807,0.38009350736292824,11.474891247652295,16.425440855683185,0.25627331988881097,0.2417553389616184,0.2764336319558691,2.3707772326772343,,
2477,美隆電,2026/06,57196.0,79137.0,256794,8677779,1550140,2730586,4287632,23U,23U2,3377605.0,2026,-2.244929678911255,0.6287322940719774,10.95425672844002,15.976276178318756,0.3146641554250229,0.17863326549339412,0.49409324667060545,0.8833178397375642,,
2478,大毅,2026/06,43103.0,351514.0,269631,10556368,4105806,1822198,3159386,23D,23D5,32636841.0,2026,0.2329437803330735,0.38009350736292824,10.67137107921009,16.17223983768773,0.17261599822969415,0.3889411585499861,0.29928721696704774,3.3909605083869754,,
2480,敦陽科,2026/06,46762.0,14412.0,867116,9472340,748500,1594408,6196679,23X,23X1,16592160.0,2026,-59.16625034693311,-2.9683442828733075,10.752847570927493,16.063886530731974,0.16832250531547643,0.07901954532882055,0.654186716270742,2.405829921645549,,
2481,強茂,2026/06,456205.0,284554.0,642015,31480782,6612855,2548825,15033289,23D,23D1,69735988.0,2026,-1.2562149890706158,0.38009350736292824,13.030699740872196,17.264887822373936,0.08096447540597944,0.210060061405082,0.4775386138756019,2.692730981079187,,
2482,連宇,2026/06,42355.0,33960.0,2318,1376146,224802,545126,270122,23C,23C3,1292858.0,2026,0.9317432273262662,0.8643247076616943,10.653865366550345,14.134797396497888,0.39612512044506903,0.1633562136575625,0.19628876587222577,1.1357661178392409,,
2483,百容,2026/06,41081.0,108607.0,40708,4457637,2348607,502757,1715019,23D,23D9A,6160519.0,2026,0.6251806973767805,0.38009350736292824,10.623325348349118,15.3101293629639,0.11278554085942843,0.5268726457537929,0.3847372498029786,1.7667517565921138,,
2484,希華,2026/06,55938.0,36457.0,62063,5087481,1356435,1376649,979142,23D,23D6,11573965.0,2026,-0.7023616863702444,0.38009350736292824,10.932017090300137,15.44229337408228,0.27059540861184544,0.26662212595978246,0.19246106275384617,2.4674503944093353,,
2485,兆赫,2026/06,88607.0,30640.0,-324935,6709842,1441704,1204840,1195938,23K,23K2,17695277.0,2026,11.60492819843342,2.4156930292402516,11.391977425970689,15.719085961725773,0.17956309552445499,0.2148640757859872,0.17823638768245215,2.8154485604877135,,
2486,一詮,2026/06,106909.0,1518142.0,-268251,15115892,7179147,1202790,8706500,23D,23D9C,57355196.0,2026,1.1766969097752384,0.38009350736292824,11.579742638007545,16.531257198678706,0.07957122212834015,0.47494034754945325,0.5759832102531561,4.370347181628448,,
2488,漢平,2026/06,53829.0,13757.0,-110945,4212812,352297,885434,1435430,23U,23U2,4343946.0,2026,9.064621647161445,0.6287322940719774,10.893586211555004,15.253640916181956,0.2101764806974534,0.08362514159188685,0.3407296599041211,1.3718570873801157,,
2489,瑞軒,2026/06,405354.0,136552.0,-804358,23444125,2598749,3662763,10069746,23C,23C1,26413000.0,2026,6.890488605073525,0.8643247076616943,12.912518505358896,16.970130488418874,0.15623372593346949,0.11084862412224811,0.4295210847067229,1.556157288873012,,
2491,吉祥全,2026/06,19848.0,493.0,-68422,6314814,7625,130239,1122792,15C,15C4,3292621.0,2026,139.7870182555781,0.5526186430325462,9.895908907012577,15.65840885965125,0.020624360432468795,0.0012074781616687365,0.17780286165198214,0.6992150520981298,,
2492,華新科,2026/06,484593.0,625211.0,2224753,119857069,16855952,8961970,41284268,23D,23D5,274140825.0,2026,-2.5584034829841444,0.38009350736292824,13.091066705942474,18.601810499166202,0.07477214381072508,0.1406337743833866,0.3444458332282429,2.6316770102229015,,
2493,揚博,2026/06,18353.0,39175.0,136700,6320947,1097079,986031,3237107,23H,23H2,37088123.0,2026,-2.4894703254626673,-1.06809951238677,9.817602813378958,15.659379596670036,0.15599418884543725,0.17356244246313093,0.5121237371552079,6.379618433756841,,
2495,普安,2026/06,131655.0,2226.0,-300047,7913166,557056,274559,3378423,23C,23C4B,13759666.0,2026,135.7920035938904,0.8643247076616943,11.787947739275218,15.884038512508535,0.03469647926000794,0.0703960968340611,0.4269369554486788,2.1657689223251477,,
2496,卓越,2026/06,0.0,18153.0,129398,1553389,294795,250154,671198,99Z,99ZX,1228130.0,2026,-6.128188178262546,-3.7872265601243815,0.0,14.255949553701463,0.16103757655036827,0.18977538787773057,0.432086232102841,1.2226995298666334,,
2497,怡利電,2026/06,182501.0,53999.0,-79041,6589689,1709128,953944,3661972,15D,15D,7512971.0,2026,2.463749328691272,0.030322615797322407,12.114516410848745,15.701016712648842,0.14476312918561104,0.2593639851592389,0.5557124167771802,1.695822519090051,,
2498,宏達電,2026/06,469863.0,11756.0,-1473348,38869299,6288307,2195693,12655766,23U,23UZ,37915956.0,2026,126.32732221844165,0.6287322940719774,13.060198570110938,17.475715268191895,0.05648913297870384,0.16178081832656668,0.3255979995934581,1.3010711101324466,,
2501,國建,2026/06,0.0,48177.0,1978927,90936495,3847767,5541288,56530911,25A,25A,28641157.0,2026,-40.07617742906366,10.140183271179907,0.0,18.325671963722627,0.06093579920800774,0.04231268205355836,0.6216526269238769,0.9366104114745131,,
2504,國產,2026/06,12063.0,2362867.0,1855352,50232650,22720735,5707951,23145912,11B,11B,39235000.0,2026,0.2147877980436478,-5.697512464586767,9.397981090247738,17.732175771650954,0.1136302982223713,0.45231010109958364,0.46077425738040895,1.241839958672298,,
2505,國揚,2026/06,0.0,268.0,-532875,23677863,151003,2565090,12759264,25A,25A,6821000.0,2026,1989.339552238806,10.140183271179907,0.0,16.98005111897533,0.1083328339217099,0.006377391405634875,0.538868900457782,0.8269438842517165,,
2506,太設,2026/06,0.0,10201.0,258080,14512860,1986244,561947,4700341,25A,25A,3378510.0,2026,-24.299480443093813,10.140183271179907,0.0,16.490545710882166,0.03872062432904334,0.1368609633111599,0.32387420535993594,0.6053234953580162,,
2509,全坤建,2026/06,0.0,3908.0,-544982,14480591,212495,772735,10336018,25A,25A,2952846.0,2026,140.45291709314228,10.140183271179907,0.0,16.488319759006064,0.05336349876880025,0.014674470123491507,0.7137842647444431,0.9177017705976227,,
2511,太子,2026/06,0.0,93517.0,194564,47429979,5685851,7347133,21559371,25A,25A,13197640.0,2026,-1.0805201193365912,10.140183271179907,0.0,17.674765055095918,0.15490483350203466,0.11987884287277462,0.45455156115502393,0.732806797152493,,
2514,龍邦,2026/06,10621.0,115972.0,146377,37755194,10893119,3223301,17762102,25A,25A,5092004.0,2026,-0.26217535267133446,10.140183271179907,9.270682600982344,17.446633613598728,0.08537371043570853,0.2885197464486608,0.4704545287199425,0.6053234953580162,,
2515,中工,2026/06,16947.0,216809.0,-385782,66153849,3934750,1576945,42810258,25B,25B,20983147.0,2026,2.7793634028107688,2.777226538161771,9.73790511174645,18.007493632773546,0.02383753967210585,0.059478776510796826,0.6471317791350281,0.9643188713025602,,
2516,新建,2026/06,,3721.0,-445892,7444698,635867,1839275,5235515,25B,25B,3122636.0,2026,120.83122816447191,2.777226538161771,0.0,15.823012659140495,0.24705837631022776,0.08541206103995085,0.7032541817008561,1.122698462718031,,
2520,冠德,2026/06,0.0,89317.0,3340643,66945768,8329166,18867886,38493129,25A,25A,20692084.0,2026,-36.40209590559468,10.140183271179907,0.0,18.01939341675178,0.2818383680354522,0.12441661734316051,0.574989728999748,0.884076989003995,,
2524,京城,2026/06,0.0,6989.0,-1462536,40529975,464238,607911,19263964,25A,25A,12955834.0,2026,210.26255544426957,10.140183271179907,0.0,17.51755238177726,0.014999047001632742,0.01145418915259632,0.47530165019840254,0.7949621977314321,,
2528,皇普,2026/06,0.0,23756.0,-171935,21671508,326808,485381,14142938,25A,25A,9155916.0,2026,8.23753998989729,10.140183271179907,0.0,16.891508960385273,0.022397195432823595,0.015080076568737165,0.6526051625018434,1.0750914980166586,,
2530,華建,2026/06,0.0,733.0,-1357050,31018135,114191,2474867,20807039,25A,25A,16236241.0,2026,1852.3642564802183,10.140183271179907,0.0,17.250082591403626,0.07978774352487665,0.0036814270103602297,0.6708023870551856,1.1942458822878939,,
2534,宏盛,2026/06,0.0,2502.0,-483047,32267147,7571,1168209,17944870,25A,25A,7801051.0,2026,194.06434852118306,10.140183271179907,0.0,17.28956014983153,0.036204285430007185,0.0008501028267625401,0.5561343864705485,0.797898896980263,,
2535,達欣工,2026/06,,3755.0,1374349,31048960,845454,6122693,19888726,25B,25B,24804730.0,2026,-365.00505992010653,2.777226538161771,0.0,17.251075871418884,0.19719478526817003,0.027229704312157314,0.6405601347033846,1.4394509832213382,,
2536,宏普,2026/06,0.0,436.0,2984473,38823523,104301,4860417,25169846,25A,25A,7005629.0,2026,-6844.121559633028,10.140183271179907,0.0,17.474536883777,0.12519257976665332,0.002686541352777284,0.6483143222216078,0.8287623717198462,,
2539,櫻花建,2026/06,0.0,469.0,2140940,32563312,45280,6090341,12550682,25A,25A,46411707.0,2026,-4563.904051172708,10.140183271179907,0.0,17.298696813827217,0.1870307602617326,0.0013905219469076118,0.38542400109669434,1.8106999988207588,,
2540,愛山林,2026/06,22053.0,2626.0,-2853879,63209462,1058077,3196192,52436870,25A,25A,51117683.0,2026,1087.7779893373952,10.140183271179907,10.001249270318624,17.961964563100757,0.05056508786611726,0.016739218568258024,0.8295731104308403,1.6382761334054703,,
2542,興富發,2026/06,0.0,332522.0,16701096,271352829,10551765,23093405,210903637,25A,25A,92690266.0,2026,-49.22553695695322,10.140183271179907,0.0,19.41893048406887,0.08510471434959685,0.03888577480060103,0.7772302864032422,1.1188160599571269,,
2543,皇昌,2026/06,0.0,2411110.0,-677642,23189820,9092730,424215,13433811,25B,25B,20375294.0,2026,1.2810498069353948,2.777226538161771,0.0,16.959223947235227,0.018293156221134962,0.39210006804709996,0.5792977694522855,1.4579287376961099,,
2545,皇翔,2026/06,0.0,6026.0,-3175269,64493990,1747743,532573,49845654,25A,25A,14600811.0,2026,527.9281447062729,10.140183271179907,0.0,17.98208259913006,0.010873449336980059,0.02709931576570158,0.772872852183591,0.9992631096323858,,
2546,根基,2026/06,0.0,5394.0,1111445,17108383,64789,7166251,10538457,25B,25B,12269256.0,2026,-205.0520949202818,2.777226538161771,0.0,16.655079135265627,0.41887365977252206,0.0037869739063007882,0.615982059789052,1.333130840009836,,
2547,日勝生,2026/06,1545.0,74222.0,498002,64518184,7235855,2923716,49954238,25A,25A,11386045.0,2026,-5.709627873137345,10.140183271179907,7.343426229147367,17.982457664513944,0.045316154589844004,0.11215218022875535,0.7742660270785054,0.9507441033988185,,
2548,華固,2026/06,0.0,362.0,-3393089,53874564,303970,5047431,33063415,25A,25A,32611338.0,2026,9374.174033149171,10.140183271179907,0.0,17.802169013548014,0.09368857258872666,0.005642180231843733,0.6137110455316167,1.2190308027365195,,
2597,潤弘,2026/06,56907.0,251189.0,-445883,29885109,4700997,1594987,20552501,25B,25B,50802066.0,2026,2.7750896735127735,2.777226538161771,10.949191207771058,17.212870887548547,0.0533706268228769,0.1573023206975755,0.6877171169092942,2.387629471252723,,
2601,益航,2026/06,0.0,486.0,457025,11404924,6102264,183670,3955126,26A,26A1,4495029.0,2026,-939.380658436214,-1.6973625208600394,0.0,16.24955574993445,0.016104447517581003,0.5350552094867094,0.3467910877792785,0.7409216405124663,,
2603,長榮,2026/06,0.0,13853147.0,38779033,968346673,431494940,174746741,384906797,26A,26A2,399450434.0,2026,-1.799294124288149,-1.6973625208600394,0.0,20.476036177768147,0.1804588644463696,0.4455996514793623,0.39748863473401946,0.8099963090387982,,
2605,新興,2026/06,0.0,348689.0,1662042,26436554,11110327,10402444,7105263,26A,26A1,17267914.0,2026,-3.766545546317779,-1.6973625208600394,0.0,17.090258231624652,0.39348713905753374,0.4202638135061022,0.26876661005061403,0.9219498501960581,,
2606,裕民,2026/06,0.0,506721.0,3609488,91349531,44101517,19955710,51034131,26A,26A1,50956877.0,2026,-6.123225601465106,-1.6973625208600394,0.0,18.330203706675494,0.21845443300633913,0.48277770577716483,0.5586687795912165,1.1164918624486424,,
2607,榮運,2026/06,0.0,4627696.0,1254825,48077377,11334323,4766276,16396836,26C,26C,25931551.0,2026,0.7288445481293498,-1.0767254917900697,0.0,17.688322291794567,0.09913760478239068,0.23575169252681985,0.3410509687331736,0.8804221370063512,,
2608,嘉里大榮,2026/06,0.0,314544.0,1158604,25197938,15343139,2359479,12349842,26C,26C,13472950.0,2026,-2.6834401546365534,-1.0767254917900697,0.0,17.042272723736946,0.09363778099620691,0.6089045460783339,0.49011319894508826,1.0247978227424799,,
2609,陽明,2026/06,0.0,7481260.0,23402620,457760267,129678550,127083078,129850099,26A,26A2,181589408.0,2026,-2.1281655763868654,-1.6973625208600394,0.0,19.941856170540984,0.2776192849433129,0.2832892222163965,0.28366397951266487,0.6803550448820408,,
2610,華航,2026/06,,39284258.0,22204454,391026647,144283657,50494819,285684010,26D,26D,145636239.0,2026,0.43477476397797815,-0.8221497815595218,0.0,19.784286266522614,0.12913395899589422,0.3689867637076918,0.7305998509099049,1.1030456678825777,,
2611,志信,2026/06,0.0,2472.0,234267,3793400,145012,725425,841077,26C,26C,2579877.0,2026,-93.76820388349515,-1.0767254917900697,0.0,15.14877327253236,0.19123345811145673,0.038227447672272895,0.22172114725576,0.9018173670058522,,
2612,中航,2026/06,0.0,1892479.0,814473,27853685,21514948,2997808,13980811,26A,26A1,10170478.0,2026,0.5696264000815862,-1.6973625208600394,0.0,17.142475831563036,0.10762698005667831,0.71402272872828,0.5019375712764756,0.8670769774268647,,
2613,中櫃,2026/06,0.0,341934.0,392547,10286246,5147087,733526,7022267,26C,26C,3228200.0,2026,-0.1480197932934426,-1.0767254917900697,0.0,16.146318221033347,0.07131134137760267,0.5003853689674542,0.6826851117501953,0.9965216659216589,,
2614,東森,2026/06,0.0,1923949.0,1027314,23772531,10303852,2751693,16792501,29A,29A9,6054403.0,2026,0.46603886069745093,-3.3184315681370937,0.0,16.98404131242265,0.11575094801643124,0.4334352114211146,0.706382547150743,0.9610631699249861,,
2615,萬海,2026/06,0.0,21489469.0,21530075,434774731,197681376,100813154,145779135,26A,26A2,222246763.0,2026,-0.0018895767038264184,-1.6973625208600394,0.0,19.89033859514716,0.2318744554636962,0.454675402927223,0.33529808566542474,0.8464749024248146,,
2616,山隆,2026/06,0.0,44492.0,-161318,8077262,3525024,839084,5544494,99D,99D1,1832715.0,2026,4.625775420300279,-0.5377452610575324,0.0,15.904563511684646,0.10388223137989086,0.43641323012674343,0.6864323578955344,0.9133304082497262,,
2617,台航,2026/06,0.0,1953774.0,1238039,27765255,21019830,483143,9809994,26A,26A1,12393632.0,2026,0.3663345914112891,-1.6973625208600394,0.0,17.139295976840412,0.017400992715536016,0.71402272872828,0.35331906730192103,0.7996910527203874,,
2618,長榮航,2026/06,,11904205.0,36653932,394085119,155739646,98405681,245838854,26D,26D,242479936.0,2026,-2.079074327097022,-0.8221497815595218,0.0,19.792077482000412,0.24970666552877374,0.39519291262555895,0.6238217129939383,1.239120094763081,,
2630,亞航,2026/06,9918.0,72044.0,-209756,5752327,892180,178821,2367694,22B,22B3,10231046.0,2026,3.9114985286769195,0.4189409826786738,9.202207388745993,15.565115026558509,0.03108672368591007,0.1550989712511128,0.41160629428751183,2.1901988534379218,,
2633,台灣高鐵,2026/06,,18362.0,13556825,385930792,266012,18878407,315876320,26B,26B2,149149765.0,2026,-737.3087354318702,-373.81972839083795,0.0,19.771168616016986,0.048916560666659635,0.0008501028267625401,0.8184791847342412,1.204946831503406,,
2634,漢翔,2026/06,232120.0,555941.0,7279566,49919084,8817975,2988306,31545652,22B,22B3,53309672.0,2026,-12.094134089768518,0.4189409826786738,12.355014066411757,17.72591393249812,0.05986299748609169,0.1766453687331282,0.6319357142050123,1.6998573932165904,,
2636,台驊控股,2026/06,0.0,29124.0,-383674,23780614,845454,7562359,13957455,26C,26C,9942634.0,2026,14.173808542782584,-1.0767254917900697,0.0,16.9843812689104,0.3180052037344368,0.035552235951519164,0.5869257623036983,1.0050240502621168,,
2637,慧洋-KY,2026/06,0.0,441561.0,5357147,84278467,70052233,4243750,34704280,26A,26A1,54189293.0,2026,-11.132292027602075,-1.6973625208600394,0.0,18.249636957366064,0.05035390593898676,0.71402272872828,0.41178110180860317,1.0547602034574264,,
2640,大車隊,2026/06,38908.0,31649.0,358606,4091900,1145621,1299129,2006015,26B,26B1,9452768.0,2026,-10.330721349805682,-373.81972839083795,10.568980865314236,15.22451996782738,0.3174879640264914,0.2799728732373714,0.49024047508492385,2.80035753561915,,
2641,正德,2026/06,0.0,879548.0,760146,14820050,10296888,1490502,5565235,26A,26A1,5929495.0,2026,0.13575381900703543,-1.6973625208600394,0.0,16.511491551645687,0.10057334489424799,0.6947944170228846,0.37552066288575275,0.7756201902152827,,
2642,宅配通,2026/06,0.0,14471.0,81575,3588658,530641,643017,1761261,26C,26C,1971394.0,2026,-4.637136341648815,-1.0767254917900697,0.0,15.093288874421797,0.17918035098357102,0.147866138261155,0.49078541337736836,1.0401255845499906,,
2643,捷迅,2026/06,0.0,68055.0,467196,3184068,306240,749743,1228165,26C,26C,2177000.0,2026,-5.864976856953934,-1.0767254917900697,0.0,14.973670182502277,0.2354670189204502,0.09617885045168634,0.3857219757869493,1.0694385295791422,,
2645,長榮航太,2026/06,58833.0,317508.0,1128018,26445236,5778014,5955421,13031596,22B,22B3,69482921.0,2026,-2.5527230809932346,0.4189409826786738,10.982475198067938,17.090586586624664,0.2251982549900481,0.21848978772584976,0.49277669520514017,3.1202034650021653,,
2646,星宇航空,2026/06,0.0,16251634.0,7676096,154291742,69304401,13530647,123531015,26D,26D,63484309.0,2026,0.5276723558997206,-0.8221497815595218,0.0,18.85435579678259,0.08769521184095518,0.4491776429616045,0.8006327065773876,1.2120890047375317,,
2702,華園,2026/06,0.0,15732.0,162361,6775629,3345396,1499673,3469186,27A,27A1,1957663.0,2026,-9.320429697431985,-2.1087227344526234,0.0,15.728842761748963,0.22133339945265598,0.49373954801834635,0.5120094385333082,0.8009365624947883,,
2704,國賓,2026/06,0.0,337566.0,84798,40904603,2166890,3871546,8330470,27A,27A1,16383112.0,2026,0.7487957910453067,-2.1087227344526234,0.0,17.52675315746785,0.09464817443650535,0.05297423373110356,0.20365605308527257,0.6053234953580162,,
2705,六福,2026/06,,101072.0,188144,16022629,4849898,560559,11081182,27A,27A1,3099271.0,2026,-0.861484882064271,-2.1087227344526234,0.0,16.58951259350614,0.03498545713066189,0.30269052600543894,0.6915957424964405,0.8850266083050415,,
2706,第一店,2026/06,,4079.0,99633,12035103,385673,234363,1759618,27A,27A1,6249975.0,2026,-23.42583966658495,-2.1087227344526234,0.0,16.303338187534102,0.01947328577079897,0.03204567505570995,0.1462071408944319,0.6655192730797568,,
2707,晶華,2026/06,0.0,76846.0,1658355,9630287,1783775,871753,5551629,27A,27A1,22741436.0,2026,-20.580238398875675,-2.1087227344526234,0.0,16.08042358603011,0.0905220166335645,0.18522552858497363,0.5764759658772372,2.9379254221603155,,
2712,遠雄來,2026/06,0.0,6700.0,49230,1621336,1495157,33699,617086,27A,27A1,1601250.0,2026,-6.347761194029851,-2.1087227344526234,0.0,14.29876105869552,0.020784710880409736,0.71402272872828,0.380603403612823,1.3682148549097781,,
2718,全心投控,2026/06,0.0,9258.0,-297905,7434287,316968,1182333,1332568,25A,25A,4501406.0,2026,33.17811622380644,10.140183271179907,0.0,15.82161323549714,0.15903784720713635,0.042635964955348105,0.17924624109884377,0.7847388727392418,,
2722,夏都,2026/06,0.0,36150.0,25286,3936209,1303070,209790,1089202,27A,27A1,3321544.0,2026,0.30052558782849237,-2.1087227344526234,0.0,15.185728635338043,0.05329747480380234,0.3310469540616365,0.2767134570344207,1.120556860674827,,
2727,王品,2026/06,14193.0,614239.0,1737442,18341105,2624140,3154488,13726069,27A,27A2,20486180.0,2026,-1.828609059340094,-2.1087227344526234,9.560574619084928,16.72465527379547,0.1719900736624102,0.14307425861200837,0.7483774287318021,1.8653319415596825,,
2729,瓦城,2026/06,0.0,263382.0,419988,6394677,3078776,278215,4122983,27A,27A2,6908081.0,2026,-0.5945964416702736,-2.1087227344526234,0.0,15.670976483509959,0.04350727957018001,0.4814591886345471,0.6447523463655788,1.7250384968623123,,
2731,雄獅,2026/06,,52914.0,723171,13901384,541622,5971797,9151050,27C,27C,13945061.0,2026,-12.666912348338814,-3.875711439881828,0.0,16.447498961489647,0.4295829105936502,0.038961732155589686,0.6582833766767395,1.6614252940570522,,
2732,六角,2026/06,6760.0,94217.0,319286,5810956,707538,867377,3601056,27A,27A2,3023735.0,2026,-2.388836409565153,-2.1087227344526234,8.818926087090677,15.575255659182078,0.14926580067032,0.12175931120455911,0.619701130072229,1.1400518262399508,,
2734,易飛網,2026/06,0.0,39236.0,73742,1117818,201064,348758,463043,27C,27C,878941.0,2026,-0.8794474462228565,-3.875711439881828,0.0,13.926889128747664,0.3119989121663813,0.17987185749379594,0.41423827492489834,1.2005389070492691,,
2736,富野,2026/06,,8034.0,10984,2297286,1383479,216259,883978,27A,27A1,947668.0,2026,-0.3671894448593478,-2.1087227344526234,0.0,14.647238984151215,0.09413673351946601,0.6022232321095414,0.38479231580221185,0.7973086502943038,,
2739,寒舍,2026/06,0.0,79511.0,780570,11366522,851371,875312,9729632,27A,27A1,3468835.0,2026,-8.817132220699023,-2.1087227344526234,0.0,16.246182926231917,0.07700790092167155,0.07490162778024799,0.855990249260064,1.1611702330756937,,
2743,山富,2026/06,0.0,1969.0,183966,3313279,282939,1187976,2178396,27C,27C,3099153.0,2026,-92.43118334179786,-3.875711439881828,0.0,15.01344889143985,0.3585499440282572,0.08539546473448206,0.6574743630101781,1.5928477499178306,,
2745,五福,2026/06,0.0,13534.0,98387,3035360,108635,1715634,2117091,27C,27C,3600659.0,2026,-6.269617260233486,-3.875711439881828,0.0,14.925840591586372,0.5652159875599599,0.035789823941805916,0.6974760819145011,1.8837139581466449,,
2748,雲品,2026/06,0.0,31379.0,47200,4855688,1735839,1220402,1901777,27A,27A1,4231160.0,2026,-0.5041907007871507,-2.1087227344526234,0.0,15.395661359245464,0.25133451737426293,0.35748569512703454,0.39165963711012736,1.2630418181728316,,
2751,王座,2026/06,543.0,33879.0,149972,1265062,207089,240624,762787,27A,27A2,1040078.0,2026,-3.426695002804097,-2.1087227344526234,6.298949246855942,14.050631690800424,0.19020727837845103,0.16369869619038435,0.6029641234975045,1.4251198755476016,,
2752,豆府,2026/06,2836.0,58887.0,378513,2310510,446301,521897,1049129,27A,27A2,4711491.0,2026,-5.4277854195323245,-2.1087227344526234,7.950502434808851,14.65297883735061,0.22587956771448728,0.1931612501136113,0.4540681494561807,2.4932244396258834,,
2753,八方雲集,2026/06,8565.0,235323.0,818886,8444653,3330631,1608371,4259417,27A,27A2,12495938.0,2026,-2.4798383498425567,-2.1087227344526234,9.055556158175316,15.949044017977831,0.19046028297432707,0.394407088130205,0.5043921875771568,1.9841377733342034,,
2754,亞洲藏壽司,2026/06,349.0,190637.0,512764,5128465,1798900,733450,3301064,27A,27A2,3217820.0,2026,-1.6897401868472541,-2.1087227344526234,5.857933154483459,15.45031695209873,0.14301550268940122,0.35076772484554347,0.6436748617763794,1.271117966097068,,
2755,揚秦,2026/06,844.0,39399.0,157802,2387573,700883,718195,1281857,27A,27A2,5255600.0,2026,-3.005228559100485,-2.1087227344526234,6.739336627357174,14.68578792678582,0.30080546228324745,0.2935545845090391,0.5368870396842317,2.738118164345132,,
2756,聯發國際,2026/06,3574.0,12807.0,89059,1316319,324119,234747,758133,27A,27A2,1468501.0,2026,-5.953931443741704,-2.1087227344526234,8.181720455128108,14.090349762708778,0.1783359504800888,0.24623134665685142,0.575949294965734,1.6915610881556826,,
2801,彰銀,2026/06,,473830.0,-37473949,3535310278,21918841,36889443,3305610200,28A,28A,282385104.0,2026,80.08732878880612,80.08732878880612,0.0,20.476036177768147,0.010873449336980059,0.006199976600752552,0.8825156228721158,1.0149025182677331,,
2812,台中銀,2026/06,,367815.0,-11966391,1022898142,21367849,16298159,926845544,28A,28A,120733601.0,2026,33.53372211573753,80.08732878880612,0.0,20.476036177768147,0.015933315675139822,0.020889517853870537,0.8825156228721158,1.024128505064779,,
2836,高雄銀,2026/06,,17114.0,-2320961,351245772,3710462,2957201,323276774,28A,28A,22538983.0,2026,136.61768143040786,80.08732878880612,0.0,19.67699674152911,0.010873449336980059,0.010563720038173158,0.8825156228721158,0.9845406964784761,,
2851,中再保,2026/06,,4803.0,7635358,65425176,269841,20106955,39124095,28J,28J,28934062.0,2026,-1588.706017072663,-1588.706017072663,0.0,17.996417696480037,0.30732748812169797,0.004124421461242993,0.5979975506676513,1.040244156163982,,
2867,三商壽,2026/06,,140178.0,-6786971,1656455153,9930574,69649207,1536467007,28I,28I,49201838.0,2026,49.41680577551399,49.41680577551399,0.0,20.476036177768147,0.042047143186375174,0.0059950756783332,0.8825156228721158,0.9572663902962908,,
2884,玉山金,2026/06,,794802.0,-18019743,4871065561,33963918,51676634,4588895075,28L,28L,557814400.0,2026,23.671990005057864,12.880621637656516,0.0,20.476036177768147,0.010873449336980059,0.0069725848635524045,0.8825156228721158,1.056588011503465,,
2885,元大金,2026/06,,1169504.0,33534513,5150931212,30890188,134190040,4740801144,28L,28L,875856555.0,2026,-27.674132794757437,12.880621637656516,0.0,20.476036177768147,0.02605160785051462,0.005997010390671861,0.8825156228721158,1.0904159787486598,,
2890,永豐金,2026/06,,756977.0,-24303953,3995049075,18794546,58387904,3727357090,28L,28L,578243648.0,2026,33.1065937274184,12.880621637656516,0.0,20.476036177768147,0.01461506552331901,0.0047044593563597215,0.8825156228721158,1.0777341297115355,,
2891,中信金,2026/06,,1454703.0,-1584540,10257539606,55389483,135612611,9521518922,28L,28L,1397059758.0,2026,2.0892532702551656,12.880621637656516,0.0,20.476036177768147,0.013220773812140619,0.005399880003154043,0.8825156228721158,1.0644442136604897,,
2901,欣欣,2026/06,0.0,2985.0,27374,1098290,330264,509770,225247,29A,29A1,1731119.0,2026,-8.170519262981575,-3.3184315681370937,0.0,13.909264982754562,0.4641488131549955,0.3007074634204081,0.20508881989274236,1.7812836318276593,,
2903,遠百,2026/06,0.0,1972680.0,-660722,129678860,30121279,12844346,94719881,29A,29A1,32589643.0,2026,1.334936228886591,-3.3184315681370937,0.0,18.680571644483223,0.09904733894175195,0.23227593919317305,0.7304188284813732,0.9817292039735698,,
2904,匯僑,2026/06,0.0,38371.0,105589,1726144,1083083,165368,473184,26C,26C,1109135.0,2026,-1.751791717703474,-1.0767254917900697,0.0,14.361400577041143,0.09580197248896963,0.6274580799747878,0.2741277668607022,0.9166784462941678,,
2905,三商,2026/06,151284.0,524742.0,-5095247,1690310381,21168584,72076558,1561770249,29A,29A9,16433506.0,2026,10.710004154422554,-3.3184315681370937,11.926920754081769,20.476036177768147,0.042641019548941644,0.012523489317669877,0.8825156228721158,0.9336768990712363,,
2906,高林,2026/06,0.0,92238.0,266157,13242947,4118466,984032,6739529,29B,29B,3042652.0,2026,-1.8855460872959084,-2.653335981951226,0.0,16.398975666786768,0.07430611932525291,0.3109931648899599,0.508914594311976,0.7386710072916549,,
2908,特力,2026/06,0.0,140326.0,1105096,39555735,5113581,2416189,30519433,29B,29B,10911603.0,2026,-6.875204880064992,-2.653335981951226,0.0,17.49322124798665,0.061083152670529314,0.12927533769755511,0.771555199265037,1.0474090798717304,,
2910,統領,2026/06,,220575.0,254055,6809899,1983894,198837,4042226,29A,29A1,3981648.0,2026,-0.1517851071064264,-3.3184315681370937,0.0,15.733887846885022,0.029198230399599172,0.29132502552534184,0.5935809033291096,1.1782662268559343,,
2911,麗嬰房,2026/06,0.0,10232.0,-117716,3528567,35419,604133,2063773,29A,29A9,751651.0,2026,12.504691164972634,-3.3184315681370937,0.0,15.076402397481376,0.171211996257971,0.010037785877383085,0.5848756733257439,0.7978944427015273,,
2912,統一超,2026/06,0.0,8744291.0,19841054,304022909,64339106,52142812,252667587,29A,29A4,231835706.0,2026,-1.269029473058479,-3.3184315681370937,0.0,19.532613615083815,0.17150948318832118,0.21162584823500916,0.8310807492470904,1.5936407377774284,,
2913,農林,2026/06,3280.0,1243.0,1388,21278164,5956845,67529,8938635,29B,29B,8571500.0,2026,-0.1166532582461786,-2.653335981951226,8.0959035329611,16.87319194052005,0.010873449336980059,0.2799510803657684,0.420084881383563,0.8229156895303561,,
2915,潤泰全,2026/06,0.0,8647.0,-152366,181271558,1206142,4147572,14935304,29A,29A2,56982860.0,2026,18.62067769168498,-3.3184315681370937,0.0,19.015506785315832,0.02288043444741618,0.006653785145930064,0.08239187749464812,0.6053234953580162,,
2916,滿心,2026/06,0.0,67453.0,331773,1967034,460665,159661,427808,29A,29A9,2659401.0,2026,-3.9185803448326983,-3.3184315681370937,0.0,14.492037382427705,0.08116839871603643,0.23419269824517522,0.21748886902819167,1.569474142287322,,
2923,鼎固-KY,2026/06,0.0,195.0,-1156997,118709276,465760,5122791,69668005,25A,25A,47597123.0,2026,5934.317948717949,10.140183271179907,0.0,18.592188003114646,0.04315409185041277,0.003923535006649354,0.5868792005773837,0.9878345816884605,,
2924,宏太-KY,2026/06,711.0,46.0,-192077,1034431,33367,119900,582444,25B,25B,934046.0,2026,4176.586956521739,2.777226538161771,6.568077911411976,13.849362075054913,0.11590913265360377,0.0322563805609074,0.563057371637161,1.4660136828846004,,
2926,誠品生活,2026/06,0.0,62056.0,761460,14765995,2062191,1433977,14144506,29A,29A1,1601782.0,2026,-11.270529844011861,-3.3184315681370937,0.0,16.507837459985453,0.09711346915666706,0.1396581131173348,0.8825156228721158,1.0663885501789754,,
2941,米斯特,2026/06,11999.0,169391.0,49164,745120,234349,86026,399120,23E,23E1,540959.0,2026,0.7097602588094999,-10.719285581878328,9.392661928770137,13.521300558216204,0.1154525445565815,0.31451175649559804,0.5356452651921838,1.261647788275714,,
2945,三商家購,2026/06,0.0,106037.0,469337,8158615,1819203,442565,6057044,29A,29A3,2818125.0,2026,-3.4261625658968096,-3.3184315681370937,0.0,15.9145849821423,0.05424511390720116,0.22297939049703902,0.7424108136001024,1.0878278972595226,,
2947,振宇五金,2026/06,0.0,28263.0,127384,3096349,582812,236023,2278485,29A,29A7,1706544.0,2026,-3.5070940806000777,-3.3184315681370937,0.0,14.945734233436838,0.07622622643636101,0.18822555209377237,0.735861816610466,1.287008990265632,,
2948,寶陞,2026/06,0.0,357.0,131339,2397618,19766,114332,1377759,99B,99B,1160950.0,2026,-366.89635854341736,-2.3641251140379764,0.0,14.689986302463916,0.04768566135222542,0.008244015518735678,0.5746365768024765,1.0588463216408952,,
2949,欣新網,2026/06,8601.0,470.0,-147537,3187291,9797,457480,1990287,23E,23E1,2114229.0,2026,314.90851063829786,-10.719285581878328,9.059750013343681,14.974681897671651,0.14353254848710081,0.0030737701703421496,0.6244447086883501,1.2877757318048462,,
3002,歐格,2026/06,23707.0,1770.0,-81953,1974742,227801,664743,562907,23D,23D3,2177700.0,2026,47.30112994350282,0.38009350736292824,10.073567822907728,14.495948314872745,0.33662270818162576,0.1153573479472255,0.2850534398924011,1.3878304102510606,,
3003,健和興,2026/06,81588.0,24984.0,-426311,8738991,1415466,2124303,2059032,23D,23D2,10335492.0,2026,18.06336055075248,0.38009350736292824,11.309449727943765,15.983305294743033,0.24308332621008535,0.161971330557498,0.2356143861459521,1.4183014949895245,,
3004,豐達科,2026/06,80975.0,558525.0,-113787,9043329,4225325,230661,5268178,22B,22B3,8627322.0,2026,1.2037276755740567,0.4189409826786738,11.301908093453859,16.017537916792545,0.025506204628848513,0.4672311490602631,0.5825485283129697,1.5365469950280477,,
3005,神基,2026/06,1029665.0,941390.0,1722756,51665768,10788660,10434623,22821425,23D,23D4,63081570.0,2026,-0.8300130657856999,0.38009350736292824,13.844745035773675,17.760305992515754,0.2019639580311668,0.20881640625181455,0.4417126829509241,1.6626675325914055,,
3006,晶豪科,2026/06,2601347.0,222651.0,10585892,30076365,2033732,14527171,11079473,23G,23G5E,67376928.0,2026,-46.54477635402491,-0.6891083048626756,14.771540330175425,17.219250205328745,0.483009532568181,0.06761894264815578,0.36837806031413706,2.6085732434754,,
3008,大立光,2026/06,2570344.0,4807181.0,18285271,226130675,52530430,118482131,32641764,23U,23U1,561123420.0,2026,-2.8037409034525638,0.6287322940719774,14.75955068910699,19.236623598103346,0.5239542622866181,0.23230121256216124,0.144349120259779,2.625761339101827,,
3010,華立,2026/06,0.0,363049.0,1017418,64133965,8049300,7181403,34333748,23T,23T2,33597092.0,2026,-1.802426118788373,2.778077807780778,0.0,17.976484656751616,0.11197503538101847,0.1255075996003054,0.535344228288396,1.0592022495412532,,
3011,今皓,2026/06,42509.0,10114.0,-163574,2637900,311737,198836,1273908,23D,23D2,1924575.0,2026,17.173027486652167,0.38009350736292824,10.657494621352836,14.785493704035202,0.0753766253459191,0.11817620076576064,0.4829250540202434,1.2125110883657455,,
3013,晟銘電,2026/06,63130.0,367230.0,328820,10100642,2907019,1084428,4384725,23D,23D4,22155012.0,2026,0.10459385126487487,0.38009350736292824,11.052967211565694,16.128109544147794,0.10736228449637161,0.2878053692032645,0.43410359460319453,2.62752971543789,,
3014,聯陽,2026/06,620411.0,19740.0,-305564,11049534,619485,2499600,3702823,23G,23G5F,26390661.0,2026,16.479432624113475,-0.6891083048626756,13.338139052457228,16.217898813093072,0.2262176848363017,0.05606435529317345,0.3351112363652621,2.723507072786961,,
3015,全漢,2026/06,339711.0,299495.0,-258559,21777778,1829553,2909972,6321442,23D,23D3,11778780.0,2026,1.8633165829145728,0.38009350736292824,12.73585347881177,16.896400650062652,0.13362116190182488,0.0840100858774481,0.2902702929564256,0.8311326343761976,,
3016,嘉晶,2026/06,28805.0,181220.0,456484,7560709,2478819,2727356,2351178,23G,23G3C,38762660.0,2026,-1.5189493433395873,-0.6891083048626756,10.268338977758996,15.83847552682714,0.36072754552516173,0.32785536382897423,0.3109732169297879,5.4378283835550345,,
3017,奇鋐,2026/06,3209609.0,7111878.0,26290591,194577196,23817973,77714522,132451558,23D,23D9B,991491750.0,2026,-2.696715691692124,0.38009350736292824,14.98165999239794,19.086339536882488,0.39940200392239184,0.1224088613138407,0.6807147020455573,5.776336236236029,,
3018,隆銘綠能,2026/06,0.0,493.0,-80458,1164655,16872,33566,766327,15B,15B2,904536.0,2026,164.20081135902637,-1.4472893873213875,0.0,13.967935463785562,0.028820552008964027,0.014486693484336564,0.6579862706123273,1.4346420184518163,,
3019,亞光,2026/06,457328.0,521709.0,842808,29364997,3427319,12786405,11967011,23U,23U1,39792270.0,2026,-0.6154752936982111,0.6287322940719774,13.033158323336309,17.195313944776313,0.43543014834975124,0.11671443385470123,0.4075263825158913,1.762618296879104,,
3021,鴻名,2026/06,0.0,19260.0,23713,3270764,456584,1014042,1606641,23D,23D2,2851445.0,2026,-0.23120456905503634,0.38009350736292824,0.0,15.000534154727793,0.31003215150955554,0.13959551957891184,0.49121275640798295,1.3630105993584374,,
3022,威強電,2026/06,318337.0,41739.0,-898635,17106614,1945407,2655112,5480852,23A,23A5B,14798912.0,2026,22.529864155825486,4.400151586482101,12.670868990373169,16.654975730317116,0.15520967504147812,0.11372250522517197,0.32039373776715835,1.185492581991971,,
3023,信邦,2026/06,700977.0,183069.0,-57653,35081604,3872077,6802266,18547327,23D,23D2,78862667.0,2026,1.3149249736438173,0.38009350736292824,13.46023178178673,17.373187448482238,0.19389837477214553,0.1103734310438029,0.5286909629331658,2.776668763492114,,
3024,憶聲,2026/06,15695.0,6853.0,-207749,5004130,212445,689531,2001140,15C,15C1,3409031.0,2026,31.31504450605574,0.5526186430325462,9.661161181805145,15.425774129448111,0.13779238349123624,0.042453933051299624,0.3998976845125926,1.081141177387478,,
3025,星通,2026/06,79838.0,1714.0,70595,1218954,136232,287002,442868,23K,23K1,3886416.0,2026,-40.18728121353559,2.4156930292402516,11.287767385856807,14.013503671902336,0.2354494099039012,0.11176139542591434,0.363318057941481,3.5516385359906937,,
3026,禾伸堂,2026/06,137614.0,473717.0,829302,17719679,3753998,4525393,7184707,23D,23D5,139679380.0,2026,-0.7506274843419172,0.38009350736292824,11.832215210167952,16.690186387852975,0.2553879785294079,0.2118547407094677,0.405464850689451,8.288191168700065,,
3027,盛達,2026/06,42012.0,4108.0,6462,2991420,476442,505329,714906,23D,23D3,2644686.0,2026,-0.5730282375851996,0.38009350736292824,10.645734373182417,14.911258749017733,0.16892612872816254,0.15926951080089055,0.23898549852578374,1.123075997352428,,
3028,增你強,2026/06,0.0,18007.0,-6597719,38247640,421864,4817153,30994129,23T,23T2,19714727.0,2026,367.3974565446771,2.778077807780778,0.0,17.45959241698693,0.12594641133413723,0.011029804714748414,0.8103540244574567,1.3258035267012553,,
3029,零壹,2026/06,11979.0,209782.0,-263012,18018106,989680,3108734,11491293,23X,23X9,16700500.0,2026,2.25373959634287,-2.9683442828733075,9.39099387166944,16.7068876991821,0.17253389451699308,0.054926971791596745,0.6377636473001103,1.564636871378157,,
3030,德律,2026/06,388087.0,31446.0,1001121,14814386,4184855,2241531,5081461,23H,23H2,77360740.0,2026,-30.83619538256058,-1.06809951238677,12.868987397012955,16.511109293649014,0.15130772210201623,0.2824858890540587,0.34300854588236057,5.565009646704224,,
3031,佰鴻,2026/06,7400.0,1544.0,-39625,3623013,325440,790882,648071,23C,23C6C,5802301.0,2026,26.66386010362694,0.8643247076616943,8.909370405197466,15.102816558057363,0.21829400004913038,0.08982578864607993,0.1788762557572937,1.7803888641856929,,
3032,偉訓,2026/06,150651.0,169803.0,105716,17442880,1898050,2134336,13549375,23D,23D4,8881622.0,2026,0.37741971578829586,0.38009350736292824,11.92272782027517,16.67444210042607,0.12236144489900751,0.10881517272377039,0.7767854276358033,1.2859686588453283,,
3033,威健,2026/06,0.0,2342.0,-2561637,58096179,142142,3711920,45547272,23T,23T2,25518015.0,2026,1094.7818104184457,2.778077807780778,0.0,17.87761045373864,0.06389267011863208,0.002446666931400084,0.7839977221221381,1.2232351287681071,,
3034,聯詠,2026/06,9125883.0,599185.0,11826235,119088269,7233035,53989829,50127209,23G,23G5G,325553385.0,2026,-18.737201365187712,-0.6891083048626756,15.628457479489317,18.595375532413083,0.4533597595578453,0.060736754851982946,0.42092482677701865,3.1546398075531688,,
3035,智原,2026/06,1691269.0,99716.0,2157112,25115433,678545,9487560,7188707,23G,23G5L,54976050.0,2026,-20.632556460347388,-0.6891083048626756,14.340990283970015,17.038993075710476,0.37775816964812037,0.02701705361798859,0.2862266798267026,2.4751616665338796,,
3036,文曄,2026/06,357549.0,281406.0,20730778,812739198,4894860,37148920,688063958,23T,23T2,271905190.0,2026,-72.66857138795903,2.778077807780778,12.787030491476543,20.476036177768147,0.04570829128386644,0.006022670017694901,0.8465987117308941,1.1811527613806563,,
3037,欣興,2026/06,3224138.0,11685205.0,13323412,313242650,125937420,93096071,185522162,23B,23B2A,1702315430.0,2026,-0.14019497304497439,0.8732908111863595,14.98617649582319,19.562488687778025,0.29720113464753284,0.4020442937767255,0.5922634162365821,6.026757824964129,,
3038,全台,2026/06,70965.0,32702.0,1628,3845331,529621,694942,1284508,23C,23C8D,3478717.0,2026,0.9502171121032352,0.8643247076616943,11.169956168087609,15.162370243042457,0.18072358400356173,0.13773092615434146,0.3340435452760764,1.2387035082285505,,
3041,揚智,2026/06,263537.0,5568.0,-269522,4157712,284604,620539,2665723,23G,23G5B,4063974.0,2026,49.4055316091954,-0.6891083048626756,12.481952849089646,15.240475480931964,0.14925011641017943,0.06845207171636708,0.6411514313641734,1.6186058582220222,,
3042,晶技,2026/06,514290.0,410831.0,1167295,23292602,7128371,4682118,7419102,23D,23D6,64311188.0,2026,-1.8413021412697679,0.38009350736292824,13.150544532095987,16.963646357389113,0.2010130942004676,0.3060358391904863,0.31851752758236285,3.079531003019757,,
3043,科風,2026/06,22117.0,1276.0,46532,1915150,271860,212931,1204236,23D,23D3,865267.0,2026,-35.46708463949843,0.38009350736292824,10.004147035635306,14.465306506511052,0.11118241391013758,0.14195232749392997,0.628794611388142,1.0805957757877973,,
3044,健鼎,2026/06,132042.0,7188174.0,3594267,108840124,20249277,13962751,53117584,23B,23B2B,272263908.0,2026,0.49997495886994386,0.8732908111863595,11.790882906096787,18.505390611165698,0.12828679798269985,0.1860460669816951,0.48803310808429434,2.9895362118477555,,
3045,台灣大,2026/06,450724.0,4211101.0,21190446,237393650,48766069,12123124,145334996,23K,23K3,433779712.0,2026,-4.032044113879007,2.4156930292402516,13.0186126764104,19.28523029167764,0.05106760016537932,0.20542280301094826,0.6122109668898051,2.4394700869210277,,
3046,建碁,2026/06,16333.0,1002.0,2739,4748740,8535,1862292,3086582,23A,23A5B,3993003.0,2026,-1.7335329341317365,4.400151586482101,9.70100410391822,15.373389877664435,0.3921655007433551,0.0017973188677417589,0.6499791523646272,1.4908344108121312,,
3047,訊舟,2026/06,201126.0,24922.0,-70556,6363775,2524831,1536426,3283678,23K,23K4,3517525.0,2026,3.831072947596501,2.4156930292402516,12.21169182830988,15.666132312692243,0.2414331116357822,0.3967505136495241,0.515995301530931,1.0687371882255423,,
3048,益登,2026/06,0.0,23897.0,648733,39047552,692917,2346040,31681784,23T,23T2,16972307.0,2026,-26.14704774657907,2.778077807780778,0.0,17.480290743424504,0.06008161535965174,0.01774546583611695,0.8113641541472305,1.2460215431686985,,
3049,精金,2026/06,0.0,39229.0,153201,14775441,3610178,2285913,5817266,23C,23C8E,10867249.0,2026,-2.9052996507685642,0.8643247076616943,0.0,16.508476968526736,0.15471030610862985,0.24433639577999736,0.39371183574148483,1.1292058896922264,,
3050,鈺德,2026/06,0.0,73443.0,84810,5712942,2656035,1607994,2735666,23C,23C4A,1968297.0,2026,-0.154773089334586,0.8643247076616943,0.0,15.5582446853708,0.2814651365268543,0.46491544986803646,0.47885415255397307,0.8233871444870261,,
3051,力特,2026/06,22133.0,12090.0,32794,4065781,1390556,124472,1492982,23C,23C8C,4534050.0,2026,-1.7124896608767577,0.8643247076616943,10.00487016682473,15.218116410431122,0.03061453629696238,0.3420144862696736,0.3672066941136279,1.482379892079775,,
3052,夆典,2026/06,812.0,1834.0,305817,11648485,77570,616220,8028763,25B,25B,2495732.0,2026,-165.74863685932388,2.777226538161771,6.70073110954781,16.270686686601216,0.052901300040305674,0.006659235085077588,0.6892538385893101,0.903507623523574,,
3055,蔚華科,2026/06,25833.0,18903.0,-130289,1965492,586047,772963,322200,23H,23H3,13337100.0,2026,7.892503835370047,-1.06809951238677,10.159446732791961,14.491253153624626,0.3932669275682628,0.2981680922639217,0.16392842097551147,6.949557668003736,,
3056,富華新,2026/06,0.0,7340.0,-137906,15161609,165918,3123337,6784305,25A,25A,6944020.0,2026,19.788283378746595,10.140183271179907,0.0,16.53427706711127,0.2060030040347301,0.010943297640771505,0.4474660308150672,0.9054662338278213,,
3057,喬鼎,2026/06,56489.0,2018.0,-93275,885678,14942,294560,262089,23C,23C4B,1309795.0,2026,47.221506442021806,0.8643247076616943,10.941818910319308,13.69410873237887,0.33258136704310143,0.016870691154121476,0.2959190586194983,1.7747804506829796,,
3058,立德,2026/06,66073.0,45808.0,-289930,5172867,1466916,268807,3493892,23D,23D3,1865938.0,2026,7.329243800209571,0.38009350736292824,11.098530605040901,15.458937638235648,0.05196480017754178,0.2835789128156591,0.6754266057874676,1.0361430131491878,,
3059,華晶科,2026/06,502596.0,213928.0,3483,16671397,2898706,4820115,5978434,23U,23UZ,15354330.0,2026,0.9837188212856662,0.6287322940719774,13.127543935112413,16.629205054455035,0.2891248405877444,0.17387301136191527,0.3586042609386604,1.2796026631721384,,
3060,銘異,2026/06,57738.0,14698.0,-41583,4666209,569464,545977,1904628,23C,23C4B,5055440.0,2026,3.8291604299904747,0.8643247076616943,10.96368813405067,15.355857522673535,0.11700654642773181,0.12203996863406676,0.4081746016948662,1.4915894251629107,,
3062,建漢,2026/06,173448.0,34544.0,-227345,6240295,1857716,785425,2197516,23K,23K4,8252300.0,2026,7.58131658175081,2.4156930292402516,12.063638887031031,15.646538014869178,0.12586344075079783,0.29769682362772915,0.35214937755346504,1.6745708335903993,,
3064,泰偉,2026/06,21407.0,115.0,-4996,303087,208718,22479,247978,23A,23A5B,260220.0,2026,44.44347826086957,4.400151586482101,9.971519962927955,12.953599103928836,0.07416682338734423,0.6886405553520937,0.8181743195848057,1.6767396820054967,,
3066,李洲,2026/06,7753.0,1577.0,36848,2402489,212217,99369,636122,23C,23C6C,2010318.0,2026,-22.36588459099556,0.8643247076616943,8.955964118230874,14.692015841252108,0.041360855346267975,0.08833214220751895,0.26477623830951985,1.1015409435797625,,
3071,協禧,2026/06,51573.0,19721.0,58766,4224058,538628,1662508,2216572,23D,23D9B,3542000.0,2026,-1.9798691749911261,0.38009350736292824,10.850772948512507,15.25630683533457,0.39358076996101854,0.12751434757761376,0.5247494234217428,1.363279576180062,,
3073,天方能源,2026/06,0.0,161821.0,-10510,2349173,1549311,100236,1679556,99D,99D4,867266.0,2026,1.0649483070800452,-0.5377452610575324,0.0,14.669573909290147,0.04266863274863111,0.6595133691728962,0.7149562846159052,1.0841355660055687,,
3078,僑威,2026/06,151304.0,58695.0,290155,10517483,1902170,3731350,3689674,23D,23D3,12051723.0,2026,-3.943436408552688,0.38009350736292824,11.927052946157046,16.168549478091812,0.35477594781945454,0.18085791058564107,0.35081340278848083,1.4966886088620253,,
3081,聯亞,2026/06,115150.0,790511.0,551405,6217544,1717708,513983,1498638,23G,23G3A,186884340.0,2026,0.30247017435557505,-0.6891083048626756,11.653999589535916,15.642885531434013,0.08266656416102564,0.2762679283009497,0.2410337586674095,30.298615980843884,,
3083,網龍,2026/06,94044.0,230.0,15335,1471945,4485,251406,144607,23X,23X2,2412987.0,2026,-65.67391304347827,-2.9683442828733075,11.451528670104905,14.202095213442467,0.17079850130269814,0.0030469888480887533,0.09824212181841034,1.7375608463631453,,
3085,新零售,2026/06,16499.0,1526.0,-17138,488963,76819,248944,102576,23E,23E1,842032.0,2026,12.230668414154653,-10.719285581878328,9.711115659888671,13.10004210097262,0.5091264574211136,0.1571059568924438,0.20978274429762578,1.9318598748780582,,
3086,華義*,2026/06,0.0,3207.0,-11127,338491,79975,103963,32257,23X,23X2,8849472.0,2026,4.469597754911132,-2.9683442828733075,0.0,12.953599103928836,0.3071366742394923,0.23626920656679204,0.09529647760206328,26.239188043404404,,
3088,艾訊,2026/06,382594.0,23332.0,-64111,8470503,2261504,1521807,2853595,23A,23A5B,15930796.0,2026,3.7477713012172122,4.400151586482101,12.854732267424067,15.95210045093343,0.17965957865784357,0.2669857976557,0.3368861329722686,2.217624030119581,,
3090,日電貿,2026/06,0.0,11207.0,-543360,26968034,323871,1435205,8331936,23T,23T2,92740358.0,2026,49.483983224770235,2.778077807780778,0.0,17.110162796648723,0.05321874779600174,0.012009440510198111,0.3089560032444338,3.747855479565177,,
3092,鴻碩,2026/06,50821.0,56795.0,-145728,4844027,2370508,502142,3578441,23D,23D2,3263459.0,2026,3.565859670745664,0.38009350736292824,10.836084610684592,15.393256957545448,0.10366209767204022,0.48936721450974574,0.738732670152334,1.41244051695005,,
3093,港建*,2026/06,2120.0,2086.0,38832,2347613,333033,871019,774439,23H,23H3,10451232.0,2026,-17.615532118887824,-1.06809951238677,7.659642954564682,14.66890962522127,0.37102324786921864,0.14186026402136978,0.32988358813824936,4.781738301841061,,
3094,聯傑,2026/06,31413.0,254.0,22347,1178229,131344,702134,140329,23G,23G5B,3278966.0,2026,-86.98031496062993,-0.6891083048626756,10.355008932402978,13.979523021584496,0.595923203384062,0.11147578272135553,0.11910163474163342,2.9020631812661204,,
3095,及成,2026/06,0.0,17354.0,11392,1041497,472164,146430,840302,23D,23D4,378000.0,2026,0.3435519188659675,0.38009350736292824,0.0,13.856169659218141,0.14059570022765308,0.45335128185678886,0.8068213350590544,1.1697604505821908,,
3105,穩懋,2026/06,621346.0,1012947.0,-673387,63489961,18876813,5319773,19242669,23G,23G3A,180598440.0,2026,1.664780092146973,-0.6891083048626756,13.339644981025817,17.96639235687648,0.08378919936649512,0.29731965026722884,0.3030820730855387,3.147601697219502,,
3114,好德,2026/06,0.0,577.0,15537,2696631,107348,865459,1051644,23T,23T2,3168575.0,2026,-25.92720970537262,2.778077807780778,0.0,14.807513774073906,0.3209408332100313,0.039808190293740595,0.38998439163534054,1.5649968423562586,,
3115,富榮綱,2026/06,0.0,177.0,-33241,603488,417,417878,62646,23B,23B3X,613683.0,2026,188.80225988700565,0.8732908111863595,0.0,13.310481435312091,0.6702412270449687,0.0008501028267625401,0.10380653799247044,1.120699997348746,,
3118,進階,2026/06,6367.0,664.0,58652,799077,305578,195381,259497,17G,17G3,1032005.0,2026,-87.33132530120481,0.3552450874748451,8.75904072752422,13.591212590568157,0.2445083515105553,0.3824137098177022,0.3247459256116745,1.6162422394838045,,
3122,笙泉,2026/06,43014.0,100.0,-11462,411073,141504,36615,87395,23G,23G5H,1251854.0,2026,115.62,-0.6891083048626756,10.66930417105545,12.953599103928836,0.0890717707073926,0.3442308300472179,0.21260214122552443,3.257934722056666,,
3128,昇銳,2026/06,47163.0,64960.0,85882,1949408,945947,193652,1150004,23C,23C9,1152169.0,2026,-0.32207512315270936,0.8643247076616943,10.761386168696564,14.483036294703645,0.09933887621267584,0.4852483420607692,0.5899247361250185,1.180960065825112,,
3130,一零四,2026/06,131671.0,7708.0,371732,4353989,238313,500411,2787484,23E,23E2,7384998.0,2026,-47.22677737415672,-10.719285581878328,11.788069260723905,15.286602994360944,0.1149316178796042,0.054734405622062894,0.6402138360937522,2.336359141008395,,
3131,弘塑,2026/06,242535.0,1170867.0,673286,15356827,3339354,5133053,12169991,23H,23H2,108290160.0,2026,0.4249679938028828,-1.06809951238677,12.398905431949776,16.547070688823304,0.3342521863403163,0.21745077938300666,0.7924808295359451,7.844078141923458,,
3135,凌航,2026/06,30607.0,24712.0,-2111529,10047133,540610,242835,5402100,23G,23G3B,17440041.0,2026,86.44549206863063,-0.6891083048626756,10.329016691680033,16.122797878139256,0.024169581511462025,0.053807389630454776,0.5376757727801553,2.2734984198974972,,
3138,耀登,2026/06,133611.0,373405.0,125581,4346602,1583941,1072024,1699985,23K,23K2,6825610.0,2026,0.6636868815361336,2.4156930292402516,11.802695356410357,15.28490494838339,0.24663495760596438,0.3644090257171004,0.3911066621696673,1.9614390735567693,,
3141,晶宏,2026/06,184082.0,50186.0,251635,4102417,870250,1036389,1266006,23G,23G5G,5897409.0,2026,-4.0140477423982786,-0.6891083048626756,12.12314202183851,15.227086870175604,0.2526288770741736,0.2121310437237365,0.30860002773974465,1.7461450164622465,,
3147,大綜,2026/06,0.0,3721.0,2034828,8521913,385267,1982834,6586470,23X,23X1,11009124.0,2026,-545.8497715667831,-2.9683442828733075,0.0,15.958151404118727,0.2326747527227748,0.04520898065962419,0.7728863225897753,2.0647469646780015,,
3149,正達,2026/06,37730.0,43379.0,-296006,5533078,1007842,1204782,3164682,23C,23C8E,22962751.0,2026,7.823716544871942,0.8643247076616943,10.538237316715266,15.526254819015655,0.2177417343475006,0.18214852564883416,0.5719568746365044,4.72204313765322,,
3150,鈺寶-創,2026/06,50233.0,327.0,-22221,687076,19879,62640,96927,23G,23G5B,,2026,68.95412844036697,-0.6891083048626756,10.824447367258546,13.440200190995645,0.091168953652871,0.028932752708579545,0.14107173005606366,,,
3152,璟德,2026/06,46949.0,4041.0,270616,4414415,1697762,130343,768649,23D,23D5,12660692.0,2026,-65.96758228161346,0.38009350736292824,10.75683848463641,15.300385880409666,0.02952667567503282,0.38459501428841647,0.17412250547354519,3.0421564352241464,,
3158,嘉實,2026/06,142213.0,22886.0,98743,1339818,317601,101476,385537,23X,23X9,2564401.0,2026,-3.314559119112121,-2.9683442828733075,11.865088244388373,14.108044341807078,0.0757386450995583,0.23704786769546313,0.28775326201021334,2.2017453116766608,,
3162,精確,2026/06,123164.0,482633.0,31793,12764927,4883991,693451,8563230,15D,15D,12409317.0,2026,0.9341259300545135,0.030322615797322407,11.721280198810998,16.362211889879127,0.054324713333652436,0.3826101786559375,0.670840499127022,1.6429821337795352,,
3163,波若威,2026/06,47142.0,193087.0,-176173,4388671,530385,385386,1102550,23K,23K6,63788472.0,2026,1.9124021814000942,2.4156930292402516,10.760940814685789,15.294537005733128,0.08781382792193809,0.12085321501657335,0.2512263963281823,14.78603021279107,,
3164,景岳,2026/06,21877.0,644.0,41887,1671139,917966,102700,241978,17C,17C2,1367559.0,2026,-64.0419254658385,0.008617877337973031,9.993236844679735,14.329015987840279,0.06145509140771653,0.5493055933707489,0.1447982483802963,0.9631377162522088,,
3167,大量,2026/06,333592.0,76434.0,808320,12098810,1928409,1440288,7802996,23H,23H2,76142902.0,2026,-9.575398382918596,-1.06809951238677,12.71767696603315,16.308617658623138,0.11904377372650699,0.1593883200083314,0.644939130377285,6.938359888286534,,
3168,眾福科,2026/06,115164.0,19986.0,-27964,3955745,784232,981113,1526705,23C,23C8D,3191750.0,2026,2.3991794255979184,0.8643247076616943,11.654121161637006,15.19067951059762,0.24802230679682336,0.1982514039706806,0.38594626296690004,1.1928107094870877,,
3169,亞信,2026/06,77406.0,8721.0,155387,2187293,45614,1547345,418379,23G,23G5B,6773849.0,2026,-16.817566792798992,-0.6891083048626756,11.25683249476492,14.598175264164912,0.6702412270449687,0.020854087678239725,0.1912770717046139,3.2881868135636148,,
3171,炎洲流通,2026/06,0.0,5714.0,-2203,1836292,327018,296324,1136608,13A,13A9,2301701.0,2026,1.3855442772138606,0.7975761201212441,0.0,14.423258878911167,0.16137084951630787,0.17808605603030456,0.6189690964182167,1.872419528048916,,
3176,基亞,2026/06,97187.0,375363.0,-180381,6901574,1631244,943901,2191363,17C,17C1D,4680715.0,2026,1.4805508267996579,0.008617877337973031,11.484402526036991,15.747260059495032,0.13676604786096622,0.23635825682663114,0.3175164100247277,0.9957261923149705,,
3178,公準,2026/06,20288.0,39227.0,98862,2770801,1394387,292919,1554687,23H,23H2,3031865.0,2026,-1.5202539067479033,-1.06809951238677,9.917834146243049,14.83464700603712,0.10571636144205232,0.5032432859667656,0.5610965926459532,1.6553162785779274,,
3189,景碩,2026/06,1278752.0,3516694.0,3943497,84534498,44337401,11055507,31548092,23B,23B2A,469482156.0,2026,-0.1213648386808747,0.8732908111863595,14.061395942286277,18.25267026936685,0.13078100966542677,0.5244888424131885,0.37319783930106265,5.926932315845774,,
3191,雲嘉南,2026/06,509.0,28033.0,2670,382150,48423,40348,138158,23D,23D9D,834883.0,2026,0.904755110048871,0.38009350736292824,6.234410725718371,12.953599103928836,0.10558157791443151,0.12671202407431637,0.36152819573465916,2.5462279209734398,,
3205,佰研,2026/06,5641.0,50868.0,-189071,1137382,53385,154121,134443,12C,12C,3519147.0,2026,4.7168947078713535,0.693150356081714,8.637993891561942,13.944239688162527,0.13550504579815753,0.0469367371736145,0.11820391038367056,3.2122804827226035,,
3206,志豐,2026/06,66464.0,9712.0,53453,3216415,269152,891980,1499720,23U,23U2,2212333.0,2026,-4.503809719934102,0.6287322940719774,11.104430772301699,14.983777943244311,0.2773211790145239,0.08368074393385182,0.46627067713587955,1.1540964085791168,,
3207,耀勝,2026/06,32261.0,43546.0,-51175,6193893,2422667,634884,2566580,23D,23D5,4350641.0,2026,2.1751940476737244,0.38009350736292824,10.381645346037732,15.639074364584028,0.10250160924639802,0.39113801287816885,0.4143726732121462,1.116780835574654,,
3209,全科,2026/06,66521.0,1373.0,-1760227,22973937,1055375,1388359,17135057,23T,23T2,13935147.0,2026,1283.0298616168973,2.778077807780778,11.105287999000407,16.949870957453378,0.060431914651807396,0.04593792522370023,0.7458476533647672,1.3524109515926679,,
3211,順達,2026/06,251700.0,139884.0,-1311941,18863760,2743198,2195081,9903837,23D,23D7,63733334.0,2026,10.378778130450945,0.38009350736292824,12.435997154099226,16.752753179032045,0.1163649770777406,0.14542159145366565,0.5250192432473696,3.9036316725827724,,
3213,茂訊,2026/06,58676.0,30043.0,-373577,5636737,349079,1448232,1693273,23A,23A2,7071663.0,2026,13.43474353426755,4.400151586482101,10.979803106205628,15.544815909952579,0.25692736773065694,0.06192926865312325,0.30039950418123107,1.5549662863461609,,
3217,優群,2026/06,127757.0,110159.0,423769,7125516,952225,2257971,2276103,23D,23D2,16128616.0,2026,-2.8468849571982315,0.38009350736292824,11.757893128414453,15.779192702549341,0.3168852613621245,0.13363593597993464,0.3194299191805899,2.582931397529667,,
3218,大學光,2026/06,0.0,147499.0,936666,6399421,1825608,1004797,2495761,17X,17X1,11607325.0,2026,-5.350321019125554,-5.350321019125554,0.0,15.671718075487355,0.15701373608643657,0.2852770586589006,0.3899979388760327,2.2038065631250077,,
3219,倚強科,2026/06,220602.0,14286.0,-32944,3437172,461577,1155625,1574265,23H,23H2,5275904.0,2026,3.3060338793224138,-1.06809951238677,12.304119984983775,15.05015959822254,0.3362138991007724,0.13428975913919933,0.4580117026439177,1.9929666016131866,,
3221,台嘉碩,2026/06,84184.0,92298.0,79194,3179938,810756,585605,964216,23D,23D6,6156633.0,2026,0.14197490736527335,0.38009350736292824,11.3407720370919,14.972372257710948,0.18415610618823386,0.254959687893286,0.3032184904233982,2.2393043512169104,,
3224,三顧,2026/06,65517.0,299257.0,-46067,3811912,1391637,1390873,1155791,23T,23T2,2951031.0,2026,1.1539379195808286,2.778077807780778,11.090080193030527,15.153641458495013,0.3648754220978868,0.3650758464518593,0.3032050582489837,1.077365374646634,,
3226,龍鋒,2026/06,23595.0,125181.0,135253,2468177,676560,600114,610401,15D,15D,2957383.0,2026,-0.08045949465174428,0.030322615797322407,10.068832485122966,14.71899037942608,0.2431405851363172,0.2741132422836774,0.24730843857632576,1.4455138347047234,,
3227,原相,2026/06,1428197.0,68079.0,934116,19575991,805015,6942474,4413655,23G,23G5I,36161244.0,2026,-12.721059357511127,-0.6891083048626756,14.171924067732071,16.78981442435791,0.3546422758367635,0.0411225669239427,0.22546265984695232,2.0726868437975887,,
3228,金麗科,2026/06,122726.0,10248.0,5741,792626,160067,109241,112038,23G,23G5L,12912692.0,2026,0.4397931303669009,-0.6891083048626756,11.71771765539155,13.583106762632195,0.1378216207896284,0.20194517969382786,0.14135039728699286,16.432377943696018,,
3229,晟鈦,2026/06,858.0,8102.0,1851,1053445,189196,104626,371931,23B,23B3X,2699046.0,2026,0.7715378918785485,0.8732908111863595,6.755768921984255,13.867576303934268,0.0993179520525514,0.17959741609671126,0.353061621631884,2.9151754481724246,,
3230,錦明,2026/06,13790.0,25248.0,-70652,1289306,259205,455001,397815,23D,23D4,3995211.0,2026,3.798320659062104,0.38009350736292824,9.531771484474337,14.069614647076149,0.3529038102669188,0.2010422661493858,0.3085497158936668,3.407279575213332,,
3231,緯創,2026/06,17499663.0,23556274.0,-251356473,1573108981,105103557,123163873,1295840944,23A,23A1,504038242.0,2026,11.670468215813758,4.400151586482101,15.628457479489317,20.476036177768147,0.0782932870434105,0.06681263553221047,0.8237451820891994,1.144154160798094,,
3232,昱捷,2026/06,6514.0,41261.0,-23451,1194232,261389,193966,503316,23T,23T2,1050108.0,2026,1.5683575289013838,2.778077807780778,8.781862489558945,13.993013858917562,0.16241902745865125,0.21887623175396406,0.42145579753347756,1.3007723792361954,,
3234,光環,2026/06,61337.0,38337.0,-40716,1259869,393404,351343,547861,23K,23K6,14213063.0,2026,2.0620549338758902,2.4156930292402516,11.024154831985069,14.046518305268618,0.2788726446955993,0.31225786173006875,0.4348555286303576,11.716237164340102,,
3236,千如,2026/06,54986.0,158935.0,211535,3489889,1560936,648228,1699853,23D,23D5,7234569.0,2026,-0.33095290527574167,0.38009350736292824,10.914852072639958,15.065380488515222,0.18574458958436788,0.4472738244683427,0.48707938848484866,2.5600877277185607,,
3252,海灣,2026/06,0.0,56558.0,28607,3974381,3152709,119703,1968959,27A,27A1,890979.0,2026,0.49420064358711413,-2.1087227344526234,0.0,15.195379570674001,0.030118652439210032,0.71402272872828,0.4954127447771112,0.7195933152860785,,
3257,虹冠電,2026/06,69884.0,2131.0,90478,2364976,142053,172342,750355,23G,23G5D,5404085.0,2026,-41.45800093852651,-0.6891083048626756,11.154606312919007,14.676278431865136,0.07287262111750817,0.060065302988275567,0.3172780611727138,2.6023266198050212,,
3259,鑫創,2026/06,54897.0,2857.0,-123906,486914,82542,50191,148566,23G,23G5J,1203939.0,2026,44.36926846342317,-0.6891083048626756,10.913232196961543,13.095842795094864,0.10307980464722723,0.16952069564645914,0.30511753615628223,2.7777081784462965,,
3260,威剛,2026/06,1043125.0,720503.0,-8392303,110656822,12420603,6360331,69608962,23G,23G3B,136528290.0,2026,12.647839079087804,-0.6891083048626756,13.857732532055657,18.521944276424346,0.0574779835986976,0.11224434947173885,0.629052603733731,1.8628517272979337,,
3264,欣銓,2026/06,302690.0,7007305.0,2541239,41333257,28230450,1825775,21706278,23G,23G2,108817740.0,2026,0.6373443142549097,-0.6891083048626756,12.620467762159468,17.537177988125304,0.04417205738226726,0.6829960194039391,0.525152856935518,3.157844976987901,,
3265,台星科,2026/06,4968.0,1381110.0,735430,10770225,5690008,2876164,4453508,23G,23G2,24459029.0,2026,0.46750801891232413,-0.6891083048626756,8.51097389160232,16.19229594027925,0.26704771720182263,0.5283091114623882,0.4135018534895975,2.6844877428280283,,
3266,昇陽,2026/06,769.0,2912.0,-714583,16028349,91811,1275600,9795435,25A,25A,4809086.0,2026,246.39251373626374,10.140183271179907,6.646390514847729,16.589869524895924,0.07958399208801854,0.005728038489803285,0.6111318764022421,0.9111681433939328,,
3268,海德威,2026/06,14029.0,559.0,-11455,1006389,25774,63973,525228,23G,23G5H,723933.0,2026,21.491949910554563,-0.6891083048626756,9.548953173096507,13.821879234820885,0.06356687125952291,0.025610375312130795,0.5218936216512701,1.2412307765685038,,
3272,東碩,2026/06,96254.0,24859.0,-140732,4664553,1702533,605183,3781638,23C,23C3,966597.0,2026,6.661209220000805,0.8643247076616943,11.474756198852726,15.355502567736867,0.129740834759515,0.364993816127719,0.8107181974349954,1.0179399826735809,,
3276,宇環,2026/06,0.0,9534.0,-6526,1557622,91397,209614,630742,23B,23B2C,1160721.0,2026,1.684497587581288,0.8732908111863595,0.0,14.258670857234165,0.13457308640992488,0.05867726572942601,0.4049390673732138,1.1501269242473462,,
3284,太普高,2026/06,2061.0,5694.0,-104388,3678748,152343,621452,1815198,99C,99C,3108009.0,2026,19.332982086406744,1.2543642868432017,7.631431664576906,15.118083034866743,0.16893029911263288,0.04141164330908233,0.49342819894159645,1.338283296382356,,
3285,微端,2026/06,5888.0,1338.0,95291,1341454,97721,538359,697962,23C,23C8D,2096152.0,2026,-70.21898355754858,0.8643247076616943,8.68084148294457,14.10926465828599,0.4013249802080429,0.07284707489038014,0.5203025970327719,2.0828995999862836,,
3287,廣寰科,2026/06,4519.0,17699.0,59951,1319890,124404,141843,439584,23A,23A4B,1415834.0,2026,-2.3872535171478613,4.400151586482101,8.416267272826277,14.093058957756805,0.10746577366295676,0.0942533089878702,0.3330459356461523,1.405736841706506,,
3289,宜特,2026/06,144468.0,258637.0,490341,8639062,3990122,657858,3892083,23Z,23Z,15137177.0,2026,-0.8958656340740111,0.4712413208368661,11.880820230647183,15.971804570071837,0.07614923935029058,0.4618698187372657,0.45052148022551525,2.2026997838422737,,
3290,東浦,2026/06,54349.0,150106.0,23613,6356475,1755333,1259804,3857626,23D,23D9A,5990276.0,2026,0.8426911649101302,0.38009350736292824,10.903199892549356,15.664984536382594,0.19819223704962263,0.27614880889172067,0.6068813296677797,1.5492709402617018,,
3293,鈊象,2026/06,2687943.0,42815.0,8007175,33615315,2815613,8028888,18496423,23X,23X2,222341778.0,2026,-186.01798435127876,-2.9683442828733075,14.804287147074827,17.330492324657968,0.23884613307952046,0.0837598279236711,0.5502379793257924,7.164537979191925,,
3294,英濟,2026/06,85589.0,187195.0,187462,5420348,896663,1272987,3033483,23D,23D4,4877991.0,2026,-0.0014263201474398355,0.38009350736292824,11.357323732875656,15.505670577996737,0.2348533710381695,0.16542535645312811,0.5596472772596889,1.4595878345818387,,
3296,勝德,2026/06,38951.0,53709.0,-48453,2264530,487524,624755,985409,23D,23D3,2795324.0,2026,1.9021393062615204,0.38009350736292824,10.570085397862536,14.632877789848258,0.27588727020617965,0.21528705735848055,0.43514945706173025,1.6695442321364697,,
3297,杭特,2026/06,27916.0,1156.0,-42676,750309,273641,57717,144811,23C,23C9,1117519.0,2026,37.916955017301035,0.8643247076616943,10.236991101246426,13.528240400663798,0.0769243071854396,0.3647044084503851,0.19300181658490034,1.6824135122995991,,
3303,岱稜,2026/06,60820.0,93595.0,135555,4326292,1215367,876033,1936184,13A,13A8,5466687.0,2026,-0.4483145467172392,0.7975761201212441,11.01569040305607,15.280221382061395,0.20249049301341657,0.2809257904921813,0.4475389086081106,1.7111353094058377,,
3305,昇貿,2026/06,53850.0,53002.0,-1204516,15068826,1690778,2093832,8988219,23B,23B3X,19928986.0,2026,23.725859401532016,0.8732908111863595,10.893976252514248,16.528138664449294,0.13895123614805824,0.11220369788595343,0.5964777216221091,1.919008488119778,,
3306,鼎天,2026/06,89632.0,2248.0,15546,4493023,14278,241611,448023,23K,23K5,2441836.0,2026,-5.915480427046264,2.4156930292402516,11.40347883472734,15.31803630711331,0.053774708030651076,0.003177815915921196,0.09971526965252571,0.6431881163305864,,
3308,聯德,2026/06,2362.0,29805.0,-1393,2177996,503679,448752,1018445,23D,23D3,1284000.0,2026,1.0467371246435162,0.38009350736292824,7.767687277186908,14.593915745926065,0.2060389458933809,0.23125800047383008,0.4676064602506157,1.0571392233961863,,
3310,佳穎,2026/06,38434.0,13106.0,180954,6651483,457062,805046,4842862,23D,23D9A,4924084.0,2026,-12.806958644895468,0.38009350736292824,10.556723781783232,15.710350395288353,0.12103255770179372,0.06871580367866835,0.7280875558127413,1.46838622304229,,
3311,閎暉,2026/06,23801.0,88929.0,-80862,5207220,506473,617061,1551629,23D,23D9A,3790000.0,2026,1.9092871841581487,0.38009350736292824,10.077524889742385,15.465556682068705,0.11850104278290527,0.09726360706864699,0.29797646344882683,1.0258120455828639,,
3312,弘憶股,2026/06,15790.0,1799.0,-75669,12917645,323423,2514834,8896319,23T,23T2,10884569.0,2026,43.06170094496943,2.778077807780778,9.667195436466644,16.37410476416273,0.19468208020889258,0.02503730362616406,0.6886951143184381,1.5313076028951098,,
3317,尼克森,2026/06,106573.0,18009.0,249743,4197171,355711,2058086,817668,23G,23G5K,8046000.0,2026,-12.867677272474873,-0.6891083048626756,11.57659485852582,15.249921284873873,0.49035076245404347,0.08475018053827209,0.19481407833991038,2.111819604204832,,
3321,同泰,2026/06,43714.0,34043.0,8313,2054239,380663,127342,1382872,23B,23B2C,2023679.0,2026,0.7558088300091061,0.8732908111863595,10.68544657161499,14.535416021026755,0.06198986583352765,0.18530609145284457,0.6731797030433168,1.6583031477836805,,
3322,建舜電,2026/06,90287.0,95129.0,-46330,3563453,1567500,272636,1982364,23D,23D2,1967423.0,2026,1.4870228847144404,0.38009350736292824,11.410759840208922,15.08624057655688,0.07650893669707444,0.4398823276187451,0.5563042363684887,1.108415629447056,,
3323,加百裕,2026/06,95041.0,22590.0,-90512,4558377,388238,928410,2095309,23D,23D7,3326406.0,2026,5.006728640991589,0.38009350736292824,11.462074178146098,15.332477197083007,0.20367117506954777,0.08517022615724851,0.4596611908141867,1.1893959187667014,,
3324,雙鴻,2026/06,933983.0,1976616.0,376071,33901834,7551545,4572028,20049278,23D,23D9B,94007770.0,2026,0.80973997984434,0.38009350736292824,13.747214586443263,17.338979671182297,0.13486078658753387,0.22274738882858078,0.5913921353045384,3.364332678875131,,
3325,旭品,2026/06,6534.0,16343.0,-132385,1748580,395769,332514,723149,23D,23D4,1465248.0,2026,9.100409961451385,0.38009350736292824,8.784927626058323,14.37431458794191,0.19016230312596508,0.2263373708952407,0.41356357730272564,1.2515280970844913,,
3332,幸康,2026/06,99636.0,34038.0,109870,2617425,621825,911798,727374,23D,23D3,3107518.0,2026,-2.22786297667313,0.38009350736292824,11.509288860532646,14.777701568021186,0.3483568774654479,0.23757127711395742,0.277896787873578,1.4651392112476957,,
3338,泰碩,2026/06,92055.0,25674.0,-75239,3745875,532364,649978,1785882,23D,23D9B,6241468.0,2026,3.9305523097296877,0.38009350736292824,11.430152366503295,15.13616579250256,0.17351833683718756,0.14212006540527913,0.47675963559915907,2.142983949010578,,
3339,泰谷,2026/06,61001.0,141492.0,-56898,1532864,280075,328571,795351,23C,23C6B,2855767.0,2026,1.4021287422610467,0.8643247076616943,11.018661929503216,14.242648438980519,0.2143510448415515,0.18271353492547285,0.5188659920253852,2.381892979416308,,
3346,麗清,2026/06,184504.0,93007.0,-140763,10468549,1574541,2721636,6886110,23C,23C6C,3291340.0,2026,2.5134667283107723,0.8643247076616943,12.125431842366515,16.16388598680529,0.2599821618067604,0.15040680422855163,0.6577903012155744,0.9721929944637027,,
3349,寶德,2026/06,22445.0,577.0,9586,541211,20615,209722,234770,23C,23C3,838510.0,2026,-15.613518197573656,0.8643247076616943,10.018867703576202,13.201564500275468,0.3875050581011842,0.03809050444281435,0.43378645297305485,1.9831082516800287,,
3354,律勝,2026/06,28122.0,2778.0,-2594,875718,353640,117823,98565,23B,23B3C,1910552.0,2026,1.9337652987760978,0.8732908111863595,10.244343025867096,13.682799400283649,0.13454445380818938,0.4038286297643762,0.11255335621741246,2.2942511173688334,,
3356,奇偶,2026/06,70828.0,485.0,21190,3457335,2017,722559,614747,23C,23C9,5049983.0,2026,-42.69072164948454,0.8643247076616943,11.168023800336554,15.05600861903957,0.2089930538984507,0.0008501028267625401,0.17780949777791275,1.6384672008931735,,
3357,臺慶科,2026/06,123106.0,288095.0,343756,16713384,4474649,2591072,4999667,23D,23D5,37127134.0,2026,-0.19320363074680227,0.38009350736292824,11.720809174893766,16.631720393533485,0.15502976536648713,0.2677284863436393,0.29914151436956155,2.520542877492673,,
3360,尚立,2026/06,14968.0,5527.0,-52649,5000333,382908,949652,4183342,23T,23T2,1734325.0,2026,10.525782522163922,2.778077807780778,9.613736674915236,15.425015068180693,0.18991775147775158,0.07657650000509966,0.8366126815954057,1.1834545819248439,,
3362,先進光,2026/06,257114.0,501561.0,2918,10872031,5167675,1035279,6954093,23U,23U1,27867105.0,2026,0.9941821632862204,0.6287322940719774,12.457278734609266,16.201704086170345,0.09522406623012757,0.4753182730991109,0.6396314543253234,3.2028236490495656,,
3363,上詮,2026/06,116605.0,171274.0,-151980,6430987,760855,4269781,713835,23K,23K6,65684498.0,2026,1.8873500940014247,2.4156930292402516,11.666556009550598,15.676638583656397,0.6639386769091588,0.11831076629450503,0.11099929139959387,10.324749995607206,,
3372,典範,2026/06,5813.0,49122.0,-12697,1850077,886987,223756,366347,23G,23G2,4741779.0,2026,1.2584788892960383,-0.6891083048626756,8.668024081118821,14.430737817809973,0.12094415529732006,0.47943247767525354,0.19801716360994703,2.7610342704654998,,
3373,熱映,2026/06,30470.0,2448.0,-24636,859520,88555,109458,72496,17G,17G1,788094.0,2026,11.063725490196079,0.3552450874748451,10.324530690607611,13.664129372876955,0.12734782204020847,0.10302843447505584,0.08434475055845123,1.001244880863738,,
3374,精材,2026/06,160619.0,1617766.0,1650325,18395515,10048653,6124816,8535572,23G,23G2,77745786.0,2026,-0.020125902015495443,-0.6891083048626756,11.986796605742454,16.727617442867356,0.33295159173309363,0.5462555954535657,0.46400288331150286,4.690347511336323,,
3376,新日興,2026/06,337386.0,250405.0,72537,22829406,6971641,1804658,6287555,23D,23D9A,38960220.0,2026,0.710321279527166,0.38009350736292824,12.728985918416912,16.94355999977065,0.07904971333901548,0.30537986840305875,0.2754147435986727,1.9819952827506768,,
3379,彬台,2026/06,0.0,242.0,-140803,1178171,177090,171245,572572,15H,15H,1226855.0,2026,582.8305785123966,-1.4461885073407443,0.0,13.979473793949111,0.14534817102101477,0.15030925052475405,0.48598378333875136,1.5273054590547552,,
3380,明泰,2026/06,932734.0,49157.0,-869662,25777401,3596678,5320783,12890194,23K,23K4,18445498.0,2026,18.69151901051732,2.4156930292402516,13.745876409474599,17.065008735808235,0.20641270235117962,0.13952834112329635,0.5000579383468489,1.215626509437472,,
3388,崇越電,2026/06,0.0,501772.0,-166389,7664931,944903,2714143,2548040,23T,23T2,6445724.0,2026,1.3316027996779414,2.778077807780778,0.0,15.852166068290586,0.3540988170669769,0.1232761260342722,0.3324283023552332,1.1733652918728166,,
3390,旭軟,2026/06,24476.0,149540.0,-8644,2166237,790572,511671,732692,23B,23B2C,2205374.0,2026,1.0578039320583121,0.8732908111863595,10.10548918009691,14.588502118839878,0.2362026869636148,0.36495175735618957,0.3382326125904045,1.3562994261477392,,
3402,漢科,2026/06,10026.0,128769.0,62416,6991305,1389343,2470583,4876471,23H,23H1,10811104.0,2026,0.5152870644332098,-1.06809951238677,9.213036733523925,15.760177792063567,0.35337937623948606,0.19872441554187667,0.697505115282483,2.2438693491415407,,
3406,玉晶光,2026/06,1165285.0,699534.0,2916924,44636723,18365775,13193797,17597964,23U,23U1,74297637.0,2026,-3.1698101879251044,0.6287322940719774,13.968477108415556,17.614067463844513,0.295581667139857,0.4114498951905587,0.3942485652452578,2.058744343754805,,
3413,京鼎,2026/06,439984.0,1440970.0,-98720,30321786,10465951,6514513,12291275,23H,23H2,36660713.0,2026,1.0685094068578804,-1.06809951238677,12.994495914404245,17.227377022016807,0.21484595267574277,0.3451627486586707,0.405361181561007,1.6144163803543763,,
3416,融程電,2026/06,131746.0,9442.0,13505,5539798,1609656,710790,1969960,23A,23A5B,14288040.0,2026,-0.43031137470874814,4.400151586482101,11.788638695745878,15.527468595964846,0.12830612235319772,0.29056221905564067,0.355601413625551,2.934764047353351,,
3419,譁裕,2026/06,81544.0,13178.0,-110168,1888297,665715,186327,995671,23K,23K2,1668648.0,2026,9.359993929276067,2.4156930292402516,11.308910294091017,14.451185922637803,0.09867462586658772,0.35254782483899516,0.5272851675345562,1.4109639532340517,,
3430,奇鈦科,2026/06,17361.0,160728.0,124591,1850051,576121,399065,664501,17Z,17Z,4855104.0,2026,0.2248332586730377,-0.14370062994675983,9.762039188951753,14.430723764242098,0.21570486435238811,0.3114081719909343,0.359179828015552,2.9834880227626157,,
3432,台端,2026/06,2479.0,128.0,-69965,441803,67448,179275,147606,23D,23D2,768586.0,2026,547.6015625,0.38009350736292824,7.8160138391590275,12.998619360347996,0.40578040438838126,0.15266532821189535,0.3340991346822,2.0737568554310406,,
3434,哲固,2026/06,19210.0,7039.0,35191,713286,243672,107943,247183,23C,23C1,1054773.0,2026,-3.9994317374627077,0.8643247076616943,9.863238310628443,13.477637740988138,0.15133200427318075,0.341618929854224,0.3465412190902387,1.8252930801950409,,
3437,榮創,2026/06,49335.0,37796.0,-150664,2789301,570832,891258,496752,23C,23C6C,3180056.0,2026,4.9862419303630015,0.8643247076616943,10.80640931667133,14.841301584773344,0.3195273654582277,0.20465055582025748,0.17809193055894648,1.3181825840954418,,
3438,類比科,2026/06,120884.0,5386.0,34139,3346184,491273,946639,585810,23G,23G5D,3287470.0,2026,-5.338470107686595,-0.6891083048626756,11.70259495942672,15.023331150051025,0.28290105983412744,0.14681589536020734,0.1750680775474391,1.1575215230244362,,
3441,聯一光,2026/06,2534.0,1293.0,46894,1150436,43814,637839,306452,23U,23U1,3203200.0,2026,-35.26759474091261,0.6287322940719774,7.837948916025283,13.955651558922431,0.5544324064963196,0.03808469136918525,0.26637900761102745,3.050714685562691,,
3443,創意,2026/06,2059611.0,848752.0,5223546,37385404,2216193,10034146,23920056,23G,23G5L,649288140.0,2026,-5.1543843195656684,-0.6891083048626756,14.538028173511202,17.436790918830948,0.268397420554824,0.0592796322329431,0.6398233920382403,18.0072467854032,,
3444,利機,2026/06,15472.0,12875.0,-7346,1664912,297451,707777,615530,23T,23T2,4090227.0,2026,1.5705631067961165,2.778077807780778,9.646851848489673,14.325282827147067,0.42511375976628196,0.17865869187080158,0.36970722776939563,2.8264298653622535,,
3447,展達,2026/06,53713.0,18339.0,298887,3139385,184378,942563,1898360,23K,23K4,2861741.0,2026,-15.297889743170293,2.4156930292402516,10.891428954153636,14.959537478828775,0.300238103959852,0.05873061125029265,0.6046916832436926,1.5162527055458315,,
3450,聯鈞,2026/06,171490.0,783537.0,1021541,15550708,5561664,3087311,6965105,23K,23K6,77502292.0,2026,-0.30375591707858085,2.4156930292402516,12.052286066076995,16.55961672609966,0.19853186105738724,0.3576469958795445,0.4478963272926223,5.431739635262909,,
3455,由田,2026/06,118283.0,25175.0,-117942,4151583,1342037,604696,1751995,23H,23H2,14064985.0,2026,5.684885799404171,-1.06809951238677,11.680843791453439,15.239000265258065,0.14565432029180195,0.3232591038165442,0.42200649728067585,3.8098672241407674,,
3465,進泰電子,2026/06,29675.0,158715.0,-495360,2649406,647052,76836,1829398,23U,23U2,1261281.0,2026,4.121066061808903,0.6287322940719774,10.298093917309416,14.789846021893432,0.029001217631423798,0.24422530937123266,0.6904936427259544,1.166555446768068,,
3466,德晉,2026/06,1351.0,48651.0,-131953,1796386,474853,1031282,384694,23K,23K2,2332865.0,2026,3.712236130809233,2.4156930292402516,7.20934025660291,14.401287426800845,0.5740870837336741,0.26433795409227195,0.21414885219546356,1.5127923508644578,,
3467,台灣精材,2026/06,23785.0,76449.0,34953,956620,337623,216687,352798,23G,23G3C,1925523.0,2026,0.5427932347054899,-0.6891083048626756,10.076852451287191,13.771161517390082,0.22651314001379858,0.3529332441303757,0.36879638728021574,2.381636386443938,,
3479,安勤,2026/06,188534.0,188139.0,-630248,9178765,2108487,1438272,5267683,23A,23A5B,10313744.0,2026,4.349906186383472,4.400151586482101,12.147038945027047,16.032403221956073,0.15669559031089694,0.2297135834722863,0.5738988850896608,1.6975515769278329,,
3481,群創,2026/06,5883847.0,5194751.0,14334953,402705327,98732956,84407916,175275668,23C,23C8A,548857834.0,2026,-1.7595072410592925,0.8643247076616943,15.587721527602968,19.813715653943778,0.2096021838817146,0.24517419904902327,0.43524546671814945,1.7981721458579067,,
3483,力致,2026/06,350558.0,289919.0,313741,9517162,2168185,1848399,4644368,23D,23D9B,8934220.0,2026,-0.08216777789658491,0.38009350736292824,12.767284302246493,16.068607253080458,0.19421745684270164,0.22781843999293067,0.487999258602512,1.4267475955542208,,
3484,崧騰,2026/06,118846.0,21160.0,122733,5330289,1089319,1885968,2041620,23D,23D2,4043876.0,2026,-4.80023629489603,0.38009350736292824,11.6855922305682,15.488916016060468,0.35382096542982944,0.204363966006346,0.38302238396454674,1.1416821864630604,,
3485,敘豐,2026/06,13146.0,1603.0,85865,2918059,165546,2180523,512639,23H,23H2,11300044.0,2026,-52.565190268247036,-1.06809951238677,9.483948874696605,14.886429227188767,0.6702412270449687,0.056731546552005976,0.17567807916152484,4.0481302811218,,
3490,單井,2026/06,0.0,56203.0,13448,2474655,1015619,179968,893138,23H,23H2,1696935.0,2026,0.7607245164848851,-1.06809951238677,0.0,14.721611550329296,0.0727244807862106,0.41040831954353235,0.36091414762865937,1.0466400366919832,,
3491,昇達科,2026/06,144515.0,433967.0,132311,7243612,2176028,1979339,2702360,23K,23K2,91854675.0,2026,0.6951127620302926,2.4156930292402516,11.88114550704848,15.795630534982775,0.27325304005791584,0.3004064822908792,0.3730680218653346,13.053851448697142,,
3492,長盛,2026/06,2685.0,5344.0,11611,1000931,131923,261619,357747,23D,23D2,801247.0,2026,-1.1727170658682635,0.38009350736292824,7.895808377083183,13.816441124852572,0.2613756592612278,0.13180029392635456,0.35741424733573046,1.157915980222413,,
3494,誠研,2026/06,19666.0,29467.0,-71154,1832625,1203740,46701,1216741,23T,23T1,748920.0,2026,3.414701191162996,2.778077807780778,9.886697383228654,14.421259923240566,0.025483118477593616,0.6568392333401541,0.6639334288247732,1.0725931382579632,,
3498,陽程,2026/06,128453.0,9929.0,727446,5350957,582778,1339685,2857413,23H,23H2,7260851.0,2026,-72.26477993755665,-1.06809951238677,11.763326142574778,15.49278598138001,0.2503636265438126,0.10891098545549889,0.5340003666633838,1.8909260530406056,,
3499,環天科,2026/06,20565.0,2896.0,-33069,671763,215745,187892,243785,23K,23K5,808074.0,2026,12.418853591160222,2.4156930292402516,9.931394505789136,13.417660878728144,0.27969983461429104,0.3211623742301973,0.3629032858314614,1.5658185997144827,,
3501,維熹,2026/06,16681.0,172123.0,-288110,9931242,3112015,1368437,2898111,23D,23D2,4819014.0,2026,2.673861134188923,0.38009350736292824,9.722085572801557,16.111196103728766,0.13779112421185588,0.31335607369148794,0.2918175793118323,0.7770553773636771,,
3504,揚明光,2026/06,128933.0,103606.0,126954,4455284,1452426,1256838,1609497,23C,23CZ1,9147612.0,2026,-0.22535374399166072,0.8643247076616943,11.767055924510617,15.309601365452274,0.2821005350051759,0.32600076673002215,0.3612557583310065,2.4144608963199654,,
3508,位速,2026/06,41116.0,7071.0,-69561,2765048,942645,457148,2301135,23D,23D4,1981379.0,2026,10.837505303351719,0.38009350736292824,10.624176940269097,14.832568552643226,0.16533094543024207,0.34091451576970816,0.8322224424313791,1.5488027694275108,,
3511,矽瑪,2026/06,37628.0,27466.0,37774,2528323,712521,332628,764400,23D,23D2,1931348.0,2026,-0.3753003713682371,0.38009350736292824,10.535530308692785,14.743066795074466,0.13156072226531182,0.2818156540916647,0.3023347887117271,1.0662197828362912,,
3512,皇龍,2026/06,300.0,125.0,-1220506,6328310,49819,632870,3825994,25A,25A,2295362.0,2026,9765.048,10.140183271179907,5.707110264748875,15.660543775851721,0.10000616278279667,0.007872401952496007,0.6045838462401494,0.9672971140794304,,
3515,華擎,2026/06,1114435.0,25106.0,-3717285,31675274,1443332,3017932,16603317,23A,23A3,28909296.0,2026,149.06361029236038,4.400151586482101,13.923859005304996,17.27104693448923,0.09527721843858399,0.04556651980342775,0.5241727980001057,1.4368498596097385,,
3516,亞帝歐,2026/06,18767.0,286496.0,208304,2988333,1594805,228299,1288839,15C,15C4,1727269.0,2026,0.27292527644365017,0.5526186430325462,9.839908570893257,14.910226264808358,0.07639677371966243,0.5336771370526645,0.4312902879297588,1.009294479564359,,
3518,柏騰,2026/06,18369.0,64379.0,49191,2439565,905310,587651,733989,23Z,23Z,3053517.0,2026,0.2359154382640302,0.4712413208368661,9.818474178209172,14.707330302687325,0.24088351816819803,0.37109484682720073,0.3008688024299414,1.5525333409849706,,
3520,華盈,2026/06,5897.0,16751.0,44311,1551385,442949,206719,755972,23D,23D2,1080898.0,2026,-1.645274908960659,0.38009350736292824,8.682368589375221,14.254658638305818,0.1332480332090358,0.2855184238599703,0.4872884551545877,1.184019440693316,,
3521,台鋼建設,2026/06,0.0,181.0,-488972,2303668,1613,794858,48727,25A,25A,2247769.0,2026,2702.502762430939,10.140183271179907,0.0,14.650013193192695,0.3450401707190446,0.0008501028267625401,0.06423362732568252,0.9968867041604953,,
3522,御嵿,2026/06,0.0,59907.0,3542,2368233,506833,375742,1649604,27A,27A2,1457344.0,2026,0.9408750229522427,-2.1087227344526234,0.0,14.677654665415806,0.1586592197642715,0.2140131481995226,0.6965547731156521,1.3119266558653646,,
3523,迎輝,2026/06,12539.0,5813.0,-33298,1809570,537980,52423,1436526,23C,23C8C,1092386.0,2026,6.728195424049544,0.8643247076616943,9.436678814186912,14.408599805957236,0.02896986576921589,0.2972971479412236,0.7938493675293026,1.3975209580176506,,
3526,凡甲,2026/06,50583.0,119706.0,424681,7644768,902008,1763194,3508557,23D,23D2,20761427.0,2026,-2.5477001988204435,0.38009350736292824,10.83139059973845,15.849532050253046,0.23064061590881502,0.11799023855269382,0.45894878693506463,3.1747181863465315,,
3527,聚積,2026/06,188586.0,5327.0,68512,2711726,169487,1229191,467718,23G,23G5Z,2902259.0,2026,-11.861272761404168,-0.6891083048626756,12.147314717855625,14.813095890489924,0.4532873159013853,0.06250152117138678,0.17247981543858046,1.2427424452175477,,
3528,安馳,2026/06,36269.0,3292.0,-1941931,14651854,26125,948831,12376626,23T,23T2,6657236.0,2026,590.8939854191981,2.778077807780778,10.498746232276948,16.50007743832123,0.06475842579375962,0.0017830508002604994,0.8447139863665035,1.2990753252114033,,
3529,力旺,2026/06,559654.0,54215.0,1376566,6247855,472148,4750919,2693979,23G,23G5L,218456550.0,2026,-24.39086968551139,-0.6891083048626756,13.23507580143278,15.647748762805985,0.6702412270449687,0.07556961549203686,0.4311846225624634,35.3962326270376,,
3530,晶相光,2026/06,145047.0,15103.0,-59692,2952435,31793,1105783,474766,23G,23G5I,5384582.0,2026,4.952327352181686,-0.6891083048626756,11.884820001105645,14.898140811569995,0.37453254686385984,0.010768399643006535,0.16080489494264905,1.9845815403218021,,
3531,先益,2026/06,30038.0,17869.0,24056,2285043,204231,1232117,399080,23C,23C8B,1388673.0,2026,-0.3462420952487548,0.8643247076616943,10.310251816375912,14.641895400514123,0.5392095466037182,0.08937731149917091,0.1746487921671496,0.7823717102916663,,
3532,台勝科,2026/06,0.0,713817.0,968188,51283543,41141714,1977652,26988973,23G,23G3C,141176672.0,2026,-0.3563532389954288,-0.6891083048626756,0.0,17.75288045945365,0.03856309225749087,0.71402272872828,0.5262696651048466,3.2791346923905005,,
3533,嘉澤,2026/06,2121871.0,3090908.0,4593369,58133282,15260666,13982858,15024280,23D,23D2,237448850.0,2026,-0.48609049509076296,0.38009350736292824,14.56780927588431,17.87824889774313,0.2405310266157001,0.26251168822706417,0.2584454117006502,4.343004924442422,,
3535,晶彩科,2026/06,100806.0,6634.0,64090,1632466,413245,154880,508184,23H,23H2,9170032.0,2026,-8.660838106722942,-1.06809951238677,11.520963076652697,14.305602312963313,0.09487487028826327,0.25314156619494677,0.3112983670104002,5.928586567806007,,
3540,曜越,2026/06,75917.0,5200.0,136403,5625857,120470,796702,3711075,23D,23D3,2204380.0,2026,-25.231346153846154,0.38009350736292824,11.23740908941732,15.542883850005385,0.1416143353803696,0.021413626403941656,0.6596461659085896,1.0514762461968017,,
3541,西柏,2026/06,90138.0,5708.0,-42993,2253535,383877,1044623,1526970,23C,23C3,1231226.0,2026,8.532060266292921,0.8643247076616943,11.409108202329097,14.628010652387836,0.46354860252891567,0.17034437006747177,0.6775887660941587,1.2239419401074312,,
3543,州巧,2026/06,23835.0,215039.0,-263359,5552175,1530097,1091737,1879360,23D,23D9A,3203140.0,2026,2.2247034258901874,0.38009350736292824,10.07895232186687,15.529700300844938,0.19663231076109813,0.2755851535659449,0.3384907716345396,0.9154070251748189,,
3545,敦泰,2026/06,1082390.0,127736.0,362809,13385717,2636040,4118222,4488126,23G,23G5G,12368554.0,2026,-1.8403034383415795,-0.6891083048626756,13.894683040948271,16.40969880092813,0.3076579312113053,0.19692930905382208,0.33529216253413996,1.259303479970479,,
3546,宇峻,2026/06,240828.0,114768.0,200541,2516083,796805,529087,941216,23X,23X2,4907868.0,2026,-0.7473598912588875,-2.9683442828733075,12.391842417059152,14.738213885129571,0.21028201374914898,0.31668470396246867,0.37407986938427706,2.3246784784126757,,
3548,兆利,2026/06,119230.0,149154.0,53409,12028949,3007342,3445035,5843191,23D,23D9A,5758240.0,2026,0.6419204312321494,0.38009350736292824,11.688818066915891,16.302826719213293,0.2863953450962341,0.25000870815895887,0.48576072606176984,0.9644592391238835,,
3550,聯穎,2026/06,64735.0,12958.0,-232109,4408185,1082505,859328,2637223,23D,23D2,3420090.0,2026,18.9124093224263,0.38009350736292824,11.078072739967473,15.298973598081213,0.19493918698965673,0.24556705310689092,0.5982559715619921,1.374105896190836,,
3551,世禾,2026/06,54376.0,84374.0,243671,6531084,2633856,1087113,1527204,23H,23H2,12704100.0,2026,-1.8879868205845403,-1.06809951238677,10.903696549323755,15.692083490538417,0.16645215403752273,0.4032800680560838,0.23383622075600313,2.1790110186915372,,
3552,同致,2026/06,498149.0,222856.0,-153097,11800753,1524482,2236850,7396957,15D,15D,4670689.0,2026,1.6869772409089276,0.030322615797322407,13.118656515473003,16.283673900959215,0.18955146336848167,0.12918514606652642,0.6268207630479173,1.0226166076012269,,
3555,博士旺,2026/06,3553.0,16007.0,173892,984523,24103,262186,146776,23X,23X1,8059799.0,2026,-9.863497219966264,-2.9683442828733075,8.175829008714597,13.799912538901175,0.2663076433968531,0.024481906466380165,0.14908336321243892,8.335584846671942,,
3556,禾瑞亞,2026/06,134083.0,5873.0,235118,1717996,7151,909096,469193,23G,23G5A,4567505.0,2026,-39.033713604631366,-0.6891083048626756,11.806221748206477,14.356669053234919,0.5291607198154128,0.004162407828656178,0.2731048267865583,2.931728595410001,,
3557,嘉威,2026/06,39800.0,286162.0,396940,6356008,2478243,281701,3806656,99B,99B,2150033.0,2026,-0.38711638861903397,-2.3641251140379764,10.591647316585027,15.664911065291193,0.044320428797446444,0.38990558224596317,0.5989067351708809,0.9371745598809819,,
3558,神準,2026/06,532788.0,340421.0,-548609,14486922,4475563,2348681,8207436,23K,23K4,8002766.0,2026,2.6115603913977106,2.4156930292402516,13.185880752349547,16.48875686937179,0.1621242248698516,0.3089381581539543,0.5665410499207492,1.118954185022878,,
3563,牧德,2026/06,177658.0,99487.0,453464,7915065,253212,1419437,2232949,23H,23H2,45284388.0,2026,-3.5580226562264414,-1.06809951238677,12.087621261578818,15.88427846351874,0.17933358727944748,0.03199114599816932,0.28211379186399604,6.003404520367173,,
3564,其陽,2026/06,168098.0,50722.0,-290990,3510392,890224,430785,2127792,23A,23A5B,2604368.0,2026,6.736958321832735,4.400151586482101,12.032308370539036,15.071238270117881,0.12271706407717428,0.2535967493089091,0.6061408526455165,1.348043181502237,,
3567,逸昌,2026/06,3771.0,32648.0,41800,629837,356887,149216,73476,23G,23G2,1018620.0,2026,-0.2803234501347709,-0.6891083048626756,8.235360643753348,13.353216334732563,0.2369120899534324,0.5666339068679674,0.11665875456665772,1.7339343353915377,,
3570,大塚,2026/06,48661.0,16198.0,-22457,1784473,45984,602124,716662,23X,23X9,2983427.0,2026,2.3864057291023584,-2.9683442828733075,10.792653717013625,14.394633691509291,0.33742399016404284,0.02576895251427172,0.4016098870646964,2.073491165178739,,
3576,聯合再生,2026/06,24328.0,100854.0,-167309,24182413,7984075,5716875,11249187,23C,23C7C,28323633.0,2026,2.658922799294029,0.8643247076616943,10.099424333412122,17.001136191389445,0.23640630899819634,0.3301603938366283,0.46518050121797194,1.6364297475194058,,
3577,泓格,2026/06,119632.0,14167.0,140986,2038844,685408,292501,565226,23A,23A5B,7579971.0,2026,-8.951718783087458,4.400151586482101,11.692184002172262,14.527893538537496,0.1434641394829619,0.336174812786069,0.27722866487087783,3.9950074650144884,,
3580,友威科,2026/06,17546.0,165108.0,58987,1953052,857574,464888,917629,23H,23H2,3745798.0,2026,0.6427368752574073,-1.06809951238677,9.772638274111136,14.484903835208403,0.2380315526673125,0.4390942995885414,0.4698436088747253,2.38776386906237,,
3581,博磊,2026/06,48711.0,2130.0,-19910,2469552,132025,598593,1402246,23H,23H2,7217349.0,2026,10.347417840375586,-1.06809951238677,10.79368068528841,14.719547315635232,0.2423893078582674,0.05346111359469248,0.5678139192857652,3.4903476420014643,,
3583,辛耘,2026/06,314230.0,260422.0,1213434,29898314,3359187,7428601,19373138,23H,23H2,75582536.0,2026,-3.6594911336215836,-1.06809951238677,12.657883663208558,17.213312648811186,0.24846220425673501,0.11235372670177991,0.6479675743588752,3.1759541357415673,,
3587,閎康,2026/06,130575.0,240199.0,896032,9787750,3171979,3483055,3846638,23Z,23Z,20932020.0,2026,-2.7303735652521453,0.4712413208368661,11.779710711709024,16.096642161739148,0.3558585987586524,0.324076422058185,0.39300533830553497,2.531598988531583,,
3588,通嘉,2026/06,142980.0,17527.0,32180,2176138,434094,541893,362446,23G,23G5D,4184528.0,2026,-0.8360244194671079,-0.6891083048626756,11.870467033281558,14.593062304064711,0.24901591718907531,0.1994790771541143,0.1665546946011696,2.089469509746165,,
3591,艾笛森,2026/06,61265.0,373179.0,-23531,4689701,1993936,999670,1609826,23C,23C6C,3794601.0,2026,1.0630555309918297,0.8643247076616943,11.022980318783594,15.36087938572493,0.21316284343074324,0.425173374592538,0.343268366149569,1.1524033195293262,,
3592,瑞鼎,2026/06,1995290.0,105187.0,136695,21622341,605960,2906019,10233644,23G,23G5G,21125618.0,2026,-0.2995427191573103,-0.6891083048626756,14.50630046233054,16.889237643684503,0.13439890713036115,0.02802471758261513,0.47329028804050405,1.450317613620098,,
3593,力銘,2026/06,0.0,86509.0,-43360,1137774,160166,91126,929822,23D,23D4,939746.0,2026,1.501219526292062,0.38009350736292824,0.0,13.944584279921404,0.08009147686623178,0.14077136584242564,0.8172290806434318,1.6431804558726073,,
3594,磐儀,2026/06,163822.0,24123.0,-150506,5543638,589536,515406,2898166,23A,23A5B,4912538.0,2026,7.239107905318575,4.400151586482101,12.006541855684238,15.528161521904716,0.09297252093300465,0.10634460619542618,0.5227913510947143,1.408949141340037,,
3596,智易,2026/06,1434898.0,289637.0,-3287238,54210955,5731193,6954312,37666699,23K,23K4,42307968.0,2026,12.349509903776106,2.4156930292402516,14.176605021423578,17.80839356775724,0.12828241081530475,0.10572019991162303,0.6948171084608268,1.4752491816460345,,
3597,映興,2026/06,3351.0,6635.0,3398,1649172,771307,232520,1056524,23D,23D2,1022098.0,2026,0.48786737000753577,0.38009350736292824,8.117312461601975,14.315783901742062,0.14099196445246462,0.4676934849730653,0.6406390600859098,1.2604034024346764,,
3605,宏致,2026/06,324920.0,510667.0,555623,16115993,5007730,2664104,7184188,23D,23D2,13653533.0,2026,-0.08803388509537527,0.38009350736292824,12.691337354840813,16.595322690942325,0.16530808867936342,0.31073046507280067,0.44578003974064767,1.292983994222385,,
3607,谷崧,2026/06,1567.0,12852.0,-21036,3125090,502109,529948,1403139,23D,23D4,2043922.0,2026,2.6367880485527544,0.38009350736292824,7.357556200910353,14.954973640737927,0.16957847613988716,0.16067025269672233,0.44899154904338756,1.1030277528007193,,
3609,三一東林,2026/06,10253.0,15053.0,-35296,1018691,96446,185721,571853,15C,15C4,1000815.0,2026,3.344781771075533,0.5526186430325462,9.235423152343646,13.834029027749693,0.18231338060314659,0.09467640334507717,0.5613606088598014,1.5438125987173736,,
3611,鼎翰,2026/06,329930.0,125279.0,-42975,14075635,1601409,958612,7697705,23A,23A5A,9606110.0,2026,1.3430343473367443,4.400151586482101,12.70663882067102,16.459955846425288,0.06810435195286038,0.11377170550387247,0.546881543887718,1.2293452480119014,,
3615,安可,2026/06,9533.0,12535.0,55615,3114790,925283,563456,577046,23C,23C8E,3615058.0,2026,-3.436777024331871,0.8643247076616943,9.162619635764772,14.951672292200811,0.18089694650361662,0.29706111808500735,0.1852600014768251,1.345870508124143,,
3617,碩天,2026/06,236602.0,355155.0,909732,15852753,1675395,4769604,5864280,23D,23D3,20185158.0,2026,-1.5615069476707353,0.38009350736292824,12.374138910074102,16.57885373405679,0.30086912979720304,0.10568479809153652,0.3699218678295183,1.6432122546790453,,
3622,洋華,2026/06,18230.0,15219.0,8807,9317460,748447,563237,1330394,23C,23C8E,8792157.0,2026,0.4213154609369867,0.8643247076616943,9.810878720803466,16.047400617329288,0.060449628976137273,0.08032736389531052,0.14278505086150087,1.086406703114368,,
3623,富晶通,2026/06,5012.0,1868.0,-8799,466206,5052,136156,90100,23C,23C8E,691708.0,2026,5.710385438972163,0.8643247076616943,8.519789817263504,13.052382875513846,0.2920511533528097,0.010836411371797017,0.19326220597761504,1.676958254505519,,
3624,光頡,2026/06,38610.0,137490.0,310155,4547308,1162913,701616,949578,23D,23D5,17894503.0,2026,-1.2558367881300458,0.38009350736292824,10.561292488948782,15.330045967482533,0.15429260564712133,0.25573658085179185,0.20882201073690193,4.144008059273751,,
3625,西勝,2026/06,44984.0,40290.0,-28636,1623214,802736,176218,1104099,23D,23D7,1810815.0,2026,1.710747083643584,0.38009350736292824,10.714084379851219,14.299918692394941,0.10856116322308704,0.4945349165297983,0.6801931230262923,1.7957669167466521,,
3628,盈正,2026/06,112073.0,10032.0,71116,3774636,726568,408458,2169320,23D,23D3,3150000.0,2026,-6.088915470494418,0.38009350736292824,11.626914646387359,15.143814512175124,0.1082112288443177,0.19248690469756555,0.5747097203544924,1.409227273835146,,
3630,新鉅科,2026/06,126053.0,216266.0,-103245,4265642,1460923,1160546,1333496,23U,23U1,6146179.0,2026,1.4773982040635143,0.6287322940719774,11.744465665551683,15.266103255129606,0.2720683076545102,0.3424860782972411,0.31261320101405604,1.7534699348890508,,
3631,晟楠,2026/06,0.0,21912.0,-29475,2497409,756834,211803,1040088,23B,23B3X,2814642.0,2026,2.3451533406352683,0.8732908111863595,0.0,14.730764352404586,0.084809096147247,0.3030476786141157,0.4164668262186931,1.5434916747717333,,
3632,研勤,2026/06,21038.0,1956.0,-17800,343238,63430,7238,215855,23K,23K5,324258.0,2026,10.100204498977504,2.4156930292402516,9.95413313720502,12.953599103928836,0.021087408736794877,0.18479888590424137,0.6288785041283308,1.5735815964432842,,
3645,達邁,2026/06,105776.0,313258.0,396503,5253946,3037909,614735,1898230,23B,23B2C,12499316.0,2026,-0.2657394224568886,0.8732908111863595,11.569088383469074,15.474489971291288,0.1170044381879829,0.5782147361240485,0.36129606204555587,2.740330030038375,,
3646,艾恩特,2026/06,11710.0,20054.0,-55813,1049837,130131,216304,567390,23D,23D2,927409.0,2026,3.7831355340580433,0.38009350736292824,9.368283850042138,13.864145471987788,0.20603579412804082,0.12395352802387419,0.5404553278270817,1.4238391293124553,,
3652,精聯,2026/06,75679.0,22312.0,-50788,2742418,349276,493116,807137,23A,23A5A,2876253.0,2026,3.2762638938687703,4.400151586482101,11.23426920372576,14.82435057095799,0.17981066343642726,0.12736059929594978,0.2943158191056214,1.3431176428976181,,
3653,健策,2026/06,431593.0,948278.0,2774875,33382738,8807704,11390346,9576127,23D,23D9B,503294190.0,2026,-1.9262252208740476,0.38009350736292824,12.975240610508596,17.32354949799885,0.34120466691497864,0.2638400720755739,0.28685864532741445,15.363338890896246,,
3661,世芯-KY,2026/06,1249942.0,961052.0,-3863029,89633514,1257321,39405227,29290317,23G,23G5L,360324360.0,2026,5.019583747809692,-0.6891083048626756,14.038608508238772,18.31123984818814,0.4396260421074198,0.014027353652563482,0.3267786310374934,4.346752231536967,,
3663,鑫科,2026/06,28184.0,58849.0,129230,5418606,622762,648003,1670826,99L,99L1,8408285.0,2026,-1.195959149688185,-0.6044886985805259,10.246545200515675,15.50534914476342,0.11958850671187386,0.11493029757099889,0.30834978590434514,1.8600929833244935,,
3665,貿聯-KY,2026/06,1099303.0,1851774.0,1831961,92190032,18530632,12906862,42631108,23D,23D2,373574370.0,2026,0.010699469805710632,0.38009350736292824,13.910187810239494,18.33936256988395,0.14000279336056637,0.20100472467565692,0.4624264367323357,4.514647288548506,,
3666,光耀,2026/06,8398.0,12771.0,-100789,2134741,31264,1230291,456140,23C,23C8C,3473750.0,2026,8.89202098504424,0.8643247076616943,9.035867930125628,14.57385588581062,0.576318626006621,0.014645336366332027,0.21367463312879642,1.8409212171406273,,
3669,圓展,2026/06,239178.0,33350.0,130497,4872433,1098052,1260164,1367301,23C,23CZ2,3159280.0,2026,-2.912953523238381,0.8643247076616943,12.384967504562473,15.399103959627958,0.2586313654800384,0.22536010243752966,0.28061976429434743,0.929018623755319,,
3672,康聯訊,2026/06,28415.0,292.0,-7043,537596,93053,141758,245371,23K,23K6,477243.0,2026,25.11986301369863,2.4156930292402516,10.254707645791896,13.194862627687206,0.2636887179220084,0.17309094561715488,0.45642266683531874,1.3441580666522817,,
3675,德微,2026/06,148575.0,120161.0,149140,5264078,2294980,1082063,1937645,23D,23D1,20055924.0,2026,-0.24116809946654905,0.38009350736292824,11.908851890819648,15.47641656950669,0.2055560346940148,0.4359699837274448,0.3680882008207325,4.178047703700439,,
3679,新至陞,2026/06,53528.0,233779.0,321475,9477024,1543552,4332301,4638060,23D,23D9A,6774865.0,2026,-0.37512351408809175,0.38009350736292824,10.887978842099539,16.0643809008961,0.457137282758807,0.16287307070236395,0.4894004700209686,1.2042730924813527,,
3680,家登,2026/06,306606.0,1327187.0,669618,27755813,10312922,5612325,13061655,23H,23H2,48846740.0,2026,0.4954606999616482,-1.06809951238677,12.633322076209454,17.138955853696853,0.20220358884821713,0.37155899558769906,0.47059169190972716,2.230465920778469,,
3684,榮昌,2026/06,33254.0,11049.0,-82021,1460300,434052,323752,752386,23K,23K2,1591013.0,2026,8.423386731830934,2.4156930292402516,10.411960410718521,14.194152452028563,0.22170238991987948,0.2972348147640896,0.5152270081490105,1.6047380675203726,,
3685,元創精密,2026/06,10445.0,4584.0,65117,2291639,657501,366134,1103033,15D,15D,2307646.0,2026,-13.205279232111693,0.030322615797322407,9.253974408996244,14.64477784004865,0.15976949248987296,0.2869129910950198,0.4813293018664807,1.488314258921235,,
3686,達能,2026/06,0.0,92.0,-7794,666378,115,79171,7591,23C,23C7B,1323364.0,2026,85.71739130434783,0.8643247076616943,0.0,13.40961235608454,0.11880794383968259,0.0008501028267625401,0.06423362732568252,1.997297329743779,,
3687,歐買尬,2026/06,66691.0,4097.0,144768,9459253,1613203,1352360,5368868,23E,23E2,2253275.0,2026,-34.33512326092263,-10.719285581878328,11.10784028468035,16.06250397385104,0.14296689178310382,0.17054232506520337,0.5675784335190104,0.805786989733756,,
3689,湧德,2026/06,201209.0,260085.0,489155,8879321,1706398,1794538,3772849,23D,23D2,10735080.0,2026,-0.8807505238671972,0.38009350736292824,12.212104417761893,15.999235648080871,0.2021030662141846,0.1921766315239645,0.42490287264082466,1.6339007228142783,,
3691,碩禾,2026/06,173686.0,423270.0,-615193,13307353,4810472,983834,6143143,23C,23C7F,13966216.0,2026,2.45342925319536,0.8643247076616943,12.065010107747359,16.403827297565634,0.07393160758567087,0.36148977185770903,0.461635232791976,1.5111464316006347,,
3693,營邦,2026/06,224824.0,509135.0,-238416,10038079,2417597,1758387,4713117,23D,23D4,21538491.0,2026,1.4682765867598966,0.38009350736292824,12.323077600782716,16.12189631925969,0.17517166382133473,0.24084259548066916,0.4695238003207586,2.615202370891881,,
3694,海華,2026/06,305578.0,135685.0,3367,8160359,744199,2238044,4499273,23K,23K4,9636584.0,2026,0.9751851715370159,2.4156930292402516,12.629963616635875,15.914798721070573,0.2742580320302085,0.09119684562897294,0.5513572380822952,1.7322592057530801,,
3701,大眾控,2026/06,255810.0,392265.0,-70640,14825249,1557679,2484864,8166679,23A,23A1,10590938.0,2026,1.1800823422941125,4.400151586482101,12.452194169547887,16.511842298659797,0.16761027082917798,0.10506933138188775,0.5508628556592877,1.2652480238274582,,
3702,大聯大,2026/06,0.0,173469.0,-98898501,617874428,11731833,28753050,518933855,23T,23T2,180154616.0,2026,571.1220448610414,2.778077807780778,0.0,20.241795803837377,0.04653542645076096,0.018987406612658842,0.8398694483598211,1.1314410166850277,,
3703,欣陸,2026/06,0.0,249811.0,2486374,97827175,10400562,11134031,69007908,25B,25B,17822626.0,2026,-8.953020483485515,2.777226538161771,0.0,18.39871295939396,0.11381327325459413,0.10631567353345325,0.7054063249807633,0.8875911422362958,,
3704,合勤控,2026/06,946112.0,216673.0,-2203648,28977474,2531778,2779708,16605778,23K,23K4,19338965.0,2026,11.170385788723099,2.4156930292402516,13.760117291217519,17.18202932749677,0.09592651174495058,0.08737055548734166,0.573058162350521,1.2404374170088117,,
3705,永信,2026/06,188088.0,245070.0,541969,13176178,3826024,1681311,4592273,17C,17C1B,14333557.0,2026,-1.2114865140572082,0.008617877337973031,12.144670534046963,16.393921060159414,0.1276023289910018,0.2903743407230837,0.3485284579488832,1.436367207546832,,
3706,神達,2026/06,2073849.0,3448105.0,-27508282,180018053,11527270,18644962,102159905,23A,23A1,115865608.0,2026,8.977797079845306,4.400151586482101,14.544917341144531,19.00856769826978,0.10357273445236073,0.06403396663777938,0.5674981108700248,1.2111313802510686,,
3707,漢磊,2026/06,101395.0,526241.0,308484,14843140,5771186,4094217,3671280,23G,23G1A,34802060.0,2026,0.41379710056799074,-0.6891083048626756,11.526788921629382,16.513048363617933,0.27583226999139,0.38881166653417,0.24733850115272105,2.59199468576056,,
3708,上緯投控,2026/06,60248.0,90510.0,-213152,25209881,1817611,4459174,3470149,17F,17F,10021603.0,2026,3.3550104960777816,-0.1876790419128015,11.006241253704788,17.042746578803893,0.17688199321527937,0.07209915032919037,0.1376503522567203,0.6053234953580162,,
3709,鑫聯大投控,2026/06,0.0,3967.0,-6289622,40241637,41953,1958803,36008202,23T,23T1,10859447.0,2026,1586.4857574993698,2.778077807780778,0.0,17.510412763842826,0.048676026772966514,0.001042527171546227,0.8825156228721158,1.1646556277022229,,
3710,連展投控,2026/06,249186.0,261776.0,-36004,8365574,2595832,583461,6899140,23D,23D2,1709143.0,2026,1.1375374365870057,0.38009350736292824,12.425958897600504,15.93963550929573,0.06974548309536202,0.3102993291315097,0.8247061110211923,1.0290128328313155,,
3711,日月光投控,2026/06,19438533.0,127470420.0,83401251,1071334427,517815729,91292321,652136648,23G,23G2,3039988960.0,2026,0.3457207483900971,-0.6891083048626756,15.628457479489317,20.476036177768147,0.08521365383136334,0.48333715033317043,0.6087143580610427,3.446286719580981,,
3712,永崴投控,2026/06,132060.0,556102.0,1820466,54070942,15827038,4119923,49684271,23C,23C2,4530853.0,2026,-2.273618868480962,0.8643247076616943,11.791019216035506,17.805807483066978,0.07619477019653181,0.2927087528824632,0.8825156228721158,1.0026665339028122,,
3713,新晶投控,2026/06,0.0,103630.0,129940,2819090,1855173,160936,2118720,23C,23C7E,1299460.0,2026,-0.25388401042169256,0.8643247076616943,0.0,14.85192469580159,0.05708792553625461,0.6580751235327712,0.7515616741572635,1.212511838926746,,
3714,富采,2026/06,881496.0,790968.0,157485,54424632,11794770,13580743,10037205,23C,23C6B,47818512.0,2026,0.8008958643080377,0.8643247076616943,13.689376877524424,17.812327403463495,0.24953302394401122,0.2167174965923518,0.18442393877830907,1.0630428700004806,,
3715,定穎投控,2026/06,611243.0,5337009.0,-1772878,48891843,20167797,7163220,36710498,23B,23B2B,49909200.0,2026,1.3321856867769943,0.8732908111863595,13.323251503772122,17.705121130714844,0.14651155613012992,0.41249819525109743,0.7508511798174595,1.7716594974748652,,
3716,中化控股,2026/06,239932.0,91170.0,615981,12331047,3895500,659756,4653584,17C,17C1B,5234322.0,2026,-5.756400131622244,0.008617877337973031,12.388114996683194,16.327630786377316,0.053503648149260966,0.3159099142189629,0.37738758111942966,0.8018707576088226,,
3717,聯嘉投控,2026/06,101087.0,314711.0,526367,9127359,2643624,1163553,5604338,23C,23C6C,5790523.0,2026,-0.6725408390555144,0.8643247076616943,11.523746703601812,16.026786944570095,0.12747970141198567,0.28963734197372976,0.6140152918275703,1.2484291458241097,,
4102,永日,2026/06,15736.0,5114.0,31622,951870,394110,90370,271942,17C,17C1A,811443.0,2026,-5.1834180680484945,0.008617877337973031,9.663769906600864,13.766183749827222,0.09493943500688119,0.41403763118913295,0.2856923739586288,1.138164875455682,,
4104,佳醫,2026/06,1011.0,64857.0,545610,21155881,920960,3335734,7951661,17G,17G2,12940813.0,2026,-7.41250751653638,0.3552450874748451,6.919683849847411,16.86742848627036,0.15767407653692134,0.043532103437337356,0.37586054676711406,0.9875492304007571,,
4105,東洋,2026/06,96593.0,61954.0,863703,11825563,2129687,2924257,4076937,17C,17C1B,18822805.0,2026,-12.941036898343933,0.008617877337973031,11.478271906470349,16.28577410220256,0.24728268751348245,0.18009180619984014,0.3447562708008067,1.936461037838114,,
4106,雃博,2026/06,72140.0,10596.0,153767,3314657,696346,903103,782776,17G,17G2,2386569.0,2026,-13.511796904492261,0.3552450874748451,11.18637781629658,15.013864707168866,0.27245745185700965,0.21008086206204746,0.23615595821830132,0.9561607731961407,,
4107,邦特,2026/06,42190.0,73144.0,379399,4881033,1918952,1032808,1352883,17G,17G2,7969270.0,2026,-4.187014656021,0.3552450874748451,10.649962207136612,15.40086743575608,0.21159619285507802,0.39314464786449915,0.27717145120715225,1.9098729715615526,,
4108,懷特,2026/06,57869.0,572.0,-20395,2411578,160216,84248,58220,17C,17C1E,2403290.0,2026,36.65559440559441,0.008617877337973031,10.965954394567884,14.695791862981553,0.03493480202589342,0.0664361675218467,0.06423362732568252,1.0207051150740303,,
4109,加捷生醫,2026/06,3302.0,8853.0,1434,1879222,487596,240827,223602,17C,17C2,1341728.0,2026,0.8380210098271772,0.008617877337973031,8.10258642539079,14.44636841936772,0.12815250140749737,0.2594669496206409,0.11898647418985091,0.8329670470013655,,
4111,濟生,2026/06,9262.0,57793.0,91120,2035952,815998,472286,634639,17C,17C1B,1791968.0,2026,-0.5766615334036994,0.008617877337973031,9.133783249254028,14.526474080736135,0.23197305240988,0.4007943212806589,0.3117160915385039,1.1918782957554992,,
4113,聯上,2026/06,0.0,6405.0,-403730,16599237,2906,312504,12418823,25A,25A,3513298.0,2026,64.0335675253708,10.140183271179907,0.0,16.62486728841498,0.018826407502947274,0.0008501028267625401,0.7481562556158454,0.9598104418895881,,
4114,健喬,2026/06,154637.0,88332.0,191309,15275114,5847185,1729898,5408578,17C,17C1B,15994018.0,2026,-1.1657949553955531,0.008617877337973031,11.948842180534221,16.541735526169205,0.11324943303205462,0.3827915785112962,0.35407775025443344,1.4011414906625246,,
4116,明基醫,2026/06,15995.0,19421.0,178466,5518169,505645,821161,3244956,17G,17G2,1715791.0,2026,-8.189331136398744,0.3552450874748451,9.680093969966709,15.523556660329152,0.14881041156948982,0.09163274992121481,0.5880494055183885,0.8989842464049216,,
4119,旭富,2026/06,19218.0,168337.0,193642,6925446,5108845,83053,1615065,17C,17C1A,5354003.0,2026,-0.1503234583009083,0.008617877337973031,9.863654652034406,15.750713012295936,0.011992440631260428,0.71402272872828,0.23320736310701146,1.0062988001061592,,
4120,友華,2026/06,266601.0,159202.0,-289315,11750301,3452437,1545691,5411781,17C,17C1B,3951326.0,2026,2.8172824462004247,0.008617877337973031,12.493512188574075,16.279389415247607,0.1315448004268146,0.29381689881816647,0.4605653080716826,0.7968397575517427,,
4121,優盛,2026/06,25959.0,20998.0,142700,4004188,834562,521620,2093444,17X,17X2,1109532.0,2026,-5.795885322411658,-5.350321019125554,10.164312170818027,15.202851371361941,0.13026860876662136,0.2084222818708812,0.5228136141459891,0.7999064978967022,,
4123,晟德,2026/06,44832.0,55479.0,141846,23966166,1832387,3354171,6810599,17C,17C1B,29358104.0,2026,-1.5567512031579516,0.008617877337973031,10.710699754384043,16.99215364367979,0.13995442575170347,0.07645724393296784,0.2841755748499781,1.5091568255014174,,
4126,太醫,2026/06,39412.0,31716.0,263559,4190059,1550342,886517,1333583,17G,17G2,5829780.0,2026,-7.3099697313658725,0.3552450874748451,10.581850990103325,15.248225372944766,0.211576257040772,0.3700048137746986,0.318273083982827,1.7096091009696999,,
4127,天良,2026/06,713.0,11645.0,47227,1223350,338498,167105,704100,17C,17C2,3125408.0,2026,-3.0555603263203093,0.008617877337973031,6.570882962339584,14.01710355524804,0.13659623165896922,0.2766975926758491,0.5755507418155066,3.1303453631421916,,
4128,中天,2026/06,226886.0,23623.0,-145146,12829815,1018400,572673,2140934,17C,17C1E,9440145.0,2026,7.1442661812640225,0.008617877337973031,12.332207375164474,16.367282317158164,0.04463610737956861,0.07937760599042153,0.16687177484632476,0.9026692122996317,,
4129,聯合,2026/06,157360.0,385939.0,190638,8510774,2065851,579929,4505750,17G,17G4,8843365.0,2026,0.5060411101236205,0.3552450874748451,11.966297807897858,15.956843448235077,0.06814057099859543,0.2427336221123954,0.52941718344301,1.568496002831235,,
4131,浩泰,2026/06,4598.0,46055.0,-29083,581032,142207,76269,274158,17G,17G4,1335947.0,2026,1.6314840951036804,0.3552450874748451,8.433594167539924,13.27256111177001,0.13126471519640914,0.24474899833399882,0.4718466452794338,2.7711124344270197,,
4133,亞諾法,2026/06,24144.0,3047.0,35585,1352893,238796,405280,79679,17G,17G3,1238329.0,2026,-10.678700361010831,0.3552450874748451,10.091832598307642,14.11775582050755,0.2995654497436235,0.17650767651248103,0.06423362732568252,0.9742145165951779,,
4138,曜亞,2026/06,0.0,29346.0,40020,2961334,145303,598396,1174152,17Y,17Y,2036430.0,2026,-0.36372929871191984,-1.5547307281535794,0.0,14.901150400452138,0.20206974289289895,0.0490667381659752,0.39649428264424075,1.0841674731725635,,
4142,國光生,2026/06,75987.0,104324.0,-503212,8112825,3979012,1789511,3407897,17C,17C1D,7559341.0,2026,5.823549710517235,0.008617877337973031,11.23833071206494,15.90895670082532,0.22057803539457588,0.4904594885258834,0.420062925060013,1.3518395873200766,,
4147,中裕,2026/06,222248.0,30362.0,13873,4500968,789069,996458,824485,17C,17C1D,17758130.0,2026,0.5430801659969698,0.008617877337973031,12.311553653928458,15.319803042718581,0.22138748820253776,0.1753109553322752,0.1831794849463493,4.128581896161004,,
4153,鈺緯,2026/06,39289.0,2505.0,55840,1465931,212847,549137,498702,23C,23C1,1760040.0,2026,-21.291417165668662,0.8643247076616943,10.578725312552505,14.198001093472488,0.3745994866061227,0.1451957834304616,0.3401947294927251,1.5408242270611645,,
4155,訊映,2026/06,24058.0,94893.0,191598,3993724,1944003,370136,1419403,17G,17G3,2177494.0,2026,-1.0190951914261326,0.3552450874748451,10.088264425905146,15.200234686914646,0.0926794140005669,0.48676448347457163,0.35540838575725314,0.9006373500021534,,
4160,訊聯基因,2026/06,32703.0,11952.0,8996,717862,53140,83533,224197,17H,17H2,1067600.0,2026,0.24732262382864792,-0.7823743533806006,10.395252673563377,13.484032629000364,0.11636359077371417,0.07402536977859255,0.31231211569911765,1.7995060331930093,,
4161,聿新科,2026/06,37110.0,6691.0,19927,1622863,491141,410291,630279,17G,17G3,1381565.0,2026,-1.978179644298311,0.3552450874748451,10.52166870060616,14.299702431350383,0.2528192459868763,0.30263860843459983,0.3883747426615802,1.2396881314072723,,
4162,智擎,2026/06,152271.0,224.0,359380,5422065,2191,1176771,512252,17C,17C1C,8886358.0,2026,-1603.375,0.008617877337973031,11.933423674312124,15.505987297165127,0.21703373161332445,0.0008501028267625401,0.09447544431872358,1.733400466427459,,
4163,鐿鈦,2026/06,135832.0,27936.0,254370,4761182,1965770,814049,1999535,17G,17G2,6182960.0,2026,-8.105455326460481,0.3552450874748451,11.819181469004203,15.376006514709193,0.17097624077382464,0.4128743660712823,0.4199660924535126,1.7185847968004584,,
4164,承業醫,2026/06,0.0,323633.0,-308154,16182096,6122931,1367423,8319042,17G,17G2,5634722.0,2026,1.952171132115699,0.3552450874748451,0.0,16.599416003849935,0.08450221775967712,0.37837688022614624,0.5140892749616613,0.8622964540563843,,
4166,友霖,2026/06,46045.0,59602.0,127170,3011929,624200,575250,353900,17C,17C1C,6331062.0,2026,-1.1336532331129827,0.008617877337973031,10.737396175804315,14.91809129524693,0.19099055787835637,0.20724260100420694,0.11749944968822307,2.219495213864603,,
4167,松瑞藥,2026/06,35036.0,40281.0,-432580,5163841,803469,979925,768964,17C,17C1A,6348580.0,2026,11.739058116729971,0.008617877337973031,10.464159924946674,15.45719124038944,0.18976668723920817,0.15559522456249136,0.14891318303565118,1.3783429815131798,,
4168,醣聯,2026/06,114572.0,2679.0,-121102,1391330,773771,435016,540595,17C,17C1D,2880538.0,2026,46.20418066442703,0.008617877337973031,11.648967453410002,14.145770682164882,0.3126619852946461,0.5561376524620327,0.3885454924424831,2.4588940078917294,,
4169,泰宗,2026/06,69010.0,892.0,-49189,2104265,264846,896730,149823,17C,17C1C,14448960.0,2026,56.14461883408072,0.008617877337973031,11.142021191163188,14.559476795478973,0.42614879779875636,0.1258615240951116,0.07119968254948877,6.937711267354635,,
4171,瑞基,2026/06,27303.0,8793.0,4106,858119,189660,151332,276640,17G,17G3,984066.0,2026,0.5330376435801205,0.3552450874748451,10.214788490586542,13.662498063491581,0.1763531631393781,0.22101829699610426,0.32237953011179105,1.4691505490497239,,
4173,久裕,2026/06,0.0,17581.0,447823,5178133,57341,725648,3287437,17X,17X9,1338603.0,2026,-24.47198680393607,-5.350321019125554,0.0,15.459955124556643,0.14013699532244536,0.011073682348444892,0.6348691700271121,0.893379911253728,,
4174,浩鼎,2026/06,438865.0,7145.0,-642042,2689941,602707,313264,495559,17C,17C1D,3960558.0,2026,90.858922323303,0.008617877337973031,12.991949406282394,14.805029818251986,0.1164575728612635,0.22405956115766107,0.1842267172402666,1.6565854046612918,,
4175,杏一,2026/06,0.0,86138.0,472990,7307122,2041056,479083,5777313,17X,17X2,2230422.0,2026,-4.49107246511412,-5.350321019125554,0.0,15.80436004695257,0.06556384305613072,0.2793241990485447,0.7906413770017799,1.0958808406373945,,
4183,福永生技,2026/06,14820.0,5988.0,18935,503190,79873,131563,235840,17G,17G3,316540.0,2026,-2.1621576486305947,0.3552450874748451,9.603800372956915,13.12872311135691,0.26145789860688806,0.1587332816629901,0.4686897593354399,1.0977563147121365,,
4192,杏國,2026/06,12370.0,20.0,-13702,239776,643,138689,20599,17C,17C1C,705058.0,2026,686.1,0.008617877337973031,9.423110302862831,12.953599103928836,0.5784106833044175,0.002681669558254371,0.0859093487254771,3.0263954691044974,,
4195,基米-創,2026/06,41128.0,12926.0,-56453,1451102,604484,155468,702592,17H,17H2,,2026,5.367399040693177,-0.7823743533806006,10.624468747775484,14.187833825742999,0.10713788555180821,0.41656892485848684,0.4841782314406568,,,
4198,欣大健康,2026/06,3765.0,2443.0,-26412,353988,17357,73466,101621,17G,17G1,945034.0,2026,11.811297584936554,0.3552450874748451,8.233768709217097,12.953599103928836,0.20753810863645095,0.04903273557295727,0.2870747030972801,2.9567527712803825,,
4205,中華食,2026/06,1333.0,16734.0,155923,2866071,1073189,1298228,699066,12Z,12Z,7108847.0,2026,-8.317736345165532,-1.7185556498950278,7.195937226475569,14.868452660266474,0.45296435433734894,0.3744460622224641,0.24391091497733308,2.724256656586665,,
4207,環泰,2026/06,6745.0,147591.0,238210,6605232,2623937,860847,2534988,12Z,12Z,3841710.0,2026,-0.6139873027488126,-1.7185556498950278,8.816705015621595,15.703372620227073,0.1303280490374903,0.39725130018143195,0.38378485418831615,0.9654010638839029,,
4303,信立,2026/06,19545.0,169340.0,-251883,4894043,2238830,109727,1032861,13A,13A6,4384942.0,2026,2.487439470886973,0.7975761201212441,9.880525940898782,15.403529309215056,0.02242052225532142,0.4574602225603657,0.21104452903254017,1.1070199015415272,,
4304,勝昱,2026/06,55.0,5227.0,-75560,657370,75405,38289,345955,13A,13A8,1263487.0,2026,15.455710732733882,0.7975761201212441,4.02535169073515,13.396002304853972,0.05824573679967142,0.11470709037528333,0.5262713540319759,2.4483046077551456,,
4305,世坤,2026/06,7986.0,2398.0,90109,1569823,285067,247765,362980,13A,13A8,2527893.0,2026,-36.5767306088407,0.7975761201212441,8.985570498917388,14.266473432115486,0.1578298954722921,0.1815918100320864,0.23122352010385885,1.8415279939203337,,
4306,炎洲,2026/06,52623.0,339572.0,-151313,39748141,7671131,2799841,25050537,13A,13A9,10760436.0,2026,1.445599166008976,0.7975761201212441,10.870927568428838,17.498073630675393,0.07043954583938906,0.1929934534548421,0.6302316629097194,0.9009471159921668,,
4401,東隆興,2026/06,9476.0,143121.0,332663,5759936,2750921,840727,3002617,14A,14A7,1705419.0,2026,-1.3243479293744453,-3.6266158013002023,9.156623089470195,15.566436921499234,0.14596117040189335,0.4775957580084223,0.5212934657607307,0.8173764430715896,,
4406,新昕纖,2026/06,636.0,119.0,59502,839686,271002,131599,232298,14A,14A2,513929.0,2026,-499.01680672268907,-3.6266158013002023,6.456769655572163,13.640783291411491,0.15672406113713935,0.3227420726319124,0.2766486519961033,0.8886976798469904,,
4413,飛寶企業,2026/06,0.0,444.0,78266,497342,128329,218851,155391,14C,14C2,472857.0,2026,-175.27477477477478,-0.3929749264102676,0.0,13.117033197199357,0.44004125933462285,0.2580296858097647,0.3124429467046821,1.2632112309034829,,
4414,如興,2026/06,0.0,167735.0,246859,13681595,2490530,373929,9256897,14C,14C1,2447633.0,2026,-0.4717202730497511,-0.3929749264102676,0.0,16.43156205692943,0.02733080463206227,0.18203506243241377,0.6765948707003825,0.8554945530839058,,
4416,三圓,2026/06,0.0,774.0,626702,13457244,838,17412,11513212,25A,25A,849918.0,2026,-808.6925064599483,10.140183271179907,0.0,16.4150281063866,0.010873449336980059,0.0008501028267625401,0.8555401091040632,0.9186970229565579,,
4417,金洲,2026/06,454.0,57453.0,87597,5330903,1450004,959031,1754337,14Z,14Z,4022211.0,2026,-0.5246723408699284,-0.5719390147236393,6.12029741895095,15.489031200178845,0.1799002908137702,0.27199969686186376,0.32908814885583176,1.0835965313943998,,
4419,皇家美食,2026/06,0.0,26277.0,98369,2914014,499045,261876,1936366,27A,27A2,8458150.0,2026,-2.743539977927465,-2.1087227344526234,0.0,14.885042070118333,0.08986779061459554,0.17125689855985593,0.6645012686967187,3.567078263865582,,
4420,光明,2026/06,0.0,298.0,218071,1612706,98757,118309,192009,14C,14C2,1426039.0,2026,-730.7818791946308,-0.3929749264102676,0.0,14.293424071430465,0.07336055052811857,0.06123682803933265,0.11906013867375703,1.0033124450457802,,
4426,利勤,2026/06,4629.0,23501.0,-35271,4115633,2670905,207988,2372027,14C,14C2,1362422.0,2026,2.50082975192545,-0.3929749264102676,8.440312147080279,15.230303207723587,0.05053609007411496,0.6489657848501069,0.5763456071034516,0.9073814404734338,,
4430,耀億,2026/06,31960.0,59347.0,96095,3571448,1614805,366952,1818588,14Z,14Z,984795.0,2026,-0.6192056885773501,-0.5719390147236393,10.372271688502106,15.088481673762365,0.10274600106175423,0.45214294034240454,0.5092018699418275,0.7849429699102437,,
4432,銘旺實,2026/06,0.0,7101.0,35465,1845843,210540,809303,268771,14C,14C1,779071.0,2026,-3.9943669905647092,-0.3929749264102676,0.0,14.428446641674022,0.43844628172601896,0.11406170513960288,0.14560880854980623,0.6053234953580162,,
4433,興采,2026/06,20492.0,78661.0,320566,6478659,4123482,899171,4563342,14C,14C2,1299560.0,2026,-3.0752850840950408,-0.3929749264102676,9.927838643399959,15.684024102468056,0.13878967854304416,0.6364715290618013,0.7043652089112886,0.9049561027984341,,
4438,廣越,2026/06,128685.0,150573.0,-3250889,21501727,3536427,1984972,10777292,14C,14C1,6737445.0,2026,22.59011907845364,-0.3929749264102676,11.765130607558453,16.88364381545336,0.09231686366402103,0.16447176545400283,0.5012291338272502,0.8145734991426503,,
4439,冠星-KY,2026/06,3005.0,254210.0,-49329,7306550,2521305,405994,3869258,14C,14C2,3476088.0,2026,1.194048227843122,-0.3929749264102676,8.00836557031292,15.804281764095219,0.055565759489772874,0.34507462482293283,0.5295601891453559,1.0053097563145397,,
4440,宜新實業,2026/06,1462.0,5630.0,288414,2076626,1091387,52425,740768,14A,14A2,1166066.0,2026,-50.22806394316164,-3.6266158013002023,7.288244401020124,14.546255019239258,0.025245277676384674,0.5255578038606855,0.35671709783080824,0.9182366011019798,,
4441,振大環球,2026/06,3643.0,47844.0,375749,9901399,481052,853302,3021068,14C,14C1,12817088.0,2026,-6.853628459158934,-0.3929749264102676,8.200837258379849,16.108186618252372,0.08617994285454005,0.0485842455192443,0.3051152670445863,1.5995876946277996,,
4502,健信,2026/06,8421.0,11122.0,-77376,2371778,917226,93987,1839360,15D,15D,905153.0,2026,7.957022118324042,0.030322615797322407,9.038602608721874,14.679150442814192,0.03962723324021051,0.3867250644874858,0.7755194626141232,1.157154253054038,,
4503,金雨,2026/06,14429.0,2982.0,63060,2514875,349126,1111924,647949,23A,23A5A,3265652.0,2026,-20.14688128772636,4.400151586482101,9.577064651767916,14.737733658491537,0.4421388737014762,0.1388243948506387,0.2576466027138526,1.556181122322183,,
4506,崇友,2026/06,24078.0,10447.0,581223,11763838,1048949,3686161,6063691,15Z,15Z,21329946.0,2026,-54.63539772183402,-2.311034166434844,10.089095370321234,16.280540807734955,0.3133468005934798,0.08916724286750634,0.5154517598763261,2.3286309281035664,,
4510,高鋒,2026/06,29449.0,8844.0,-194675,5572787,1534402,498027,3422387,15A,15A1,4555280.0,2026,23.012098597919493,-2.2784211804366263,10.290449189079732,15.533405845832037,0.08936767186687739,0.2753383540408058,0.6141248535068718,1.4315399099229882,,
4513,福裕,2026/06,20429.0,1294.0,-209675,4254506,233748,424655,2695932,15A,15A1,2372073.0,2026,163.03632148377125,-2.2784211804366263,9.924759687811667,15.263489214542233,0.09981299826583862,0.05494127872895232,0.6336651070653091,1.1912088030901824,,
4523,永彰,2026/06,12308.0,36665.0,-67521,3135800,697280,908116,1249126,15D,15D,1954965.0,2026,2.8415655257057137,0.030322615797322407,9.418085981110297,14.958394882908488,0.2895962752726577,0.2223611199693858,0.3983436443650743,1.021777855730595,,
4526,東台,2026/06,90127.0,77696.0,-538024,13778473,1797568,1158164,8700457,15A,15A1,10511573.0,2026,7.924732289950577,-2.2784211804366263,11.408986161134495,16.438618004637465,0.08405604888146893,0.1304620620877219,0.6314529193474487,1.394351173747628,,
4527,方土霖,2026/06,31776.0,34813.0,284676,3102755,636182,790845,1290334,15C,15C2,3027042.0,2026,-7.1772900927814325,0.5526186430325462,10.366498036641763,14.947800984464163,0.25488477175929136,0.20503778093984218,0.41586718899816455,1.3914653267821662,,
4528,江興鍛,2026/06,37039.0,9124.0,60500,3593597,1788862,556206,1324231,15D,15D,1287740.0,2026,-5.6308636562911,0.030322615797322407,10.519753688760115,15.09466420870846,0.1547769546780009,0.4977914885837227,0.3684973579396911,0.726840266173419,,
4529,淳紳,2026/06,0.0,186378.0,-27204,491701,357041,7368,279157,22A,22A,354260.0,2026,1.1459614332163668,1.1459614332163668,0.0,13.105626087158386,0.014984716321504329,0.71402272872828,0.5677373037679403,1.28821580594711,,
4530,天意能創,2026/06,0.0,2276.0,516,1192782,267576,454954,584450,27A,27A2,941409.0,2026,0.773286467486819,-2.1087227344526234,0.0,13.991798951775543,0.38142259021346736,0.22432934098603097,0.4899889502021325,1.27924381823334,,
4532,瑞智,2026/06,335208.0,116695.0,2242617,31953556,5416603,3866460,20245311,15C,15C2,13931294.0,2026,-18.21776425725181,0.5526186430325462,12.722509496871625,17.279794031499094,0.12100249499617508,0.16951487339938,0.6335855389616104,1.0695712552305603,,
4533,協易機,2026/06,71970.0,15452.0,207170,6299745,712272,1781888,3729098,15A,15A1,4475761.0,2026,-12.407325912503236,-2.2784211804366263,11.184018539083658,15.656019714352102,0.28285081380278093,0.11306362400382873,0.591944277109629,1.302411288075946,,
4534,慶騰,2026/06,8797.0,24949.0,-15528,1480520,397778,377739,765802,15A,15A2,2629707.0,2026,1.6223896749368711,-2.2784211804366263,9.082279701908664,14.207903935382218,0.25513941047739985,0.2686745197633264,0.5172520465782293,2.2934570286115687,,
4535,至興,2026/06,11468.0,18591.0,84665,3196837,888881,1269324,444941,15D,15D,2046657.0,2026,-3.554085310096283,0.030322615797322407,9.347403022364523,14.977672441443467,0.3970562152527639,0.2780501476928602,0.13918163484719429,0.7793947580061167,,
4536,拓凱,2026/06,280650.0,181912.0,753491,15101465,4675564,6224804,5168038,99Z,99ZC,15166940.0,2026,-3.142063195391178,-3.7872265601243815,12.544867183520955,16.530302316946578,0.4121986840349595,0.3096099616825255,0.342220969952253,1.346556642021155,,
4538,大詠城,2026/06,3725.0,14220.0,56298,938484,407497,57619,111863,15A,15A2,1121010.0,2026,-2.959071729957806,-2.2784211804366263,8.223090551161533,13.752021086381754,0.0613958256081084,0.4342077222414021,0.11919542581439854,1.313685688834333,,
4540,全球傳動,2026/06,68884.0,123733.0,-508691,7979309,2573788,277544,4487454,15A,15A2,6392879.0,2026,5.111199114221752,-2.2784211804366263,11.1401937264787,15.892362374198036,0.03478296178278094,0.3225577553144013,0.5623862918455721,1.3635683240240477,,
4541,晟田,2026/06,27211.0,88484.0,104166,4063272,1382662,476845,2315365,22B,22B3,3510879.0,2026,-0.17722978165544054,0.4189409826786738,10.211413331464952,15.217499118335802,0.11735492972166274,0.3402829050085744,0.5698277152009513,1.4338798879326808,,
4542,科嶠,2026/06,38551.0,27489.0,37004,2078496,422910,442999,1110653,23H,23H2,15846673.0,2026,-0.3461384553821529,-1.06809951238677,10.559763258320169,14.54715511320822,0.21313440102843595,0.2034692392961064,0.5343541676289009,8.158459770911275,,
4543,萬在,2026/06,13683.0,107.0,7557,2676148,1016671,532897,811146,15D,15D,2100986.0,2026,-69.62616822429906,0.030322615797322407,9.523982546097495,14.799889005128415,0.1991283740660083,0.37990088739486755,0.3031020705880243,1.0881804743235426,,
4545,銘鈺,2026/06,27949.0,54618.0,-74813,3346483,1241525,597587,1404139,23D,23D9A,2868250.0,2026,2.3697498993005968,0.38009350736292824,10.238172478583245,15.023420501575671,0.17857165268731381,0.3709939659039057,0.4195864733213944,1.276680323790678,,
4549,桓達,2026/06,37417.0,12371.0,150013,2834662,705329,939987,945720,15H,15H,5671699.0,2026,-11.12618220030717,-1.4461885073407443,10.529907151045364,14.857433264050355,0.3316046145889704,0.2488229637254812,0.3336270779373343,2.3344649203326533,,
4550,長佳,2026/06,0.0,1534.0,43156,1589297,365431,429140,651953,15B,15B2,927056.0,2026,-27.13298565840939,-1.4472893873213875,0.0,14.278802338059647,0.2700187567207388,0.22993247958059443,0.41021470499220725,0.9935266976531133,,
4551,智伸科,2026/06,125343.0,109019.0,742662,14832818,3539181,5807669,5577989,15D,15D,25924950.0,2026,-5.812225391904163,0.030322615797322407,11.738817236465557,16.512352716291822,0.3915418499707877,0.23860476141485723,0.3760572670681997,2.1238674269447655,,
4554,橙的,2026/06,34665.0,13271.0,23994,880754,17851,397663,364532,15D,15D,830617.0,2026,-0.8080024112726999,0.030322615797322407,10.453514658501255,13.688533637777049,0.4515029168189983,0.02026786140057269,0.413886283797746,1.3569611946127977,,
4555,氣立,2026/06,61115.0,23560.0,95463,4595349,1955618,601865,1559283,15A,15A2,3338428.0,2026,-3.0519100169779287,-2.2784211804366263,11.020528976672605,15.34055526300958,0.1309726421214145,0.42556463067331773,0.3393176448622292,1.0657973964545457,,
4556,旭然,2026/06,5613.0,8068.0,63031,1735726,737835,406233,906166,15Z,15Z,3071198.0,2026,-6.812469013386218,-2.311034166434844,8.633018756921828,14.366936327643938,0.2340421241601497,0.42508725455515445,0.5220674230840582,2.2914699670339673,,
4558,寶緯,2026/06,12495.0,258450.0,102691,3154821,1356630,425968,2254275,20A,20A5,927500.0,2026,0.6026658928225962,-0.04400234055002926,9.433163872079467,14.964442317007212,0.13502128963893673,0.4300180580768291,0.7145492565188326,1.008543749391804,,
4561,健椿,2026/06,13539.0,12089.0,207331,2346267,1233287,720154,931813,15A,15A2,2291136.0,2026,-16.150384647199935,-2.2784211804366263,9.513403546466266,14.668336112461295,0.30693608186962523,0.5256379602150991,0.39714704251476923,1.3736497167628408,,
4562,穎漢,2026/06,23079.0,803.0,-28603,2241846,804260,224448,1323621,15A,15A1,2932791.0,2026,36.62017434620174,-2.2784211804366263,10.046721720622037,14.622810191584238,0.10011749245933932,0.35874899524766646,0.5904156663749428,1.898619262875327,,
4563,百德,2026/06,73810.0,42810.0,-157676,4389584,382029,761606,2923068,15A,15A1,2239213.0,2026,4.68315814062135,-2.2784211804366263,11.209263050972009,15.29474501974122,0.17350300165118152,0.08703079836266944,0.6659100270093932,1.1760296647700557,,
4564,元翎,2026/06,20547.0,2779.0,98838,6425999,3730604,831539,2473149,20B,20B,3736247.0,2026,-34.56603094638359,-4.399302720874156,9.930518891587159,15.675862663040126,0.12940229215721943,0.5805484874803124,0.384866072963908,0.9662927118413807,,
4566,時碩工業,2026/06,136781.0,604513.0,274905,11251294,4697703,2001382,6102691,15D,15D,6998155.0,2026,0.5452455116763412,0.030322615797322407,11.82614369656595,16.235993702222377,0.1778801620506939,0.4175255752804966,0.5423990342799682,1.164385714212072,,
4568,科際精密,2026/06,55310.0,30652.0,44437,1717022,416178,537144,653043,15Z,15Z,1333072.0,2026,-0.4497259558919483,-2.311034166434844,10.9207270827385,14.356101952843536,0.31283466373756424,0.24238361535262798,0.38033467247362,1.156720764206865,,
4572,駐龍,2026/06,11293.0,137807.0,80074,3159027,805720,278169,1257410,22B,22B3,5802755.0,2026,0.4189409826786738,0.4189409826786738,9.332026890232783,14.965774626756243,0.08805527778015193,0.255053217335591,0.3980371171249882,2.23491758696586,,
4576,大銀微系統,2026/06,150510.0,80243.0,211052,7563155,3671848,871825,2884823,15A,15A2,25278222.0,2026,-1.6301608863078398,-2.2784211804366263,11.921791450201143,15.838798989140916,0.11527266068195086,0.4854915706474348,0.38143116199522553,3.7237164913319902,,
4577,達航科技,2026/06,42152.0,8901.0,83707,1906612,839041,162732,954092,15A,15A1,4530524.0,2026,-8.404224244466914,-2.2784211804366263,10.649061135274449,14.46083840294817,0.08535139818694103,0.4400690858968684,0.500412249581981,2.8766293299318373,,
4580,捷流閥業,2026/06,11356.0,18472.0,94236,4039621,882045,1234368,1292102,15Z,15Z,3837846.0,2026,-4.10155911650065,-2.311034166434844,9.337589572891646,15.211661433655536,0.30556529931892124,0.21834845397625174,0.3198572341316178,1.2699082413919525,,
4582,聚恆-創,2026/06,3517.0,29908.0,-252075,4035446,968838,722848,2528504,23C,23C7E,,2026,9.428346930587134,0.8643247076616943,8.165647925297504,15.210627386415553,0.17912468658978462,0.2400820132396766,0.6265736178851111,,,
4583,台灣精銳,2026/06,24507.0,25209.0,752756,11130876,3090296,2041713,1197503,15A,15A2,47621574.0,2026,-28.860605339362927,-2.2784211804366263,10.106754873845546,16.225233426354016,0.18342788114789887,0.27763277571325023,0.10758389546339389,4.385915088803433,,
4584,君帆,2026/06,25256.0,83764.0,35734,2033052,920322,293591,981613,15Z,15Z,1203080.0,2026,0.5733966859271286,-2.311034166434844,10.136858624005773,14.525048670246974,0.14440899691695047,0.45268001015222437,0.48282729610457575,1.0745878610089659,,
4585,達明,2026/06,214319.0,15164.0,-14152,7795135,59319,361565,806933,15A,15A1,31435005.0,2026,1.9332629912951729,-2.2784211804366263,12.27522550421849,15.869010379118144,0.046383417349410885,0.007609746335374564,0.10351751444971767,4.136161593096207,,
4588,玖鼎電力,2026/06,22300.0,677.0,-157351,2397589,836636,413620,1538824,15B,15B1,2527518.0,2026,233.42392909896603,-1.4472893873213875,10.012386799492118,14.689974207052812,0.17251497233262247,0.3489488815639378,0.6418214297779978,1.6960129530123804,,
4590,富田-創,2026/06,91880.0,20098.0,456326,6282844,2180404,2500744,2708482,15B,15B1,,2026,-21.705045278137128,-1.4472893873213875,11.428249540505234,15.653333302173452,0.39802739014369926,0.3470409260519599,0.43109171578985567,,,
4609,唐鋒,2026/06,9356.0,2044.0,21905,618816,76729,252717,487944,15C,15C1,242132.0,2026,-9.716731898238747,0.5526186430325462,9.143880005275912,13.335563253843219,0.4083879537697797,0.1239932387010032,0.7885122556624263,1.1797949632847244,,
4702,中美實,2026/06,0.0,29.0,-31344,1634357,74247,483161,312145,17B,17B,730563.0,2026,1081.8275862068965,-0.2166229526273699,0.0,14.306760012790456,0.29562757708383175,0.04542887508665487,0.19098948393771986,0.6379928008384949,,
4706,大恭,2026/06,15639.0,17465.0,32872,1739500,165945,181814,191222,17B,17B,2560572.0,2026,-0.8821643286573146,-0.2166229526273699,9.657587014099303,14.369108273574133,0.10452083932164415,0.09539810290313308,0.1099292900258695,1.5819453866053463,,
4707,磐亞,2026/06,0.0,3060.0,8858,10888590,674268,509031,2620881,17E,17E1,11828850.0,2026,-1.8947712418300653,-5.516589293351267,0.0,16.203226009942306,0.04674902811107774,0.061924271186627466,0.24069976002402516,1.3270525384829441,,
4711,永純,2026/06,3519.0,3635.0,1348,1262510,355846,361188,231403,17F,17F,1034899.0,2026,0.6291609353507566,-0.1876790419128015,8.166216268592143,14.048612360892362,0.2860872389129591,0.28185598529912637,0.18328805316393534,1.0030035405660154,,
4714,永捷,2026/06,24247.0,175196.0,-100019,11811877,3102562,1329796,3819595,17F,17F,2795159.0,2026,1.5708977373912647,-0.1876790419128015,10.09608941873764,16.284616108652553,0.11258126037038821,0.2626646044485563,0.32336901239320387,0.6053234953580162,,
4716,大立,2026/06,15755.0,25448.0,51011,1733858,582963,386902,594250,17F,17F,2252084.0,2026,-1.0045190191763596,-0.1876790419128015,9.664976524090797,14.365859541389165,0.2231451479878975,0.336223035565773,0.3427327958806315,1.6416188638285258,,
4720,德淵,2026/06,54339.0,42112.0,-142390,3797805,1205007,540943,2007364,17F,17F,2902981.0,2026,4.381221504559271,-0.1876790419128015,10.90301588298034,15.149933826224274,0.14243569640884668,0.3172903822076173,0.5285589965782866,1.2929428972788228,,
4721,美琪瑪,2026/06,8637.0,113847.0,-191723,2869718,528615,545378,1422833,17Z,17Z,6913709.0,2026,2.6840408618584592,-0.14370062994675983,9.063926353520646,14.869724325068464,0.19004585119513484,0.1842045106871128,0.4958093443327881,2.9050039063071704,,
4722,國精化,2026/06,19561.0,434320.0,-769490,8308421,3688066,642814,4848217,17F,17F,29832438.0,2026,2.7717121016761834,-0.1876790419128015,9.881344187850438,15.932780136743363,0.07736897299739626,0.4438949350303746,0.5835304927374287,4.174157159344718,,
4726,永昕,2026/06,24824.0,98704.0,85665,3279204,1865959,263738,1871132,17C,17C1D,5299763.0,2026,0.1321020424704166,0.008617877337973031,10.119606488913373,15.00311126798123,0.08042744519706611,0.569028032412744,0.570605549395524,2.186779169578959,,
4728,雙美,2026/06,20538.0,35826.0,538918,2001368,785662,430469,570434,17G,17G4,20614246.0,2026,-14.04265058895774,0.3552450874748451,9.93008079680565,14.509341504702835,0.21508738023192137,0.39256248725871506,0.28502204492127386,10.585099791742449,,
4729,熒茂,2026/06,24670.0,4775.0,89234,3165492,434414,357715,1787308,23C,23C8E,1798453.0,2026,-17.687748691099475,0.8643247076616943,10.113383743764707,14.967819051716244,0.113004550319508,0.13723427511426345,0.5646224978613119,1.1327657754308018,,
4735,豪展,2026/06,36318.0,50435.0,29195,1804073,564493,238016,673528,17G,17G1,1296953.0,2026,0.42113611579260435,0.3552450874748451,10.50009629929654,14.405557444417923,0.13193257700769315,0.3128992008638231,0.3733374425535996,1.0922401698822608,,
4736,泰博,2026/06,148751.0,170231.0,387895,14377537,3676775,2487042,3018741,17G,17G3,11874063.0,2026,-1.2786390257943618,0.3552450874748451,11.91003576869564,16.48117761603222,0.17298108848546173,0.25573051907291217,0.20996231830250203,1.0358383358707406,,
4737,華廣,2026/06,195064.0,30458.0,-82984,5648539,2473467,383708,3536642,17G,17G3,4303329.0,2026,3.7245387090419593,0.3552450874748451,12.181088115336005,15.546907485613202,0.06793048609560809,0.437895002583854,0.6261162399693089,1.3879643922083216,,
4739,康普,2026/06,10664.0,221498.0,-193283,13628181,5208626,3387144,6191962,17Z,17Z,14272540.0,2026,1.8726173599761624,-0.14370062994675983,9.274722630905451,16.427650339154102,0.2485396987316209,0.38219524674642935,0.4543498505046271,1.5016312154938358,,
4741,泓瀚,2026/06,27227.0,11348.0,16295,1154332,539127,265674,219379,17B,17B,1949472.0,2026,-0.43593584772647165,-0.2166229526273699,10.212001134567842,13.959032379647923,0.23015388986877258,0.4670467421850906,0.19004844360201398,1.878879733040408,,
4743,合一,2026/06,303101.0,11229.0,-157082,11266282,579593,361534,872671,17C,17C1E,25083823.0,2026,14.988957164484816,0.008617877337973031,12.621824661506473,16.23732492919045,0.03208991218220882,0.05144492211361299,0.0774586505113222,2.3039094885073887,,
4744,皇將,2026/06,30014.0,4655.0,67304,2271943,635012,531524,1059919,15H,15H,1440784.0,2026,-13.45843179377014,-1.4461885073407443,10.309452535685944,14.6361459704803,0.23395129191181294,0.27950173045714616,0.4665253485672836,1.1006891458104362,,
4746,台耀,2026/06,408350.0,675908.0,246928,13907693,6602909,863133,5611724,17C,17C1A,6481798.0,2026,0.634672174319582,0.008617877337973031,12.919882377663061,16.447952698239572,0.062061551114192696,0.47476666331360634,0.40349783389667865,0.8695562952101402,,
4747,強生,2026/06,7349.0,20347.0,-6312,2558703,616943,261729,820262,17C,17C1B,2216224.0,2026,1.3102177225143756,0.008617877337973031,8.902455592206882,14.755011047445018,0.10228971475001201,0.2411155182918846,0.3205772612139822,1.186728588663866,,
4749,新應材,2026/06,262630.0,939968.0,436117,14568742,4546247,1887114,4211598,17Z,17Z,82891375.0,2026,0.5360299499557432,-0.14370062994675983,12.478505284150014,16.494388832645505,0.1295317056201558,0.3120548774904518,0.28908453454663413,5.978757328532553,,
4754,國碳科,2026/06,25383.0,1198.0,48475,1058652,376333,57299,523340,17Z,17Z,1117443.0,2026,-39.46327212020034,-0.14370062994675983,10.141874333263031,13.872506958680805,0.054124490389665346,0.3554831993894122,0.4943456395491625,1.5498794693629256,,
4755,三福化,2026/06,64712.0,190846.0,322430,10586304,3147123,961352,3556204,17Z,17Z,14048487.0,2026,-0.6894773796673758,-0.14370062994675983,11.077717387662826,16.175071648161364,0.09081091946726638,0.297282507662731,0.3359249838281614,1.6629685865813035,,
4760,勤凱,2026/06,24623.0,104875.0,-434363,2864093,283613,212597,1515884,23D,23D5,11082992.0,2026,5.141721096543504,0.38009350736292824,10.11147685607866,14.867762278602505,0.07422838574026751,0.09902366997161056,0.5292719195919965,4.398906041109699,,
4764,雙鍵,2026/06,32334.0,8798.0,159369,5402062,1733932,695233,2845293,17Z,17Z,25748142.0,2026,-17.114230506933392,-0.14370062994675983,10.383905513880693,15.50229129049949,0.12869770839357267,0.3209759532563677,0.5267049878361263,5.293059391025131,,
4766,南寶,2026/06,295209.0,291117.0,976409,31118967,5802874,8165765,15262917,17F,17F,41416139.0,2026,-2.354008869286232,-0.1876790419128015,12.595442246473452,17.253328062636125,0.2624047578443076,0.18647386335156949,0.4904699118065198,1.8213668853468048,,
4767,誠泰科技,2026/06,18022.0,142.0,19589,1372866,170662,453388,398196,17F,17F,854488.0,2026,-136.95070422535213,-0.1876790419128015,9.799403998992805,14.132411083483253,0.3302492741462022,0.12431074846343343,0.2900472442321392,0.912459045529571,,
4768,晶呈科技,2026/06,77601.0,191812.0,160536,4438549,2482537,813317,2737834,17Z,17Z,17879232.0,2026,0.16305549183575585,-0.14370062994675983,11.259348479035063,15.30583807919526,0.1832393874664896,0.5593127393659505,0.6168308607159683,4.645001328136741,,
4770,上品,2026/06,71377.0,60795.0,440872,10292383,1783319,2267155,1906099,17F,17F,17154852.0,2026,-6.2517805740603665,-0.1876790419128015,11.175744977598654,16.14691466506098,0.22027503251676506,0.17326589964636954,0.18519510982053428,1.8519473089953997,,
4771,望隼,2026/06,104479.0,1118116.0,676113,8160088,4714537,1035790,3545540,17G,17G4,11514216.0,2026,0.3953105044557094,0.3552450874748451,11.556750944510258,15.914765511195865,0.12693368012697903,0.577755656556645,0.434497765220179,1.8455384304679068,,
4772,台特化,2026/06,19254.0,870254.0,733081,8522268,2870360,2475723,3910162,17Z,17Z,40095663.0,2026,0.15762409595359517,-0.14370062994675983,9.865526046249009,15.958193060564414,0.290500486490216,0.3368070565253287,0.4588170660673896,5.163628390940064,,
4806,桂田文創,2026/06,0.0,15079.0,-69303,858599,83154,302695,221341,99H,99H,1039449.0,2026,5.595994429338815,-0.44850575078854305,0.0,13.66305727008522,0.35254525104268697,0.09684847058987955,0.2577932189532017,1.4684270538400348,,
4807,日成-KY,2026/06,36399.0,24889.0,-78958,1727637,342968,89447,652182,99Z,99ZC,1778555.0,2026,4.172405480332677,-3.7872265601243815,10.502324053624832,14.362265136834017,0.05177418635975034,0.1985185545343148,0.37749943998652497,1.4069720664699819,,
4903,聯光通,2026/06,0.0,4054.0,-55049,1919763,53831,219250,751651,23K,23K1,4266432.0,2026,14.578934385791811,2.4156930292402516,0.0,14.46771229888493,0.11420680573591636,0.028040440408529595,0.3915332257158826,2.6139075500465423,,
4904,遠傳,2026/06,0.0,2648638.0,17192360,186038830,40081772,7301190,95962513,23K,23K3,378809025.0,2026,-5.4910191577709,2.4156930292402516,0.0,19.04146597333028,0.03924551664832551,0.21544842009595525,0.5158198049299708,2.552002385738504,,
4905,台聯電,2026/06,23121.0,179626.0,-21366,4925090,491466,208043,1585867,17G,17G9,1989680.0,2026,1.1189471457361406,0.3552450874748451,10.048539824235267,15.409853106533031,0.04224146157735188,0.09978822722021323,0.3219975675571411,0.7259861241114376,,
4906,正文,2026/06,525451.0,670355.0,-1461053,19256597,3435433,3767336,7633741,23K,23K4,19293824.0,2026,3.1795212984165104,2.4156930292402516,13.172014123547799,16.77336426128809,0.19563872059014373,0.17840291303806172,0.3964221196507358,1.3983553272678448,,
4908,前鼎,2026/06,77605.0,9420.0,104615,2112194,324488,198448,347730,23K,23K6,14783013.0,2026,-10.105626326963906,2.4156930292402516,11.259400022769933,14.563237775650386,0.09395349101455643,0.15362604003230765,0.1646297641220456,7.163519544132783,,
4909,新復興,2026/06,6479.0,4110.0,-44397,2680249,236312,1126830,143665,23B,23B2B,4187061.0,2026,11.802189781021898,0.8732908111863595,8.776475789346321,14.801420258618892,0.42041989382329775,0.08816792768134603,0.06423362732568252,1.6157924133168224,,
4911,德英,2026/06,8984.0,2337.0,-1706,977350,363070,143924,100809,17C,17C1E,2035854.0,2026,1.7299957210098418,0.008617877337973031,9.103311799217659,13.792600106381167,0.1472594259988745,0.37148411520949504,0.10314523967872308,2.186179976466977,,
4915,致伸,2026/06,1726958.0,1174057.0,-785442,54653215,9554099,11331278,34238218,23C,23C3,31144146.0,2026,1.6689981832227907,0.8643247076616943,14.361872616256385,17.816518599767722,0.2073304928173027,0.17481311941118194,0.6264630177748921,1.1963132269528882,,
4916,事欣科,2026/06,11253.0,53639.0,-209605,5356138,235369,714559,1748505,23A,23A5B,12718508.0,2026,4.907697757228882,4.400151586482101,9.328478899993224,15.493753750957914,0.13340937070702807,0.04394378934971429,0.32644883309578654,2.701015731857544,,
4919,新唐,2026/06,4868006.0,477206.0,-449455,31257407,5512542,7463701,14534969,23G,23G5H,78491053.0,2026,1.9418469172642423,-0.6891083048626756,15.398195171050723,17.257766930060935,0.23878183497434705,0.17635954255578526,0.46500878975661675,2.976127290405119,,
4923,力士,2026/06,49611.0,3219.0,5795,885968,11724,213997,352470,23G,23G5K,2205318.0,2026,-0.8002485243864554,-0.6891083048626756,10.81198801893522,13.694436111553479,0.24154032651292145,0.013232983584057213,0.397836039224893,2.8869981760063568,,
4927,泰鼎-KY,2026/06,31835.0,320590.0,-382315,19060739,11743303,462353,14840540,23B,23B2B,12770012.0,2026,2.1925356374185094,0.8732908111863595,10.36835300392574,16.76314122773671,0.024256824459954043,0.6160990400214809,0.7785920577371108,1.4485562180983644,,
4930,燦星網,2026/06,132659.0,105791.0,-218927,11219197,936852,2537720,4915109,15C,15C1,1352000.0,2026,3.0694293465417664,0.5526186430325462,11.795544743079548,16.233136886870216,0.226194441545148,0.08350437201521642,0.4380981098736389,0.6053234953580162,,
4931,新盛力,2026/06,48642.0,105853.0,46542,3753010,220948,945694,2142217,23D,23D7,15670274.0,2026,0.5603147761518332,0.38009350736292824,10.79226319236964,15.138068742648647,0.2519828084657382,0.05887221190457793,0.5707997047703044,4.7461879931042015,,
4933,友輝,2026/06,131246.0,87878.0,286852,5180512,469570,1653302,1312280,23C,23C8C,5530155.0,2026,-2.264207196340381,0.8643247076616943,11.784836323049785,15.460414451049989,0.3191387260564207,0.09064161997887467,0.2533108696592152,1.320802847286137,,
4934,太極,2026/06,70419.0,24695.0,61800,2939303,622860,1101281,680279,23C,23C7C,4140000.0,2026,-1.5025308766956873,0.8643247076616943,11.162232592709044,14.893683036378253,0.3746741999718981,0.21190738076339866,0.23144228410612994,1.639939468642736,,
4938,和碩,2026/06,8179980.0,9974666.0,-37820192,671460526,90260722,108848258,417462836,23A,23A1,224755287.0,2026,4.791624902528064,4.400151586482101,15.628457479489317,20.324965787389544,0.1621067118396771,0.1344244650354919,0.6217235709847223,0.956449557542568,,
4939,亞電,2026/06,43043.0,58289.0,-109568,3029281,849130,410591,1512029,23B,23B3C,6314324.0,2026,2.8797371716790474,0.8732908111863595,10.669978127320283,14.923835855597567,0.13554074382667042,0.28030743929004936,0.4991379142443372,2.5835678499287456,,
4942,嘉彰,2026/06,73176.0,81346.0,134627,11333133,3912200,1537681,2093591,23D,23D9A,5360155.0,2026,-0.6549922553045018,0.38009350736292824,11.200636442925564,16.243241117285507,0.13568013364000933,0.3452002195685871,0.18473188305475635,0.6576950963162613,,
4946,辣椒,2026/06,0.0,807.0,-29575,299449,7452,146667,126583,23X,23X2,925139.0,2026,37.64807930607187,-2.9683442828733075,0.0,12.953599103928836,0.48978958019562596,0.024885706748060604,0.42271972856813683,3.5121907236290655,,
4949,有成精密,2026/06,30658.0,36591.0,-130401,2802140,81325,762159,1038310,23C,23C7D,5250780.0,2026,4.563745183241781,0.8643247076616943,10.330681536107859,14.845893968942121,0.27199176343794385,0.02902246140449799,0.3705418001955648,2.2443882175765664,,
4950,金耘國際,2026/06,0.0,1243.0,-103460,1328155,144299,123798,568818,99B,99B,923664.0,2026,84.23411102172165,-2.3641251140379764,0.0,14.099301319075103,0.0932105063038576,0.10864620469749389,0.4282768201000636,1.1237257699590786,,
4951,精拓科,2026/06,51798.0,1045.0,139942,1109628,415683,293537,172182,23G,23G5F,3288549.0,2026,-132.9157894736842,-0.6891083048626756,10.855126123041925,13.919535381983053,0.2645364031909793,0.3746147357492781,0.15517092214688166,3.1188209021401767,,
4952,凌通,2026/06,257079.0,9495.0,91926,3198306,432262,878226,985305,23G,23G5H,6256920.0,2026,-8.681516587677725,-0.6891083048626756,12.457142599485222,14.978131852601539,0.27459098660353326,0.13515342184268797,0.30807089753138067,2.26439402608756,,
4953,緯致,2026/06,25973.0,35395.0,-329930,6769318,746691,1323564,2674729,23X,23X1,8997081.0,2026,10.32137307529312,-2.9683442828733075,10.164851316670035,15.727910901261552,0.19552398040688884,0.11030520356703585,0.3951253287258776,1.7242224401335555,,
4956,光鋐,2026/06,37940.0,58503.0,-91994,2952488,1073072,258559,1260888,23C,23C6B,3855667.0,2026,2.5724663692460217,0.8643247076616943,10.543787600548086,14.898158762693152,0.08757326024695104,0.36344669309409555,0.42705948339163446,1.7329638596329604,,
4958,臻鼎-KY,2026/06,7794271.0,29198852.0,12012424,349706317,149656039,96919778,138872149,23B,23B2C,698599440.0,2026,0.588599442197248,0.8732908111863595,15.628457479489317,19.672604265925354,0.2771462032240041,0.4279477713866976,0.3971107819593662,2.3947854193323024,,
4960,誠美材,2026/06,199195.0,758750.0,230917,12848656,4413009,1632720,5777000,23C,23C8C,14950086.0,2026,0.6956612850082372,0.8643247076616943,12.202044543609738,16.36874977239575,0.12707321294927656,0.3434607479568291,0.4496190107354419,1.613171525488736,,
4961,天鈺,2026/06,1429771.0,570218.0,2112663,28622054,1409374,1797284,5924703,23G,23G5G,20006910.0,2026,-2.705009312227955,-0.6891083048626756,14.173025548964652,17.169688097511788,0.06279367651252422,0.04924084064686622,0.20699782761921978,0.9060011206742884,,
4966,譜瑞-KY,2026/06,1477151.0,123235.0,784447,25939462,335552,10407260,3789406,23G,23G5F,49664582.0,2026,-5.365456242139003,-0.6891083048626756,14.205626467525214,17.071275996467868,0.4012134099003287,0.012935966058201208,0.1460865302449218,2.0607207659125697,,
4967,十銓,2026/06,82733.0,35328.0,-4583853,22589964,411307,979317,11446552,23G,23G3B,25489673.0,2026,130.7512737771739,-0.6891083048626756,11.323385921069796,16.933016294817417,0.04335186191531779,0.018207510202318162,0.5067096167129793,1.635072326808489,,
4968,立積,2026/06,336251.0,22290.0,17500,3598717,106269,1038570,900583,23G,23G5B,10650255.0,2026,0.2148945715567519,-0.6891083048626756,12.725616157835887,15.096087951015837,0.2885945185464709,0.02952969072033172,0.25025113116702424,3.2097100160974037,,
4972,湯石照明,2026/06,36128.0,15082.0,-49051,1830772,380554,525993,394656,15C,15C4,958580.0,2026,4.2522874950271845,0.5526186430325462,10.494851145928589,14.420248293784065,0.2873066662588242,0.20786531583397605,0.21556807729198393,0.7391614029491383,,
4973,廣穎,2026/06,62300.0,12204.0,-292951,6839228,245805,744227,3373345,23G,23G3B,11328336.0,2026,25.004506719108488,-0.6891083048626756,11.03973275601109,15.738185417731868,0.10881739868885787,0.03594045994664895,0.49323476275392486,2.1496111841862855,,
4974,亞泰,2026/06,32581.0,2886.0,340194,4797876,113091,3294833,1515022,23C,23C2,5089500.0,2026,-116.87733887733887,0.8643247076616943,10.391515267626115,15.383683877946103,0.6702412270449687,0.023571055191922426,0.31576931125356306,1.376551207242538,,
4976,佳凌,2026/06,46597.0,22105.0,-139707,2352956,806923,744751,328939,23U,23U1,5300663.0,2026,7.320153811354897,0.6287322940719774,10.74931290073778,14.67118296800215,0.31651718094176007,0.3429401144772788,0.1397981942713761,2.392565776835606,,
4979,華星光,2026/06,32795.0,235138.0,527866,6267442,1102907,2987573,1815302,23K,23K6,67688148.0,2026,-1.2449200044229347,2.4156930292402516,10.398061835716069,15.650878854883214,0.4766813956954049,0.17597402576681204,0.2896400158150646,11.089604020268556,,
4989,榮科,2026/06,12629.0,9097.0,-293001,2535151,315298,169518,1039201,23B,23B3X,15083432.0,2026,33.20853028470925,0.8732908111863595,9.443830215344537,14.745763759308383,0.06686702291106131,0.12437050100763229,0.4099168057445099,6.359634199304105,,
4994,傳奇,2026/06,152099.0,112.0,41922,1472350,2050,1075737,603476,23X,23X2,6113874.0,2026,-373.30357142857144,-2.9683442828733075,11.932293478247384,14.20237032174687,0.6702412270449687,0.0013923319862804361,0.40987265256223043,4.562332325873603,,
4995,晶達,2026/06,40361.0,9533.0,45614,1767250,742434,236350,819874,23C,23C1,1908122.0,2026,-3.7848526172243786,0.8643247076616943,10.60564402725366,14.384935224033201,0.13373885981043995,0.4201069458197765,0.46392643938322253,1.543638987126892,,
4999,鑫禾,2026/06,41799.0,63267.0,55914,3755089,1078275,570107,626487,23D,23D9A,1495782.0,2026,0.11622172696666509,0.38009350736292824,10.640651618512848,15.138622544630516,0.15182250007922582,0.2871503178752887,0.166836791351683,0.6053234953580162,,
5007,三星,2026/06,17491.0,30345.0,603077,8471321,2995570,1446021,1264589,20A,20A1,16634616.0,2026,-18.87401548854836,-0.04400234055002926,9.76949891253281,15.952197016686993,0.17069604610662256,0.353613090567575,0.1492788432878414,2.112917808214327,,
5009,榮剛,2026/06,25752.0,1041646.0,1548142,33912649,9571927,2121944,16108976,20A,20A6,19038084.0,2026,-0.4862458071168132,-0.04400234055002926,10.156306404160087,17.339298629599828,0.06257087141732869,0.2822524126617181,0.4750137920514555,1.036399722121383,,
5011,久陽,2026/06,0.0,9944.0,180699,5571682,738420,762392,2961273,20A,20A1,2461479.0,2026,-17.17166130329847,-0.04400234055002926,0.0,15.533207541183584,0.13683336557972978,0.13253089462033188,0.5314863626459658,0.9732701902226294,,
5013,強新,2026/06,2263.0,140582.0,192248,9033810,3248591,951860,3696874,20A,20A1,3588890.0,2026,-0.36751504460030443,-0.04400234055002926,7.724888439323074,16.016484763317337,0.10536639579535102,0.35960364453093435,0.4092264504123952,0.806499583232324,,
5014,建錩,2026/06,0.0,28323.0,-287743,9115521,2731372,514403,6458649,20A,20A6,1997589.0,2026,11.159340465346185,-0.04400234055002926,0.0,16.02548912299131,0.0564315522941585,0.29963970243719473,0.7085331710606558,0.9276746770700216,,
5015,華祺,2026/06,18692.0,11836.0,-4114,2558384,356611,1100210,1354027,20A,20A1,1376505.0,2026,1.3475836431226766,-0.04400234055002926,9.835904401212332,14.754886367133578,0.43004099462785883,0.13938916128305992,0.5292508864971013,1.067287787916122,,
5016,松和,2026/06,2218.0,22114.0,71081,2660267,827278,440514,1151051,20A,20A1,1218220.0,2026,-2.214298634349281,-0.04400234055002926,7.704811922932594,14.793937051660404,0.1655901456507937,0.3109755524539454,0.4326825089361331,0.890613987242634,,
5201,凱衛,2026/06,27442.0,12029.0,-15191,955316,287379,177217,315427,23X,23X1,1042291.0,2026,2.2628647435364537,-2.9683442828733075,10.219866405309856,13.769797454783182,0.18550615712497226,0.3008208802113646,0.33018079881421436,1.4212239719632038,,
5202,力新,2026/06,31603.0,1220.0,-42432,1130707,48108,98090,79063,23X,23X9,1305227.0,2026,35.78032786885246,-2.9683442828733075,10.361038973842623,13.938353658759395,0.08675103276091861,0.04254683131881203,0.06992350803523813,1.2242694172760937,,
5203,訊連,2026/06,367915.0,6486.0,252977,6085477,414776,674961,1705239,23X,23X9,5343149.0,2026,-38.00354609929078,-2.9683442828733075,12.815609930226026,15.621415670813803,0.11091340908855625,0.06815833828638249,0.28021451728434765,1.1582309817291232,,
5206,坤悅,2026/06,0.0,2434.0,260388,17586671,9476,1179432,13491342,25A,25A,3902035.0,2026,-105.97945768282662,10.140183271179907,0.0,16.682651843544036,0.06706397134511699,0.0008501028267625401,0.7671344963466935,0.9890090626020126,,
5209,新鼎,2026/06,5223.0,2315.0,1106100,4890780,95086,2257951,3854856,25C,25C,4856390.0,2026,-476.79697624190067,-24.029258640696145,8.561018670956267,15.402862357933268,0.46167502934092314,0.019441888614903962,0.7881883871284335,1.7811567888966586,,
5210,寶碩,2026/06,40973.0,1206.0,37931,1009030,322700,396472,163637,23X,23X1,2337964.0,2026,-30.45190713101161,-2.9683442828733075,10.620692998189144,13.824500031302073,0.39292389720820986,0.3198120967662012,0.16217258158825804,2.479213700286414,,
5211,蒙恬,2026/06,13764.0,945.0,-13896,391786,109388,48115,40566,23X,23X9,693341.0,2026,15.704761904761904,-2.9683442828733075,9.529884417576708,12.953599103928836,0.12280939084091826,0.27920344269575736,0.1035412189307428,1.8732343677415733,,
5212,凌網,2026/06,101362.0,2050.0,-87021,1204430,80224,271953,633918,23X,23X1,1627751.0,2026,43.44926829268293,-2.9683442828733075,11.526463412031372,14.001516983947717,0.22579394402331393,0.0666074408641432,0.526321994636467,1.8777919845902211,,
5213,亞昕,2026/06,0.0,37928.0,3617280,70028942,2473760,1849834,54169654,25A,25A,16121815.0,2026,-94.3722843282008,10.140183271179907,0.0,18.06441917170664,0.02641527841445898,0.03532482327092704,0.7735323775132859,1.003748835731375,,
5220,萬達光電,2026/06,18835.0,2518.0,46254,1244363,511220,299028,499219,23C,23C8E,833007.0,2026,-17.369340746624307,0.8643247076616943,9.843525211363445,14.034134310358821,0.24030608431783973,0.41082867298368725,0.40118438108494064,1.070608817523504,,
5222,全訊,2026/06,41211.0,11676.0,164790,3468608,520953,416820,544016,23K,23K2,11526554.0,2026,-13.113566289825282,2.4156930292402516,10.62648475506496,15.059263918702005,0.12016924368507483,0.15019079699983393,0.1568398619849807,3.479946422311198,,
5223,安力-KY,2026/06,31792.0,26677.0,-2006,3702005,1410465,460403,1330495,23D,23D9A,1113750.0,2026,1.0751958616036286,0.38009350736292824,10.367001418750867,15.124385122735953,0.12436585039728472,0.3810002957856621,0.35939848811657465,0.6602489731915543,,
5225,東科-KY,2026/06,0.0,86616.0,-243630,6516441,828217,898454,3350484,23U,23U2,5689878.0,2026,3.8127597672485454,0.6287322940719774,0.0,15.689838925971927,0.13787495352140838,0.12709652400750654,0.5141585721408358,1.3873158676645734,,
5227,立凱-KY,2026/06,53942.0,41663.0,-115251,878572,222642,338250,246508,23D,23D7,3264000.0,2026,3.766267431533975,0.38009350736292824,10.895683212499748,13.68605314113368,0.3849997495936588,0.2534134937148008,0.2805780288923389,3.9956975637739425,,
5228,鈺鎧,2026/06,13503.0,12879.0,69056,1248245,777528,92660,668368,23D,23D5,2557363.0,2026,-4.361906980355617,0.38009350736292824,9.510741216835738,14.037249122746982,0.0742322220397438,0.6228969473140289,0.5354461664176504,2.5842130351012824,,
5230,雷笛克光學,2026/06,41229.0,31102.0,83135,2338284,1008244,289742,1037774,23C,23C6C,1200707.0,2026,-1.672979229631535,0.8643247076616943,10.626921425700946,14.664927884980132,0.12391223649479705,0.43118971006088225,0.44381862938804695,0.9573178450521835,,
5234,達興材料,2026/06,309681.0,187119.0,410615,4840797,1541749,110430,1525520,23C,23C8C,40110598.0,2026,-1.1944056990471303,0.8643247076616943,12.643301243510189,15.392589934557781,0.02281235920448637,0.3184907361329137,0.3151381890213533,8.601087382924755,,
5236,凌陽創新,2026/06,207188.0,2178.0,-294484,3556920,7571,2042815,1084437,23G,23G5Z,10110674.0,2026,136.20844811753904,-0.6891083048626756,12.241386699155116,15.084405559814583,0.5743213229423209,0.00212852692779146,0.3048809082014777,3.1474171474196777,,
5244,弘凱,2026/06,35608.0,37392.0,-5496,2762251,919755,1055715,1001708,23C,23C6C,2449888.0,2026,1.1469833119383825,0.8643247076616943,10.480353693878078,14.83155648499907,0.3821937253348809,0.33297299919522155,0.36264191776923965,1.2495591457836381,,
5245,智晶,2026/06,25185.0,17286.0,-7767,1632562,676624,273903,1025898,23C,23C8A,1231967.0,2026,1.4493231516834433,0.8643247076616943,10.134043563565792,14.305661117972045,0.1677749451475656,0.4144553162452636,0.6283975738746829,1.3830194504098465,,
5251,天鉞電,2026/06,16350.0,495.0,-13916,510092,37381,132909,78683,23C,23C9,1082829.0,2026,29.113131313131312,0.8643247076616943,9.702044336534586,13.142346380588663,0.26055887957466495,0.07328285877841645,0.15425256620374364,2.2770637453635816,,
5258,虹堡,2026/06,351742.0,34944.0,-703719,9300503,465705,1494835,4669671,23A,23A5A,5391330.0,2026,21.138478708791208,4.400151586482101,12.770656074281106,16.045579042682395,0.16072625319297246,0.05007309819694698,0.5020880053476677,1.0817695559046645,,
5263,智崴,2026/06,92301.0,188165.0,83758,6489748,1326386,836904,2655522,23Z,23Z,7282795.0,2026,0.5548693965402705,0.4712413208368661,11.432821088728558,15.685734258958766,0.12895785783978053,0.20438174178720037,0.40918722884155134,1.5313871971608142,,
5269,祥碩,2026/06,1172403.0,212350.0,2011243,43295941,519889,5351204,7428873,23G,23G5F,109010790.0,2026,-8.471358606074876,-0.6891083048626756,13.9745668996179,17.58356944723923,0.12359597404292472,0.012007799992151688,0.17158359024925685,2.6893898206300677,,
5272,笙科,2026/06,69949.0,832.0,-74488,988691,416246,57307,166115,23G,23G5B,1171851.0,2026,90.52884615384616,-0.6891083048626756,11.155535980093628,13.804137124981448,0.057962497888622434,0.42100717008650834,0.16801508256877024,1.353270131921905,,
5274,信驊,2026/06,778463.0,318383.0,3154941,14326796,475871,6743438,6509687,23G,23G5Z,623560485.0,2026,-8.90926337147398,-0.6891083048626756,13.565078026412394,16.477642187924413,0.47068709570513884,0.03321545166134843,0.4543714449483332,43.97844235375446,,
5278,尚凡*,2026/06,20212.0,322.0,124689,8260585,3874,7067608,3071872,23E,23E2,7440000.0,2026,-386.2329192546584,-10.719285581878328,9.914081240746999,15.927005966233866,0.6702412270449687,0.0008501028267625401,0.3718709994510074,1.2725336038549329,,
5283,禾聯碩,2026/06,33005.0,7882.0,-357202,9441806,1408712,921754,4406724,15C,15C1,4625333.0,2026,46.318700837350924,0.5526186430325462,10.404444642103513,16.0606578333829,0.09762475526398233,0.14919942222917945,0.4667246922887422,0.9566026880874273,,
5284,jpp-KY,2026/06,15212.0,302764.0,766177,8241290,2659215,1618040,4493977,23D,23D9A,20443145.0,2026,-1.5306079983089138,0.38009350736292824,9.62990560446313,15.924667443030508,0.19633334101821437,0.3226697519441738,0.5453001896547749,3.0258760461044325,,
5285,界霖,2026/06,62330.0,43440.0,-3398,5680788,1257882,1360180,2597970,23G,23G4,9826548.0,2026,1.0782228360957642,-0.6891083048626756,11.040214173312895,15.552600513469251,0.23943509245548328,0.2214273794410212,0.4573256386261906,2.1871117175997417,,
5287,數字,2026/06,52807.0,8826.0,330457,4617164,987053,1179143,1821877,23E,23E1,8926028.0,2026,-36.441309766598685,-10.719285581878328,10.874417973368606,15.345291221759291,0.25538252485725005,0.21377906437804678,0.3945878898821874,2.3278152996081576,,
5288,豐祥-KY,2026/06,59897.0,184271.0,128215,8625479,2055274,1666168,2265721,15D,15D,12476121.0,2026,0.30420413412853897,0.030322615797322407,11.00039839456448,15.970231055571503,0.193168170718403,0.23827940454089563,0.2626777017253187,1.7091041552590875,,
5289,宜鼎,2026/06,696158.0,206426.0,928573,46097307,3171581,9477319,22584370,23G,23G3B,155623015.0,2026,-3.4983335432552103,-0.6891083048626756,13.453333361502084,17.64626508977467,0.2055937671152894,0.06880187165814264,0.48992818604349275,3.865895788662882,,
5291,邑昇,2026/06,11439.0,54132.0,-21391,2276078,622055,187267,1279357,23B,23B2B,2488325.0,2026,1.3951636739821178,0.8732908111863595,9.344871264933788,14.637964344291397,0.08227617858438946,0.2733012664768079,0.5620883818568608,1.6553395797507817,,
5292,華懋,2026/06,19356.0,10533.0,397334,4590062,369223,1548513,2678150,23H,23H1,9242706.0,2026,-36.72277603721637,-1.06809951238677,9.870809390145546,15.339404089570774,0.3373621097057077,0.08043965419203487,0.5834670642793061,2.597101302771074,,
5299,杰力,2026/06,102897.0,9122.0,187440,4138952,162790,253248,816966,23G,23G5K,6259347.0,2026,-19.54812541109406,-0.6891083048626756,11.541493485287285,15.235953173659517,0.06118650325009809,0.03933121234554061,0.19738474860302802,1.7096871381934364,,
5301,寶得利,2026/06,0.0,98.0,-6282,739993,52571,6006,217721,29B,29B,415107.0,2026,65.10204081632654,-2.653335981951226,0.0,13.514396005676153,0.010873449336980059,0.07104256391614515,0.2942203507330475,0.8551810625235644,,
5302,太欣,2026/06,6342.0,443.0,-1171,1736341,164444,15004,493591,23G,23G5H,2022583.0,2026,3.6433408577878104,-0.6891083048626756,8.755107121633896,14.367290583484296,0.010873449336980059,0.09470720325097431,0.2842707740011899,1.4491243367518247,,
5306,桂盟,2026/06,22312.0,108684.0,450296,14529608,3587685,2044694,5028835,15E,15E,10773086.0,2026,-3.143167347539656,-3.143167347539656,10.012924747234504,16.491699056517703,0.14072602646953725,0.2469223533078112,0.346109475217776,1.087566918529392,,
5309,系統電,2026/06,229109.0,257841.0,-27103,8450731,2110877,3336203,2786304,15D,15D,14550921.0,2026,1.1051151678747755,0.030322615797322407,12.34195751655054,15.94976350446742,0.3947827708632543,0.24978632026034198,0.32971159536376204,2.051565124957829,,
5312,寶島科,2026/06,0.0,88364.0,415402,9972761,1286456,162730,5686319,17X,17X2,5291286.0,2026,-3.7010320945181294,-5.350321019125554,0.0,16.115368034392144,0.016317447094139726,0.12899697485982067,0.5701850269950318,1.1007588570507205,,
5314,世紀*,2026/06,31428.0,43419.0,-69310,7967940,1698615,1377957,3949706,99Z,99ZX,19505600.0,2026,2.596305764757364,-3.7872265601243815,10.355486312549846,15.890936548097738,0.17293767272343918,0.21318119865360433,0.49569976681551314,2.9437101685002647,,
5315,光聯,2026/06,13556.0,5047.0,217682,2290679,137571,732845,560434,23C,23C8D,2456731.0,2026,-42.13096889241133,0.8643247076616943,9.51465829807939,14.64435883813126,0.3199247908589549,0.06005686523515517,0.24465846153040213,1.3171487580756622,,
5321,美而快,2026/06,0.0,32291.0,-7354,4864763,1555111,442571,4021766,23E,23E1,3745255.0,2026,1.2277414759530518,-10.719285581878328,0.0,15.397528557102149,0.09097483268969116,0.3196683990566447,0.8267136549098075,1.5965877474401118,,
5324,士開,2026/06,0.0,4657.0,-681733,11099183,257514,518551,9508292,25A,25A,2773143.0,2026,147.38887695941594,10.140183271179907,0.0,16.22238205997008,0.04671974504790127,0.023201167148969432,0.8566659365828998,1.1065170292263855,,
5328,華容,2026/06,4638.0,345.0,426443,2919635,93815,629356,643889,23D,23D5,12279752.0,2026,-1235.0666666666666,0.38009350736292824,8.442254104751743,14.886969166431314,0.21555982169004,0.03213244121268583,0.2205374986941861,4.426457759274704,,
5340,建榮,2026/06,8485.0,162513.0,149325,3132401,1454052,245341,759762,23B,23B3B,18651356.0,2026,0.08115043104243969,0.8732908111863595,9.04617302576227,14.957310361102898,0.07832362459340295,0.46419727231602853,0.2425494053922215,6.196881561460362,,
5344,立衛,2026/06,2158.0,15510.0,4674,633094,291025,54062,127719,23G,23G2,1239373.0,2026,0.6986460348162475,-0.6891083048626756,7.677400430514807,13.358374189311508,0.08539332231864462,0.4596868711439375,0.20173781460572995,2.1593823350087034,,
5347,世界,2026/06,1290335.0,38447545.0,17191258,219186834,132304812,37866080,126275603,23G,23G1A,405986688.0,2026,0.5528646107313224,-0.6891083048626756,14.070413207538985,19.205435047365615,0.17275709178773027,0.6036166022636196,0.5761094345657641,2.4283497383789028,,
5348,正能量智能,2026/06,8442.0,5229.0,-6413,233618,10048,60790,100313,29A,29A9,243804.0,2026,2.226429527634347,-3.3184315681370937,9.0410929746695,12.953599103928836,0.26021111386965046,0.04301038447379911,0.4293890025597343,1.4729900949413144,,
5351,鈺創,2026/06,782138.0,115330.0,2236426,12284340,681932,3167699,4986306,23G,23G5E,28525692.0,2026,-18.39153732766843,-0.6891083048626756,13.569787753092516,16.323835838440505,0.25786480999386213,0.055512302655250506,0.4059075212831947,2.7280259256907575,,
5353,台林,2026/06,53114.0,8171.0,89819,2288544,405857,629812,826684,23K,23K4,2413115.0,2026,-9.992412189450496,2.4156930292402516,10.880214653214114,14.643426365458627,0.2752020498622705,0.1773428870058867,0.36122705091097224,1.415659476068627,,
5355,佳總,2026/06,6909.0,8694.0,-70893,1057283,333092,173086,334960,23B,23B2B,1031624.0,2026,9.154244306418219,0.8732908111863595,8.840724916761715,13.871212967900348,0.16370829758919797,0.3150452622429378,0.31681205505053994,1.2925432452805918,,
5356,協益,2026/06,8525.0,108579.0,-179636,6088279,880574,827290,1700593,13B,13B,2843904.0,2026,2.65442673076746,0.9614354201917654,9.050875597325156,15.621876005331677,0.13588240617750927,0.14463430470252758,0.27932244892193675,0.746433762316083,,
5371,中光電,2026/06,1384550.0,1064597.0,2412056,62249038,11775978,9830089,27687733,23C,23C8B,33976249.0,2026,-1.265698663437902,0.8643247076616943,14.140886457317743,17.946653639374418,0.15791551670244286,0.1891752608289304,0.4447897331361169,0.9906013647953885,,
5381,光譜,2026/06,76.0,40017.0,200994,5127042,1795209,607042,2752342,15B,15B1,5825733.0,2026,-4.022715345977959,-1.4472893873213875,4.343805421853684,15.450039442657387,0.11840004431405086,0.3501451714263312,0.5368284480603046,1.673104101741316,,
5386,青雲,2026/06,3412.0,129.0,-1814761,9163568,2175,432632,5964979,23T,23T2,17030232.0,2026,14068.91472868217,2.778077807780778,8.135346948906706,16.030746180457882,0.047212177614658395,0.0008501028267625401,0.6509450249073286,2.5094167468392223,,
5388,中磊,2026/06,1765591.0,374784.0,-3461479,58212114,6420360,5560434,42014232,23K,23K4,24590914.0,2026,10.235930562670765,2.4156930292402516,14.38399660287679,17.879604035372537,0.09552022110037096,0.11029250715753082,0.7217437937402514,1.1441801615381981,,
5392,能率,2026/06,36784.0,338937.0,209203,15595856,2780871,3144943,7442942,23D,23D4,8077712.0,2026,0.3827672989375607,0.38009350736292824,10.512845432366365,16.5625157959053,0.2016524774273371,0.17830832754547105,0.4772384407755496,0.995178078074073,,
5398,慕康生醫,2026/06,681.0,63.0,46964,570737,10594,105110,52064,17C,17C1B,835959.0,2026,-744.4603174603175,0.008617877337973031,6.525029657843462,13.254683787084897,0.18416538615859845,0.018561964617678544,0.0912224019119139,1.555923306181306,,
5403,中菲,2026/06,128838.0,21330.0,-63360,4616161,983951,509014,2085090,23X,23X1,7231280.0,2026,3.970464135021097,-2.9683442828733075,11.766318841850282,15.345073965244667,0.11026781778191878,0.213153527357473,0.4516935176221107,2.0182073372224236,,
5410,國眾,2026/06,30109.0,4041.0,694452,10284352,67720,1911625,8680783,23T,23T1,4115073.0,2026,-170.85152190051969,2.778077807780778,10.312612621475779,16.146134074709032,0.18587704893803714,0.00658476100390185,0.8440768071726833,1.244206343773531,,
5425,台半,2026/06,399866.0,236757.0,180595,22063492,4147020,3368463,11159358,23D,23D1,31749943.0,2026,0.23721368322795103,0.38009350736292824,12.898887270799738,16.909434854819782,0.15267134504365854,0.18795846097254235,0.5057838532540543,1.9448100509203168,,
5426,振發,2026/06,21863.0,153170.0,36616,3175146,974426,635815,871704,23D,23D4,4500940.0,2026,0.7609453548344977,0.38009350736292824,9.992596727607904,14.970864173503655,0.20024748468259412,0.306891714585723,0.2745398164367875,1.6920935289274888,,
5434,崇越,2026/06,30133.0,224270.0,887401,48203493,9988929,7107668,25964074,23T,23T2,106510392.0,2026,-2.956842199134971,2.778077807780778,10.313409381361234,17.690942045274756,0.1474513060702883,0.2072241735676707,0.5386347001865611,2.7482337431438837,,
5438,東友,2026/06,42461.0,1965.0,-46622,3693113,34368,383179,451991,23C,23C2,2087561.0,2026,24.726208651399492,0.8643247076616943,10.65636483730384,15.121980291796039,0.10375501643193696,0.009305970329096348,0.12238753593513114,0.6876453550162153,,
5439,高技,2026/06,29448.0,589688.0,829383,12481572,3191869,2488777,8446600,23B,23B2B,28869359.0,2026,-0.4064776627640379,0.8732908111863595,10.290415232645834,16.33976387451153,0.19939611773260613,0.25572652226818865,0.6767256560311473,2.989684232082305,,
5443,均豪,2026/06,171672.0,28176.0,103133,30699041,1431559,1320509,8142583,23H,23H2,19028279.0,2026,-2.6603137421919363,-1.06809951238677,12.053346783501109,17.2397419742845,0.04301466615846404,0.046632043000952375,0.26523900209130313,0.8850720125100976,,
5450,南良,2026/06,33134.0,41328.0,67502,3570554,895670,766960,1772122,17Z,17Z,1823805.0,2026,-0.6333236546651181,-0.14370062994675983,10.408345404522327,15.08823132378916,0.21480140056697083,0.2508490279099546,0.49631569778807433,1.0071061801613979,,
5452,佶優,2026/06,4817.0,58452.0,-303687,4652517,554146,977847,2214444,23T,23TZ,5087729.0,2026,6.195493738452063,2.778077807780778,8.480114183174816,15.352918921441356,0.21017591123256507,0.11910671148541746,0.47596687986309344,1.5695102242506582,,
5455,昇益,2026/06,0.0,112.0,-902418,5419761,838,195775,4056796,25A,25A,1768554.0,2026,8058.303571428572,10.140183271179907,0.0,15.505562276502616,0.036122441561537495,0.0008501028267625401,0.7485193535286888,1.074835218748576,,
5457,宣德,2026/06,626150.0,1129024.0,1144495,34159389,8594597,6973081,22112192,23D,23D2,6710304.0,2026,-0.013702985941840032,0.38009350736292824,13.34734683505231,17.346548040307816,0.2041336570744869,0.25160277310580703,0.6473239904847244,0.8437649748360546,,
5460,同協,2026/06,4064.0,5560.0,14475,823163,194574,29698,78737,23D,23D9A,922815.0,2026,-1.6034172661870503,0.38009350736292824,8.310169021981912,13.620909515941802,0.03607790923547341,0.23637359793868287,0.09565177249220386,1.216711635484102,,
5464,霖宏,2026/06,11777.0,24378.0,-46342,4151062,1378824,416424,2830263,23B,23B2B,7036029.0,2026,2.900976290097629,0.8732908111863595,9.373988663504516,15.238874763083594,0.10031746092927545,0.332161745596669,0.6818166050037315,2.376811524376172,,
5465,富驊,2026/06,40744.0,55865.0,730049,4903865,639916,518960,1787644,23D,23D4,3677307.0,2026,-12.068092723529938,0.38009350736292824,10.61508841175432,15.405534227671144,0.10582673054825123,0.13049217301047236,0.36453776765877527,1.1144170975342917,,
5468,凱鈺,2026/06,2493.0,80.0,25263,692737,79672,76251,129128,23G,23G5B,1803044.0,2026,-314.7875,-0.6891083048626756,7.821643126239982,13.448405696760622,0.11007207641572488,0.11501045851455892,0.18640263187905368,2.789185506187774,,
5469,瀚宇博,2026/06,257253.0,2812003.0,93775,152283947,21489249,23690680,66753431,23B,23B2B,43414624.0,2026,0.9666518847952865,0.8732908111863595,12.457819202652184,18.841257408501747,0.15556912246305252,0.1411130288079544,0.43834844259717015,0.7234384002405716,,
5471,松翰,2026/06,421200.0,54831.0,282830,4444985,685654,1556226,833421,23G,23G5H,10341223.0,2026,-4.158213419416024,-0.6891083048626756,12.95086543340818,15.30728705234627,0.35010826808189455,0.1542533889315712,0.18749692068702145,2.5139891360713253,,
5474,聰泰,2026/06,101004.0,2728.0,125244,2588543,11807,598020,629325,23A,23A4B,6679176.0,2026,-44.910557184750736,4.400151586482101,11.522925299548563,14.766605727123531,0.2310257160108988,0.004561253183740815,0.24311939187411605,2.8234033585688936,,
5475,德宏,2026/06,44266.0,42984.0,142028,2973635,1023201,151404,1892928,23B,23B3B,31082552.0,2026,-2.304206216266518,0.8732908111863595,10.697994757448491,14.905295668140731,0.050915462052336616,0.3440909862844633,0.6365703928020756,11.089282981939613,,
5478,智冠,2026/06,157051.0,19745.0,1857338,20089140,332601,4447473,10091993,23X,23X2,16309733.0,2026,-93.06624461889086,-2.9683442828733075,11.964332239683541,16.815689928508007,0.22138692845985442,0.016556258754730168,0.5023606286779823,1.3142287823172123,,
5483,中美晶,2026/06,1637576.0,6942492.0,5366003,270496442,126750797,36736775,147767732,23G,23G3C,115419960.0,2026,0.22707825950681687,-0.6891083048626756,14.308728268286766,19.41576950274471,0.13581241486348275,0.46858581969813856,0.5462834590630216,0.9729802360949354,,
5484,慧友,2026/06,46044.0,716.0,172694,1084890,13988,82273,532183,23C,23C9,3052806.0,2026,-240.1927374301676,0.8643247076616943,10.737374458155468,13.896989157328665,0.07583533814488105,0.01289347307100259,0.49054097650453043,3.304472342818166,,
5487,通泰,2026/06,13724.0,609.0,-6476,573035,74353,238888,51134,23G,23G5H,673399.0,2026,11.633825944170772,-0.6891083048626756,9.526974266377731,13.25870207585588,0.41688204036402665,0.12975298192955056,0.08923364192414075,1.2643782665980263,,
5488,松普,2026/06,3941.0,1711.0,-52410,1445841,152344,288242,431197,23D,23D2,1190618.0,2026,31.631209818819404,0.38009350736292824,8.279443487712665,14.184201717148744,0.1993594039731893,0.10536704935051641,0.2982326549046541,1.1217104785380965,,
5489,彩富,2026/06,110792.0,7648.0,-105269,2930390,622668,675346,694762,23C,23C9,6491019.0,2026,14.76425209205021,0.8643247076616943,11.61541887440427,14.890646077937507,0.23046283941727894,0.21248639259620733,0.2370885786533533,2.4521585863997624,,
5490,同亨,2026/06,165968.0,2526.0,113583,1992951,55390,603829,643956,23A,23A5A,2745140.0,2026,-43.965558194774346,4.400151586482101,12.019556302911338,14.50512701284151,0.30298236133251644,0.027792956274389085,0.3231168252505957,1.7005415587237218,,
5493,三聯,2026/06,10785.0,65303.0,317999,6655118,972396,1474699,3591146,23H,23H2,3975699.0,2026,-3.869592514892118,-1.06809951238677,9.286004275897172,15.710896740683458,0.22158870811907466,0.1461125107022896,0.5396066606181888,1.1369963688096891,,
5498,凱崴,2026/06,2086.0,7225.0,-119185,4343304,1326250,331755,2132861,23B,23B3X,11767779.0,2026,17.4961937716263,0.8732908111863595,7.643482907077201,15.284145906764678,0.07638309452895768,0.30535509372588243,0.49106878081755273,3.200475951027144,,
5508,永信建,2026/06,0.0,174.0,730208,19260878,17047,186094,13798906,25A,25A,11588912.0,2026,-4195.597701149425,10.140183271179907,0.0,16.773586550003415,0.010873449336980059,0.000885058303157312,0.7164214424700681,1.318102840379343,,
5511,德昌,2026/06,0.0,63252.0,1061228,16627266,633655,3593639,9281341,25B,25B,8961760.0,2026,-15.777777777777779,2.777226538161771,0.0,16.626554435969968,0.21612927825897535,0.03810939212736478,0.5582000672870693,1.0971798370219132,,
5512,力麒,2026/06,3647.0,10969.0,-741474,46055196,5329256,4964786,27486593,25A,25A,6237780.0,2026,68.59722855319536,10.140183271179907,8.201934351194222,17.645351148176548,0.10780077887411445,0.11571454391378554,0.5968185001318852,0.7322598952787,,
5515,建國,2026/06,0.0,78595.0,700342,12825850,145659,2970146,6980491,25B,25B,8316000.0,2026,-7.910770405242063,2.777226538161771,0.0,16.366973223628015,0.23157498333443788,0.01135667421652366,0.5442517260064635,1.192629806211674,,
5516,雙喜,2026/06,0.0,499.0,-15079,3177605,341492,208815,2712426,25B,25B,566995.0,2026,31.218436873747496,2.777226538161771,0.0,14.971638326346355,0.06571458692946418,0.107468360604921,0.8536070405226578,1.0320417421296857,,
5519,隆大,2026/06,0.0,223.0,-279630,13826482,48021,2141799,8153889,25A,25A,7562297.0,2026,1254.946188340807,10.140183271179907,0.0,16.442096296734164,0.15490556455358637,0.0034731177460759722,0.5897298387254256,1.136672799342595,,
5520,力泰,2026/06,0.0,32733.0,412757,4748546,1040133,482792,1292475,11B,11B,5007913.0,2026,-11.609812727217182,-5.697512464586767,0.0,15.373349023887886,0.10167154324713291,0.21904241845819752,0.27218331674579965,1.3268036152540168,,
5521,工信,2026/06,0.0,15909.0,-272544,13151255,490406,1584569,7308429,25B,25B,5070484.0,2026,18.131435036771638,2.777226538161771,0.0,16.39202774929656,0.12048804467710496,0.03728967311484722,0.5557210319471412,0.941272372864795,,
5522,遠雄,2026/06,0.0,9912.0,-3405843,108998476,78932,6019765,61328333,25A,25A,50491102.0,2026,344.6080508474576,10.140183271179907,0.0,18.5068444584443,0.05522797401314125,0.0008501028267625401,0.5626531237005552,1.0258807196533648,,
5525,順天,2026/06,0.0,985.0,1413433,19184904,237297,378875,13248155,25A,25A,6855163.0,2026,-1433.9573604060913,10.140183271179907,0.0,16.769634277741368,0.01974860025361607,0.012368943832087979,0.6905510186550843,1.0478717016254029,,
5530,龍巖,2026/06,0.0,74685.0,-453811,83329993,7426820,739766,52041614,25E,25E,20290057.0,2026,7.076333935863962,38.70565163050867,0.0,18.238319102355025,0.010873449336980059,0.08912541250303477,0.6245244014361072,0.8680148455070673,,
5531,鄉林,2026/06,0.0,6052.0,-230355,46807011,9496306,146291,37089091,25A,25A,7771833.0,2026,39.06262392597488,10.140183271179907,0.0,17.66154355736013,0.010873449336980059,0.2028821280641056,0.7923832393399356,0.9584231729729549,,
5533,皇鼎,2026/06,,3269.0,-36099,11822622,2114287,2263472,2307257,25A,25A,4007692.0,2026,12.042826552462527,10.140183271179907,0.0,16.28552537275333,0.1914526236227463,0.17883401837595755,0.1951561168072531,0.6053234953580162,,
5536,聖暉*,2026/06,174984.0,348407.0,3592886,52968353,1180888,15700720,29407728,23H,23H1,160064490.0,2026,-9.312324379246112,-1.06809951238677,12.072455534946258,17.78520517996576,0.2964169945023588,0.022294217832296955,0.5551943063058804,3.577083433196422,,
5547,久舜,2026/06,0.0,14026.0,-243248,2061396,248328,294306,1233369,25B,25B,1032566.0,2026,18.342649365464137,2.777226538161771,0.0,14.538893981154112,0.1427702391971266,0.12046593667592254,0.5983173538708719,1.0992235358950924,,
5548,安倉,2026/06,0.0,106776.0,-202015,2383515,227079,247013,1248439,25B,25B,1355579.0,2026,2.8919513748407883,2.777226538161771,0.0,14.68408684687342,0.10363391881318137,0.09527064020994204,0.5237806349026543,1.09251168966841,,
5603,陸海,2026/06,0.0,30827.0,-18136,2744080,1134009,149370,796397,26C,26C,1552180.0,2026,1.588315437765595,-1.0767254917900697,0.0,14.824956421921879,0.05443354421153902,0.4132565377102708,0.29022368152531997,0.8558704556718463,,
5607,遠雄港,2026/06,0.0,142691.0,1165775,27127826,3213311,1039661,15933805,26C,26C,18898203.0,2026,-7.169926624664485,-1.0767254917900697,0.0,17.116070548729883,0.03832452331417932,0.11845073763006295,0.587360188759689,1.2839955549700148,,
5608,四維航,2026/06,0.0,248934.0,646091,17081989,14398091,1063738,7256716,26A,26A1,5547183.0,2026,-1.5954309174319297,-1.6973625208600394,0.0,16.653535191535322,0.06227249063326291,0.71402272872828,0.4248168055839399,0.7495555113634601,,
5609,中菲行,2026/06,0.0,7915.0,189959,11148963,542185,4859320,4735832,26C,26C,10987780.0,2026,-22.999873657612127,-1.0767254917900697,0.0,16.22685704706091,0.4358539892903044,0.04863098029834703,0.4247778022045638,1.4103205831789019,,
5701,劍湖山,2026/06,0.0,16885.0,-5876,2331200,1840407,40745,1889807,27A,27A1,726440.0,2026,1.348001184483269,-2.1087227344526234,0.0,14.661893714423078,0.01747812285518188,0.71402272872828,0.810658459162663,1.1222747940974604,,
5703,亞都,2026/06,0.0,1742.0,32016,996911,562767,209937,444391,27A,27A1,962288.0,2026,-17.378874856486796,-2.1087227344526234,0.0,13.812416777155958,0.2105875048023344,0.5645107737802071,0.44576797728182355,1.4110376954412178,,
5704,老爺知,2026/06,0.0,346388.0,-53114,1111359,706958,223052,131239,27A,27A1,1256704.0,2026,1.1533367206716167,-2.1087227344526234,0.0,13.921094148738996,0.20070202337858423,0.6361202815651829,0.1180887543988936,1.248870077085802,,
5706,鳳凰,2026/06,0.0,75985.0,188580,3586028,1240132,236017,1824174,27C,27C,3937096.0,2026,-1.4818056195301705,-3.875711439881828,0.0,15.09255574125951,0.06581571588398083,0.34582328972333737,0.5086892796152177,1.6065881247999179,,
5864,致和證,2026/06,,26902.0,-734630,19400794,698542,31896,6504885,30A,30A,21384037.0,2026,28.307635120065424,28.307635120065424,0.0,16.78082455103109,0.010873449336980059,0.036005845946305085,0.3352896278368813,1.4375144646141802,,
5878,台名,2026/06,0.0,691.0,42051,737146,40185,52091,218146,28N,28N,969680.0,2026,-59.855282199710565,-39.75742395887815,0.0,13.510541251959234,0.07066578398309155,0.054514302458400374,0.2959332343931867,1.611384990219034,,
5902,德記,2026/06,1341.0,3197.0,16213,1845738,5747,502370,609883,29B,29B,3203550.0,2026,-4.071316859555834,-2.653335981951226,7.201916317531627,14.428389755478092,0.2721783915160223,0.0031136596851774195,0.33042772051071173,2.066074925043533,,
5903,全家,2026/06,0.0,1696242.0,7325105,81635037,23725855,9066633,71705595,29A,29A4,41965360.0,2026,-3.3184315681370937,-3.3184315681370937,0.0,18.21776910277927,0.11106301084912842,0.2906332363149416,0.8783678875529878,1.3924285353113761,,
5904,寶雅*,2026/06,0.0,748158.0,3362361,34432061,4723874,5288509,27180442,29A,29A9,70998148.0,2026,-3.4941857201286357,-3.3184315681370937,0.0,17.354498694109832,0.15359257756891173,0.13719405294966225,0.7893934086606085,2.8513712844549155,,
5905,南仁湖,2026/06,0.0,17224.0,1186197,6990259,1116803,469963,3778940,27B,27B,2329022.0,2026,-67.86884579656294,-5.138617004391302,0.0,15.760028166456312,0.06723112834588818,0.15976561097378508,0.540600856134229,0.8737819299685462,,
5906,台南-KY,2026/06,13438.0,45784.0,118241,1787146,182619,187461,1192864,29A,29A9,1358158.0,2026,-1.5825834352612267,-3.3184315681370937,9.505916206547065,14.39613049197936,0.10489406013834349,0.1021847123849982,0.6674686903028628,1.427427865434609,,
6021,美好證,2026/06,,24382.0,-1561270,41196639,2449697,1066316,28310044,30A,30A,12567298.0,2026,65.03371339512755,28.307635120065424,0.0,17.533867233322212,0.025883567831832106,0.0594635159436186,0.6871930498990464,0.992249440542953,,
6023,元大期,2026/06,,57547.0,3260114,315532878,800594,21015703,295554399,30C,30C,31805614.0,2026,-55.65132847932994,-55.65132847932994,0.0,19.569773443707902,0.06660384532099378,0.0025372760045626686,0.8825156228721158,1.0374830511323134,,
6026,福邦證,2026/06,,3811.0,326836,17386050,15652,713214,11084339,30A,30A,6180127.0,2026,-84.76121752820782,28.307635120065424,0.0,16.671178718494154,0.041022198831822065,0.0009002619916542285,0.6375421099099565,0.9930068071816197,,
6028,公勝保經,2026/06,0.0,12158.0,251179,1853081,218470,739141,938262,28N,28N,1970000.0,2026,-19.65956571804573,-39.75742395887815,0.0,14.43236021721012,0.3988713931015428,0.11789554800896453,0.5063254115713236,1.569419793306391,,
6101,寬魚國際,2026/06,0.0,5596.0,238603,1994390,203783,919988,629106,99H,99H,5469202.0,2026,-41.638134381701214,-0.44850575078854305,0.0,14.505848797139604,0.4612879125948285,0.10217810959742077,0.3154378030375202,3.057730935273442,,
6104,創惟,2026/06,482165.0,43452.0,396091,3341870,924223,884044,1179645,23G,23G5F,9340723.0,2026,-8.1155988216883,-0.6891083048626756,13.08604373208149,15.02204108851794,0.2645357240108083,0.27655863334001624,0.35298949390610646,3.148048248435756,,
6108,競國,2026/06,0.0,94064.0,-563615,7310720,1206450,2565736,4067772,23B,23B2B,2904487.0,2026,6.9918247150876,0.8732908111863595,0.0,15.804852322087665,0.3509553094633634,0.16502478552044123,0.5564119539525518,0.9537034655957279,,
6109,亞元,2026/06,40972.0,11718.0,-13624,1096200,77291,379582,343675,23D,23D3,1141725.0,2026,2.1626557433009044,0.38009350736292824,10.620668592170619,13.907360211594153,0.3462707535121328,0.07050811895639482,0.3135148695493523,1.355044699872286,,
6111,光聚晶電,2026/06,382930.0,286952.0,96171,31257042,11411297,3012572,20922240,23X,23X2,4796186.0,2026,0.664853355264992,-2.9683442828733075,12.85561009527466,17.25775525276054,0.09638058521340567,0.3650792355847364,0.6693608435500711,0.8228042180062975,,
6112,邁達特,2026/06,39367.0,9434.0,-2279317,15378509,586262,1289477,9980410,23X,23X1,8476065.0,2026,242.6066355734577,-2.9683442828733075,10.580708582545814,16.548481573259167,0.08384928603936831,0.038122161257635574,0.6489842415802468,1.2001472314383663,,
6113,亞矽,2026/06,0.0,98.0,-15339,909334,3896,149027,375628,23T,23T2,1442470.0,2026,157.5204081632653,2.778077807780778,0.0,13.720467742414941,0.16388587691651252,0.0042844543369103105,0.41308034231646457,1.9993731676149797,,
6115,鎰勝,2026/06,49179.0,18481.0,-200209,8632888,689390,1550141,3456604,23D,23D2,9054692.0,2026,11.833234132352146,0.38009350736292824,10.803242315770184,15.971089653659623,0.1795622739458684,0.07985624277761973,0.40039949551065646,1.4492596220407354,,
6116,彩晶,2026/06,233254.0,280298.0,128208,47050177,13604447,3869443,9772813,23C,23C8A,56029638.0,2026,0.5426010888411619,0.8643247076616943,12.359887554707061,17.666725185943953,0.082240774567118,0.28914762637343533,0.20771044070673741,1.3985590532422438,,
6117,迎廣,2026/06,57615.0,490038.0,340240,6591874,2919230,765140,4370116,23D,23D4,6805145.0,2026,0.3056864977818047,0.38009350736292824,10.961555585888657,15.701348236311098,0.11607321377805462,0.44285282151934335,0.6629550261427933,1.695308648193215,,
6118,建達,2026/06,0.0,373.0,-323491,3732764,130471,243302,2603959,23T,23T1,1536041.0,2026,868.2680965147453,2.778077807780778,0.0,15.132659535967907,0.06518011853950585,0.034952919605954196,0.6975954011558191,1.1090977088291678,,
6120,達運,2026/06,188096.0,567183.0,-207601,17398565,3979573,5474521,7480889,23C,23C8B,8865200.0,2026,1.3660211959808386,0.8643247076616943,12.144713066198618,16.671898289519447,0.3146535935578595,0.22872995560266032,0.42997160972758386,0.9395078847019854,,
6121,新普,2026/06,1255850.0,1193296.0,2781296,83863074,10262277,27399550,36141238,23D,23D7,77225393.0,2026,-1.3307678899451603,0.38009350736292824,14.04332398839987,18.244695955367046,0.3267176922229204,0.12236943520577365,0.43095532128955827,1.351806290811615,,
6122,擎邦,2026/06,0.0,1639.0,394602,4821346,370840,589930,3073973,25C,25C,3724988.0,2026,-239.75777913361807,-24.029258640696145,0.0,15.388563700154924,0.12235794734499453,0.0769162802254806,0.6375756894444,1.4101790246955932,,
6123,上奇,2026/06,5352.0,897.0,352549,4220251,122278,2155338,1999318,23T,23T1,2592216.0,2026,-392.0312151616499,2.778077807780778,8.585412430393381,15.255405162916395,0.5107132253508144,0.0289741060425079,0.4737438602585486,1.0879765208277896,,
6124,業強,2026/06,10781.0,66591.0,135502,4666857,1803395,707516,1450892,23D,23D9B,5538268.0,2026,-1.03483954288117,0.38009350736292824,9.285633356011614,15.355996383793993,0.1516043881353125,0.38642602505283535,0.31089274858861116,1.497616061516348,,
6125,廣運,2026/06,211589.0,130874.0,-333687,12441993,3857139,2716288,5763782,23H,23H1,15411155.0,2026,3.549681372923575,-1.06809951238677,12.262405718870335,16.33658784144643,0.21831614918928183,0.31000973879345534,0.4632523101403449,1.7018926951654771,,
6126,信音,2026/06,102836.0,171692.0,-180022,11701930,1379182,1523259,5064876,23D,23D2,4655826.0,2026,2.0485171120378354,0.38009350736292824,11.54090048942574,16.275264343428987,0.13017160417127774,0.11785936166085423,0.43282398715425574,0.8306922020555584,,
6127,九豪,2026/06,34576.0,41767.0,20810,3581488,1577741,147751,2439567,23D,23D5,10040632.0,2026,0.5017597624919194,0.38009350736292824,10.450944000123906,15.091288914479584,0.04125408210218769,0.4405266749462793,0.6811601769990574,3.484640741501856,,
6128,上福,2026/06,63715.0,29620.0,57103,6540996,1975973,522636,3722282,23C,23C3,2653851.0,2026,-0.9278528021607022,0.8643247076616943,11.062190987414528,15.693600005415874,0.07990159296841032,0.30209053789361745,0.5690696034671172,0.9747954287084107,,
6129,普誠,2026/06,202966.0,21233.0,15723,2192030,441526,291316,526553,23G,23G5G,3311275.0,2026,0.25950171902227664,-0.6891083048626756,12.220798683233005,14.600338613087775,0.1328978161795231,0.20142333818424019,0.2402124970917369,1.7508099797904226,,
6130,上亞科技,2026/06,7415.0,3867.0,-23539,735886,208562,75442,147180,23G,23G5D,1099625.0,2026,7.0871476596845095,-0.6891083048626756,8.91139510724569,13.508830494409768,0.10251859663045634,0.28341618131069213,0.20000380493717776,1.694290963545984,,
6133,金橋,2026/06,19695.0,9154.0,-755,2475696,232138,401236,949546,23D,23D2,2615084.0,2026,1.0824776054183964,0.38009350736292824,9.888170848424235,14.722032126573422,0.16206997951283195,0.09376676296281934,0.3835470914037911,1.4398496422824127,,
6134,萬旭,2026/06,64097.0,46739.0,92640,2734320,212757,194881,1439066,23D,23D2,2964128.0,2026,-0.9820706476390166,0.38009350736292824,11.068168441173942,14.821393334040106,0.07127219930366599,0.07780983937505485,0.5262975803856169,1.610343339477457,,
6136,富爾特,2026/06,551.0,535.0,-35781,4996866,93070,291008,408001,23T,23TZ,2911507.0,2026,67.8803738317757,2.778077807780778,6.313548046277095,15.42432147387713,0.05823810364336366,0.018625674572822246,0.08165137908441011,0.6643179945189644,,
6138,茂達,2026/06,403427.0,97896.0,877913,7551430,775715,1566718,2777781,23G,23G5D,27834048.0,2026,-7.967812780910354,-0.6891083048626756,12.907753312108358,15.837247507264049,0.20747302166609502,0.10272425222772376,0.3678483413075404,4.0537790855506834,,
6139,亞翔,2026/06,117772.0,49248.0,-4903156,120520807,924657,37511348,91538629,23H,23H1,217436648.0,2026,100.56051007147498,-1.06809951238677,11.67651432189147,18.607332968188025,0.31124375063303383,0.0076721773029614715,0.7595255232567435,2.5636675084659863,,
6141,柏承,2026/06,32117.0,107886.0,9187,5385096,3789347,143188,4835599,23B,23B2B,4375464.0,2026,0.9148452996681683,0.8732908111863595,10.377171899621436,15.499145695711771,0.026589683823649568,0.7036730635814106,0.8825156228721158,1.7104733137533668,,
6142,友勁,2026/06,100151.0,57982.0,-59441,3981317,1283071,653859,1161777,23K,23K4,3109323.0,2026,2.025162981614984,2.4156930292402516,11.514444310939497,15.197123227046406,0.1642318358472837,0.32227300664579084,0.291807208519191,1.0727857138730728,,
6143,振曜,2026/06,131479.0,29183.0,-118623,8291915,800456,2236849,3594808,23C,23C3,8089546.0,2026,5.064797998834938,0.8643247076616943,11.786610027778156,15.93079150164108,0.26976265434462365,0.09653451585068105,0.4335316992516204,1.409126118634839,,
6144,得利影,2026/06,0.0,1211.0,2555,367432,22761,29682,53246,23E,23E1,568369.0,2026,-1.1098265895953756,-10.719285581878328,0.0,12.953599103928836,0.08078229441093862,0.061946156023427464,0.14491388882840905,1.6917824250473557,,
6146,耕興,2026/06,33675.0,137900.0,-325338,8975831,1964093,2685339,3096448,23Z,23Z,19456597.0,2026,3.359231327048586,0.4712413208368661,10.424540696457555,16.010046078581627,0.2991744162741032,0.21882018500571146,0.3449761921765238,2.512641447906049,,
6147,頎邦,2026/06,362162.0,1472192.0,272728,67311530,14535519,6078590,8804729,23G,23G2,157481631.0,2026,0.8147469895231056,-0.6891083048626756,12.799849665707075,18.024842102377793,0.09030533104803887,0.21594396977754035,0.13080565840651667,2.4703993506015984,,
6148,驊宏資,2026/06,53.0,1192.0,62520,1190368,3211,336229,633928,23X,23X1,1442394.0,2026,-51.4496644295302,-2.9683442828733075,3.9889840465642745,13.989773060979214,0.2824580297857469,0.0026974851474502004,0.5325479179547837,1.7442689991666442,,
6150,撼訊,2026/06,24307.0,20398.0,26268,3842069,856207,644663,2130512,23A,23A4A,3007121.0,2026,-0.28777331110893223,4.400151586482101,10.098560793255245,15.161521581545518,0.1677905836672897,0.22285050060267006,0.5545220556944709,1.3372047716998314,,
6151,晉倫,2026/06,36081.0,6033.0,38078,1679610,488963,109941,650508,13A,13A8,2157786.0,2026,-5.311619426487651,0.7975761201212441,10.493549405012748,14.334072181572974,0.0654562666333256,0.2911169854906794,0.3872970511011485,1.6719917123617982,,
6152,百一,2026/06,101876.0,7257.0,-250305,3589635,259938,780297,2243082,23K,23K2,2289624.0,2026,35.49152542372882,2.4156930292402516,11.531521482252302,15.093561083986392,0.21737502559452423,0.07241349050808787,0.6248774596860126,1.262720583011922,,
6153,嘉聯益,2026/06,243576.0,42307.0,-474719,16332898,5378282,3200170,7781041,23B,23B2C,13646018.0,2026,12.220814522419458,0.8732908111863595,12.40318839328313,16.608691913990366,0.1959339977510421,0.3292913480510317,0.47640296290346024,1.3118957211390165,,
6154,順發,2026/06,2665.0,8092.0,-33631,2034595,363437,148251,752013,23T,23T1,1105104.0,2026,5.15608007909046,2.778077807780778,7.888334500738654,14.525807339853264,0.07286511566183933,0.17862867057080156,0.36961311710684436,0.9127698632897456,,
6155,鈞寶,2026/06,7267.0,20512.0,39770,2373765,404532,386286,741297,23D,23D5,8089406.0,2026,-0.9388650546021841,0.38009350736292824,8.891236429516061,14.67998786020399,0.16273135714782214,0.17041788045573172,0.3122874421014717,3.7201252019471176,,
6156,松上,2026/06,40077.0,96699.0,-42254,7465347,1434669,1283155,4116393,23B,23B2B,3106800.0,2026,1.4369641878406187,0.8732908111863595,10.598582834314088,15.825782471465187,0.17188149459094132,0.19217713523564275,0.551400088971082,0.9675629277513825,,
6158,禾昌,2026/06,89483.0,66195.0,19443,2351678,784452,430788,1229534,23D,23D2,960791.0,2026,0.7062769091321097,0.38009350736292824,11.401815117331795,14.670639673866438,0.18318324192342658,0.3335711776867411,0.5228326326988644,0.9313881407233473,,
6160,欣技,2026/06,85544.0,5121.0,-84182,1133955,110255,67913,543981,23A,23A5B,1116371.0,2026,17.43858621363015,4.400151586482101,11.35679783225875,13.94122207994278,0.0598903836571998,0.09723048974606575,0.4797200947127532,1.4642133065245093,,
6161,捷波,2026/06,50595.0,2198.0,156414,1938273,292075,587634,596462,23A,23A4A,2884958.0,2026,-70.16196542311192,4.400151586482101,10.831627800767432,14.477307928385107,0.30317401109131686,0.15068826733901777,0.3077285810615945,1.7961453314367997,,
6163,華電網,2026/06,35288.0,66119.0,-736399,7275894,286132,1497478,4288684,23K,23K1,7367135.0,2026,12.137479393215264,2.4156930292402516,10.47132657962855,15.80007725006983,0.20581360860947123,0.03932602646492651,0.5894373942226206,1.6019775714159663,,
6164,華興,2026/06,13400.0,7541.0,57981,1537103,454122,469176,576038,23C,23C6C,1052000.0,2026,-6.688768067895505,0.8643247076616943,9.503084610020228,14.245410033938397,0.3052339368279159,0.2954401884584182,0.3747556279572677,1.0591599912302558,,
6165,浪凡,2026/06,74861.0,9311.0,159510,3034497,1354846,837010,1730739,23E,23E2,3697155.0,2026,-16.131350016109977,-10.719285581878328,11.223401697639076,14.925556235626813,0.27583154638149254,0.4464812454914274,0.5703544936772058,1.7887294006222447,,
6166,凌華,2026/06,817720.0,79776.0,163366,16591949,4299585,2350571,10418784,23A,23A5B,30378776.0,2026,-1.0478088648215003,4.400151586482101,13.614276481610684,16.62442813567623,0.14166937229616605,0.2591368259388936,0.6279421423004615,2.458876892642329,,
6167,久正,2026/06,33943.0,16447.0,-21228,2035754,534708,460235,325236,23C,23C8D,1781200.0,2026,2.2906913114853773,0.8643247076616943,10.432467386882161,14.526376824205256,0.22607594041323265,0.2626584548034782,0.15976193587240894,1.0347203051056266,,
6168,宏齊,2026/06,90761.0,110375.0,84556,4554701,644382,463783,783078,23C,23C6C,6388910.0,2026,0.233920724801812,0.8643247076616943,11.415995974790254,15.331670444370173,0.1018251252936252,0.14147624619047441,0.17192742180002596,1.5746342076022115,,
6170,統振,2026/06,0.0,3296.0,54599,5316318,416571,161119,3345744,23T,23TZ,5086698.0,2026,-15.565230582524272,2.778077807780778,0.0,15.486291516439255,0.03030650160505824,0.07835705087618912,0.6293348140573983,1.5861432668248965,,
6173,信昌電,2026/06,32640.0,193281.0,409207,12240805,1362873,1134288,2092735,23D,23D5,53157600.0,2026,-1.1171610246221821,0.38009350736292824,10.393324445863634,16.32028560085969,0.09266449387928327,0.1113385108250642,0.17096383775413462,4.513619406566806,,
6174,安碁,2026/06,15801.0,59964.0,20131,1075415,336484,74994,407050,23D,23D6,2490000.0,2026,0.6642819024748182,0.38009350736292824,9.667891793282678,13.888217191558745,0.06973493953497022,0.31288758293310026,0.37850504223950754,2.693890265618389,,
6175,立敦,2026/06,68436.0,307624.0,266239,7067267,2861646,1067131,1755236,23D,23D5,16888725.0,2026,0.1345311159077315,0.38009350736292824,11.133668893030196,15.770984400196033,0.1509962762125727,0.40491550694207534,0.2483613538302713,2.63807225622012,,
6176,瑞儀,2026/06,1700641.0,1802571.0,299546,70233786,5989168,34219641,33934408,23C,23C8B,40457349.0,2026,0.8338229118298253,0.8643247076616943,14.346516384794565,18.067340035268263,0.4872247809622565,0.08527474227289983,0.4831635873936797,1.0592018633311324,,
6179,亞通,2026/06,0.0,13822.0,-563020,14648152,426491,1866926,10515274,25C,25C,4521788.0,2026,41.73361308059615,-24.029258640696145,0.0,16.4998247421259,0.12745129897614388,0.0291156864019434,0.7178566961893896,1.0265501067984548,,
6180,橘子,2026/06,419349.0,41385.0,122845,8160179,2827295,1638009,3912593,23X,23X2,8704502.0,2026,-1.9683460190890418,-2.9683442828733075,12.946461172412558,15.914776662974203,0.2007319937467058,0.34647463002956186,0.4794739184030154,1.5461787051485023,,
6182,合晶,2026/06,367910.0,4018559.0,857647,42540905,26595351,5106461,14444812,23G,23G3C,76907718.0,2026,0.7865784725320694,-0.6891083048626756,12.81559634007508,17.565976641605044,0.12003649193640803,0.6251712557596036,0.3395511214441724,2.1474044804641554,,
6183,關貿,2026/06,23267.0,64548.0,516808,5333909,789208,804436,2647567,23X,23X9,13395000.0,2026,-7.006568755035013,-2.9683442828733075,10.054834305030653,15.489594923211113,0.15081547135506063,0.14796052951034597,0.4963652360773309,3.007656673557798,,
6184,大豐電,2026/06,0.0,139544.0,316476,9075791,2183842,2747232,3277392,99G,99G,7052568.0,2026,-1.2679298285845324,-2.7502395451342228,0.0,16.02112109685119,0.30269890525244575,0.24062277326571316,0.36111364838612964,1.138188395920532,,
6185,幃翔,2026/06,34915.0,7141.0,-76904,2488946,486933,434099,363241,23D,23D2,2143112.0,2026,11.769360033608738,0.38009350736292824,10.46070045585524,14.727369885654355,0.17441077468133098,0.19563823401552305,0.14594169580215882,1.0069937234475959,,
6186,新潤,2026/06,0.0,110.0,211814,16169698,21707,1544844,11578576,25A,25A,8176391.0,2026,-1924.581818181818,10.140183271179907,0.0,16.598649554817346,0.09553944668601727,0.0013424493147614755,0.716066311195175,1.2217276414191534,,
6187,萬潤,2026/06,456976.0,1017207.0,1447057,13516570,2440417,4550104,4749277,23H,23H2,98066474.0,2026,-0.4225786885068624,-1.06809951238677,13.032388340382262,16.4194268981674,0.33663155667451133,0.18055002119620583,0.3513670258061032,7.606645103010601,,
6188,廣明,2026/06,346993.0,524475.0,4007575,21668319,3725713,4090553,6576525,23C,23C3,21572823.0,2026,-6.641117307783975,0.8643247076616943,12.757062767713222,16.8913617978225,0.18878035716568506,0.17194287198743935,0.30350877703065016,1.2991016054360285,,
6189,豐藝,2026/06,72022.0,10152.0,436547,17259608,366874,3108791,10728146,23T,23T2,13286384.0,2026,-42.001083530338846,2.778077807780778,11.184740791431123,16.663879531890036,0.1801194441959516,0.02125621856533474,0.6215752988132754,1.391371692798585,,
6190,萬泰科,2026/06,37777.0,213634.0,-892974,9756969,2039177,979939,5242191,23D,23D2,16411584.0,2026,5.179924543846017,0.38009350736292824,10.539482201591765,16.093492356878933,0.1004347764146837,0.20899697436775705,0.5372765866120923,2.219313702851777,,
6191,精成科,2026/06,64326.0,1390331.0,-115267,73547122,14223682,10660354,36641680,23B,23B1,53175770.0,2026,1.0829061568791891,0.8732908111863595,11.071734728776972,18.113436874402485,0.14494590284579728,0.19339549411600362,0.49820685029660305,1.2212231771625273,,
6192,巨路,2026/06,85392.0,90570.0,684599,12552673,1527783,2020015,5016633,23T,23T2,11827188.0,2026,-6.558783261565639,2.778077807780778,11.35501940920405,16.34544418891114,0.16092309582190184,0.12170977448388881,0.39964659319971135,1.3418513331782003,,
6194,育富,2026/06,0.0,6958.0,5463,2364577,109789,1000248,412884,23B,23B2B,1545600.0,2026,0.2148605921241736,0.8732908111863595,0.0,14.676109705560156,0.4230135030493826,0.04643071466905074,0.17461220336660638,0.8282597690834343,,
6195,詩肯,2026/06,0.0,19545.0,235644,3581640,1300047,274382,2246481,29A,29A9,1262354.0,2026,-11.056485034535687,-3.3184315681370937,0.0,15.091331354039516,0.0766079226276231,0.3629753409052836,0.6272213287767615,0.9796727197596632,,
6196,帆宣,2026/06,148368.0,290675.0,4894836,66282258,4298252,15932142,48223161,23H,23H1,122062820.0,2026,-15.839549324847338,-1.06809951238677,11.907457693015136,18.009432817534382,0.24036812384997505,0.0648477002699576,0.7275425197494026,2.569103499763089,,
6197,佳必琪,2026/06,160733.0,80917.0,588921,10430607,946717,2428764,4518062,23D,23D2,43203650.0,2026,-6.2780874229148385,0.38009350736292824,11.987506103709071,16.160255022790736,0.23284972772917242,0.0907633659287518,0.43315427376374166,4.5751615414136495,,
6199,天品,2026/06,0.0,815.0,-56508,1933638,5088,796701,850815,25E,25E,6268640.0,2026,70.33496932515338,38.70565163050867,0.0,14.474913760640032,0.41202179518606896,0.002631309479850934,0.4400073850431156,3.6818965080330446,,
6201,亞弘電,2026/06,49452.0,19088.0,34896,3969284,660931,728570,1277487,23U,23U2,4286060.0,2026,-0.8281642917015927,0.6287322940719774,10.808778002551417,15.194096283753042,0.18355199577556053,0.16651139097126838,0.3218431838084652,1.401650020507477,,
6202,盛群,2026/06,335983.0,17299.0,218796,5864113,367321,548530,1740306,23G,23G5H,14998259.0,2026,-11.647898722469506,-0.6891083048626756,12.7248188187639,15.58436179248574,0.09354014835662273,0.06263879976391996,0.2967722484201788,2.854406966577895,,
6203,海韻電,2026/06,50287.0,7955.0,246375,3864558,228556,1980562,921396,23D,23D3,5479667.0,2026,-29.971087366436205,0.38009350736292824,10.825521759037349,15.167357873826322,0.5124937961857475,0.05914156289024514,0.23842209121974622,1.6563506098239436,,
6204,艾華,2026/06,8189.0,2639.0,11678,522015,119763,199918,162483,23D,23D5,2876199.0,2026,-3.425161045850701,0.38009350736292824,9.010669176847115,13.165451602084099,0.3829736693390037,0.2294244418263843,0.3112611706560156,5.8210626131433,,
6205,詮欣,2026/06,34923.0,26437.0,158787,3947972,779503,756138,1314619,23D,23D2,6151253.0,2026,-5.006241252789651,0.38009350736292824,10.460929550930699,15.188712587311779,0.19152567444753915,0.19744390284429575,0.33298589756968894,1.8910650835416258,,
6206,飛捷,2026/06,158174.0,70143.0,-97618,7537331,1081125,2427726,2231184,23A,23A5A,18454998.0,2026,2.3916998132386698,4.400151586482101,11.971457294015085,15.83537869853902,0.32209358989276177,0.14343605183320196,0.2960177813605373,2.7444969578754073,,
6207,雷科,2026/06,21917.0,12517.0,129404,4581695,616965,1015550,1783091,23H,23H2,13556231.0,2026,-9.338259966445634,-1.06809951238677,9.995063496023338,15.337579574961186,0.2216537766045099,0.13465867981172908,0.3891771495047139,3.347957906408,,
6208,日揚,2026/06,73653.0,58378.0,211650,7174424,2904725,629653,3903268,23H,23H2,9162814.0,2026,-2.625509609784508,-1.06809951238677,11.207133731346065,15.786033037641804,0.08776356122805119,0.40487222388863553,0.5440531532566238,1.8212029286253504,,
6209,今國光,2026/06,103062.0,276237.0,201322,5467991,1611580,424601,1775223,23U,23U1,14678362.0,2026,0.2711982826341149,0.6287322940719774,11.543095730715292,15.514421830884608,0.077652102938721,0.2947298194163085,0.32465726443222015,3.0090731678234293,,
6210,慶生,2026/06,0.0,2570.0,-24047,539262,224315,101634,198925,23B,23B2B,699208.0,2026,10.356809338521401,0.8732908111863595,0.0,13.197956817133152,0.18846868498058458,0.4159666358838561,0.3688837707830331,1.665485422670242,,
6213,聯茂,2026/06,410458.0,882345.0,-999018,43289926,8796872,2821893,20695915,23B,23B3A,134701574.0,2026,2.1322305900753107,0.8732908111863595,12.92503132468914,17.583430510014992,0.06518590491469077,0.20320829377255115,0.478076931801639,3.589691721810751,,
6214,精誠,2026/06,397436.0,119699.0,-4074518,45407816,2253638,5677236,26001573,23X,23X1,36480562.0,2026,35.03969957977928,-2.9683442828733075,12.89279170994953,17.631194806784297,0.12502772650417718,0.049631059111057,0.5726232902282726,1.3760215862396905,,
6215,和椿,2026/06,22383.0,11620.0,106164,3180674,318027,508265,1505379,23H,23H2,8568765.0,2026,-8.13631669535284,-1.06809951238677,10.016101696905263,14.972603681983733,0.15979789189335342,0.0999872982896078,0.4732893091212743,3.167298503398965,,
6216,居易,2026/06,89827.0,1445.0,-45306,1910711,197685,356247,264363,23K,23K4,2208619.0,2026,32.35363321799308,2.4156930292402516,11.405652009698432,14.462985982063385,0.18644734865712292,0.10346148632629425,0.13835844353227672,1.2942731789370554,,
6217,中探針,2026/06,127157.0,229538.0,-168624,7294249,2585777,904776,4378035,23B,23B2D,30005760.0,2026,1.7346234610391307,0.8732908111863595,11.75318568668463,15.802596787415467,0.12403963725395172,0.35449530170960714,0.600203667300088,4.7138224922127,,
6218,豪勉,2026/06,0.0,1045.0,-82375,1590188,204539,192809,589182,23X,23X1,2364842.0,2026,79.82775119617224,-2.9683442828733075,0.0,14.279362806200446,0.12124918563088138,0.12862567193312993,0.3705109081441943,1.8576570820557066,,
6219,富旺,2026/06,0.0,6307.0,469215,14528697,58507,652424,12545698,25A,25A,1612074.0,2026,-73.39590930711907,10.140183271179907,0.0,16.49163635499397,0.044905885228386275,0.004026995676212395,0.8635115729924026,0.9744694930316188,,
6220,岳豐,2026/06,28685.0,63925.0,-1051304,10124554,1090236,980733,6931448,23D,23D2,4928480.0,2026,17.445897536175206,0.38009350736292824,10.264164477854159,16.130474120603957,0.09686678544062287,0.10768237297168844,0.6846176137734067,1.1714025131378627,,
6221,晉泰,2026/06,11126.0,2219.0,311137,6475508,413231,2306345,3433959,23X,23X1,3768232.0,2026,-139.21496169445697,-2.9683442828733075,9.3171298661577,15.68353761807085,0.3561643349062344,0.06381445285837034,0.5302995533323409,1.1122202304436966,,
6223,旺矽,2026/06,697065.0,3154745.0,2646835,35415477,11824325,9879943,19510842,23B,23B2D,596704290.0,2026,0.16099874950273318,0.8732908111863595,13.454635376794851,17.382659485948277,0.27897246731986697,0.33387450915880645,0.5509128678402383,17.399599954562238,,
6224,聚鼎,2026/06,115745.0,63919.0,-55833,4366431,1014034,730150,2110601,23D,23D5,6611794.0,2026,1.873496143556689,0.38009350736292824,11.659153414115945,15.289456528581217,0.16721894838141266,0.23223406026569526,0.48336982766932535,1.9976028477262093,,
6225,天瀚,2026/06,3893.0,9327.0,-9609,158349,11268,26277,73275,23K,23K5,565730.0,2026,2.0302348021871985,2.4156930292402516,8.267192185932146,12.953599103928836,0.16594358031942102,0.07115927476649679,0.4627436864141864,4.0354217582681295,,
6226,光鼎,2026/06,12343.0,12475.0,-92506,2042904,510965,235848,790669,23C,23C6C,2547547.0,2026,8.415310621242485,0.8643247076616943,9.420925394042996,14.529882882974709,0.11544742190528777,0.2501169903235786,0.3870318918559071,1.634054267846164,,
6227,茂綸,2026/06,83304.0,5328.0,-1344640,11854658,32169,1356396,8636334,23T,23T2,9247608.0,2026,253.37237237237238,2.778077807780778,11.330263850363169,16.28823142847842,0.11441882169860995,0.0027136168753244504,0.7285181909085863,1.5086004168150613,,
6228,全譜,2026/06,3092.0,22.0,-12330,408754,220993,43371,172935,23C,23C2,512200.0,2026,561.4545454545455,0.8643247076616943,8.03689677268507,12.953599103928836,0.10610538367820253,0.54065036672424,0.42307842859030126,1.676154851084026,,
6229,研通,2026/06,19176.0,65.0,-24470,1810179,55734,186494,1093361,23G,23G5H,1071585.0,2026,377.46153846153845,-0.6891083048626756,9.861466923273516,14.408936293379842,0.10302517043894555,0.0307892202925788,0.6040071175281561,1.1959844855122062,,
6230,尼得科超眾,2026/06,355459.0,69219.0,-130552,10466780,1830069,3425643,4660064,23D,23D9B,10706532.0,2026,2.886071743307473,0.38009350736292824,12.781168004313983,16.163716990177228,0.3272871886100596,0.1748454634567651,0.4452242236867499,1.4681302176982798,,
6231,系微,2026/06,304621.0,595054.0,290365,2390980,691292,1173880,1309901,23X,23X9,12851038.0,2026,0.5120358824577266,-2.9683442828733075,12.62682694270503,14.687213881704515,0.4909618650093267,0.28912496131293447,0.5478510903478908,5.922650544964826,,
6233,旺玖,2026/06,57304.0,4233.0,19757,1716639,91437,628518,211999,23G,23G5F,2066061.0,2026,-3.667375383888495,-0.6891083048626756,10.9561431589308,14.355878867337083,0.36613289107377844,0.05326513029239112,0.12349655343959913,1.3270466300719022,,
6234,高僑,2026/06,639.0,4787.0,-8901,4243268,891399,794482,1436663,23H,23H2,4878760.0,2026,2.8594109045331106,-1.06809951238677,6.461468176353717,15.260844285046241,0.18723351907067853,0.21007369791396632,0.33857465519500535,1.4883394119815199,,
6235,華孚,2026/06,296096.0,260139.0,36191,10526227,5137297,895185,5499292,23D,23D4,8016231.0,2026,0.8608782227962744,0.38009350736292824,12.598442382326096,16.169380510310294,0.08504329234017088,0.4880473316792427,0.5224371467573329,1.2839855154178226,,
6237,驊訊,2026/06,74579.0,275.0,-4965,1648306,252371,331774,190065,23G,23G5J,3560132.0,2026,19.054545454545455,-0.6891083048626756,11.219627653732811,14.315258651826879,0.20128180083067101,0.15310931344058687,0.11530929329869576,2.2751825207212737,,
6239,力成,2026/06,1762060.0,11218567.0,10074675,130960034,74345432,17625079,58760702,23G,23G2,256212113.0,2026,0.10196418134330347,-0.6891083048626756,14.381994704629296,18.690402750648378,0.13458364709954185,0.5676955764993158,0.44869186579472026,2.4051063929931478,,
6241,鑫永洋,2026/06,14424.0,797.0,-22117,602176,13414,13421,233393,23K,23K4,723195.0,2026,28.750313676286073,2.4156930292402516,9.5767180913763,13.308305040366438,0.022287503985545753,0.022275879477096396,0.3875827000743969,1.5885521840790733,,
6242,立康,2026/06,0.0,29100.0,15033,1138028,702646,60022,295168,17C,17C2,1156184.0,2026,0.4834020618556701,0.008617877337973031,0.0,13.944807497935146,0.05274211179338294,0.6174241758550756,0.2593679593120732,1.2753218725725552,,
6243,迅杰,2026/06,61839.0,7300.0,55572,1109824,35311,583326,373378,23G,23G5H,1806233.0,2026,-6.612602739726027,-0.6891083048626756,11.032305683261304,13.91971200215822,0.5256022576552679,0.03181675653076524,0.3364299204198143,1.963924910616458,,
6244,茂迪,2026/06,19165.0,251727.0,131573,9819852,3930705,2657701,5178790,23C,23C7C,10721063.0,2026,0.47731868254100673,0.8643247076616943,9.860893154903707,16.09991660893398,0.2706457286728965,0.4002814910041414,0.5273796387155326,1.619154036130076,,
6245,立端,2026/06,287392.0,19866.0,-956632,10222702,1191542,925310,4274885,23A,23A5B,12051178.0,2026,49.15423336353569,4.400151586482101,12.568605896032599,16.1401214913583,0.090515208210119,0.11655842066021292,0.41817564475615154,1.5970399019750356,,
6246,臺龍,2026/06,21913.0,5377.0,-82507,1217851,79240,408777,803912,23C,23C8B,609401.0,2026,16.344429979542497,0.8643247076616943,9.99488098096534,14.012598388077551,0.33565436165836376,0.06506543082856606,0.6601070245867516,1.1604974664388337,,
6248,沛波,2026/06,0.0,6475.0,300488,4026108,927391,275100,1841910,20A,20A2,1819199.0,2026,-45.40741312741313,-0.04400234055002926,0.0,15.208310710455455,0.06832901650924417,0.2303442928008886,0.45749145328441265,0.9093419749296343,,
6257,矽格,2026/06,258383.0,6093438.0,4015889,50284418,21605974,12084450,22016417,23G,23G2,114687144.0,2026,0.3409485745157331,-0.6891083048626756,12.462202129468848,17.7332058057657,0.24032196216330873,0.4296753320283035,0.43783776119274165,2.7186068057902153,,
6259,百徽,2026/06,1504.0,9999.0,-17779,599301,14716,184840,178692,23T,23T2,1004405.0,2026,2.778077807780778,2.778077807780778,7.316548177182976,13.303519255058267,0.308425982936788,0.02455527356036449,0.2981673649802019,1.974128192677803,,
6261,久元,2026/06,251067.0,277517.0,590035,8706534,2554816,1847262,1718479,23G,23G2,12014563.0,2026,-1.1261220033367325,-0.6891083048626756,12.43347909775738,15.979584336222302,0.21216961881731583,0.2934366304662682,0.1973780840917867,1.5773259485347442,,
6263,普萊德,2026/06,56142.0,2522.0,282569,2553292,12795,1880508,996259,23K,23K4,10187663.0,2026,-111.04163362410785,2.4156930292402516,10.93565728632211,14.752894064928082,0.6702412270449687,0.005011177726636828,0.39018608134126453,4.380197016244127,,
6266,泰詠,2026/06,15028.0,46381.0,109552,3799874,578982,660502,1348994,23B,23B1,3800638.0,2026,-1.3620016817231193,0.8732908111863595,9.617736946934095,15.150478466252142,0.17382207936368416,0.1523687364370503,0.3550101924432231,1.3552112517415051,,
6269,台郡,2026/06,1311848.0,574653.0,-1186893,34180592,13493668,2740587,12036858,23B,23B2C,22992001.0,2026,3.0654081680596814,0.8732908111863595,14.086948150399227,17.347168555571944,0.08017962357117747,0.3947757253589991,0.3521547549556778,1.02481721205999,,
6270,倍微,2026/06,17469.0,353.0,-77530,3923279,46566,738632,1191863,23T,23T2,2810087.0,2026,220.6317280453258,2.778077807780778,9.768240403128102,15.182438341704401,0.18826904739632333,0.011869153328121705,0.3037925673906954,1.020052359263769,,
6271,同欣電,2026/06,228343.0,396638.0,898165,35969231,11281681,4712633,8687211,23G,23G6,55818486.0,2026,-1.264445161583106,-0.6891083048626756,12.338608542813592,17.398174436516392,0.13101845296609205,0.31364810106727053,0.2415178406232816,1.7933576895208019,,
6272,驊陞,2026/06,108642.0,336360.0,147591,4164809,1583023,336908,2179317,23D,23D2,2518331.0,2026,0.5612112022832679,0.38009350736292824,11.595822556549699,15.242180974188217,0.08089398577461776,0.38009498154657273,0.5232693744178905,1.127938400056281,,
6274,台燿,2026/06,213000.0,1637452.0,-2282493,46942730,5670801,5513383,22788654,23B,23B3A,502884480.0,2026,2.393929715191651,0.8732908111863595,12.269052139516223,17.66443890604833,0.11744913429619454,0.12080253960517422,0.48545651264849743,11.19817986725527,,
6275,元山,2026/06,121028.0,101438.0,33143,3807312,1247729,286284,2131769,23D,23D9B,3989129.0,2026,0.6732684004022161,0.38009350736292824,11.703785465284238,15.152433986301284,0.07519320717608644,0.3277191362304954,0.5599144488289901,1.6076691377013494,,
6276,安鈦克,2026/06,13608.0,8571.0,-80283,435856,25593,114962,309975,23D,23D3,506989.0,2026,10.366818340917046,0.38009350736292824,9.518486617560317,12.985067192548938,0.2637614257920047,0.058718934694027385,0.7111867222201829,1.8743897066921185,,
6277,宏正,2026/06,280153.0,66547.0,219723,7358924,2937618,911547,2485714,23C,23C3,8374917.0,2026,-2.301771680165898,0.8643247076616943,12.543094730956822,15.811424284365259,0.123869603762724,0.39919124045852356,0.3377822627329756,1.4758449740750141,,
6278,台表科,2026/06,375667.0,1630204.0,2130976,57011392,13443516,12695864,33840757,23B,23B1,62280774.0,2026,-0.30718364082041266,0.8732908111863595,12.83646105359329,17.858761665478667,0.22268994940519957,0.23580403018400253,0.5935788587656305,1.68600568461826,,
6279,胡連,2026/06,278149.0,776387.0,792603,15892191,5887017,941657,6777518,15D,15D,13984380.0,2026,-0.02088649088663257,0.030322615797322407,12.53591581550344,16.581338414470128,0.05925281164818621,0.370434573810496,0.4264684460437205,1.3064213738684616,,
6281,全國電,2026/06,0.0,65971.0,652157,9977591,390890,1143421,7190349,23T,23T1,5077658.0,2026,-8.885510299980295,2.778077807780778,0.0,16.115852236384608,0.11459890468550976,0.039176791271560436,0.720649804146111,1.229556012067442,,
6282,康舒,2026/06,1542339.0,495300.0,344830,53591070,8143191,6747969,30562485,23D,23D3,49825195.0,2026,0.3037956793862306,0.38009350736292824,14.248811301666839,17.79689300768335,0.1259159221862896,0.1519505208610315,0.570290628643914,1.5000200593121205,,
6283,淳安,2026/06,67880.0,45919.0,48775,2702985,320855,898905,807232,23C,23C3,3413326.0,2026,-0.06219647640410288,0.8643247076616943,11.125511451119438,14.80986727585362,0.33256011409608266,0.11870395137227917,0.2986446465666661,1.5614433672402916,,
6284,佳邦,2026/06,177994.0,181300.0,560456,15423165,3824427,2549325,6746594,23D,23D5,14972490.0,2026,-2.0913182570325426,0.38009350736292824,12.089510738992054,16.551381157956246,0.16529194883151416,0.24796641934388952,0.4374325243878283,1.4082118683162632,,
6285,啟碁,2026/06,2557328.0,1482868.0,-10466046,105237591,12288709,13111784,69437049,23K,23K4,125510808.0,2026,8.057975490738219,2.4156930292402516,14.754473912402457,18.471731123338454,0.1245922096411348,0.1167710975064034,0.6598122243220106,1.8524545758558841,,
6290,良維,2026/06,76945.0,51923.0,151190,13583350,1792244,2786149,5445194,23D,23D2,52333632.0,2026,-1.9118117212025498,0.38009350736292824,11.250859156109557,16.42435533597615,0.20511501212881947,0.13194418166358077,0.40087268604578397,4.2536506826372,,
6291,沛亨,2026/06,41234.0,6325.0,95408,2401353,64873,470677,880441,23G,23G5Z,24150000.0,2026,-14.084268774703558,-0.6891083048626756,10.627042689267455,14.69154288647084,0.19600491889364038,0.027015186855077117,0.3666437212688014,10.423474183095946,,
6292,迅德,2026/06,6301.0,3120.0,37332,1966884,172815,524913,772343,23D,23D5,2903242.0,2026,-10.965384615384615,0.38009350736292824,8.74862232231722,14.491961122576802,0.2668754232583111,0.08786232436686657,0.39267338592413176,1.8687350143679038,,
6294,智基,2026/06,0.0,8431.0,54348,1289252,20090,404398,732309,99Z,99ZX,711083.0,2026,-5.446210413948523,-3.7872265601243815,0.0,14.069572763201512,0.3136687009211543,0.015582678948723757,0.5680107535221973,1.1195576970212184,,
6405,悅城,2026/06,12835.0,52782.0,-23279,3328858,828446,238098,17370,23C,23C8C,4033540.0,2026,1.4410405062331855,0.8643247076616943,9.460009002229748,15.018139860195305,0.0715254300423749,0.24886793008292935,0.06423362732568252,1.2169068190953174,,
6409,旭隼,2026/06,418651.0,43214.0,682547,19290617,4179405,7400533,11337348,23D,23D3,95755590.0,2026,-14.7945804600361,0.38009350736292824,12.944795304881408,16.775129369855094,0.383633815341417,0.21665481202597098,0.5877130835161986,5.551555867808687,,
6411,晶焱,2026/06,232745.0,1939.0,212136,6744440,1010671,833364,1620675,23G,23G5Z,9871491.0,2026,-108.4048478597215,-0.6891083048626756,12.357703009169938,15.724229019714707,0.12356311272692766,0.14985247107246857,0.24029793429847401,1.7039466582844536,,
6412,群電,2026/06,933188.0,262691.0,-193150,35034764,6095208,4776701,19587117,23D,23D3,38193286.0,2026,1.7352745240605882,0.38009350736292824,13.74636303166174,17.37185138364306,0.13634174901249513,0.17397599709819653,0.5590766074519583,1.6492305471217104,,
6414,樺漢,2026/06,5399190.0,863686.0,1094636,185059142,12991516,29408057,119653447,23A,23A5B,55910893.0,2026,-0.26740042098633066,4.400151586482101,15.501759685496328,19.036186018440247,0.1589116683573514,0.07020196819025563,0.6465686899164377,0.9486931480531775,,
6416,瑞祺電通,2026/06,137637.0,3807.0,-514160,6919794,758979,451807,3181364,23A,23A5B,5875175.0,2026,136.05647491463094,4.400151586482101,11.832382329146153,15.749896558364625,0.0652919725645012,0.10968231135204314,0.45974836823177107,1.30878737141597,,
6417,韋僑,2026/06,46758.0,40150.0,206668,3068300,1367865,684838,1295336,23K,23KX,5580168.0,2026,-4.147397260273973,2.4156930292402516,10.752762029557497,14.936634220261142,0.2231978620082782,0.4458054948994557,0.42216732392530065,2.240818694391031,,
6418,詠昇,2026/06,4583.0,1485.0,-14855,1048346,123016,226117,533159,23D,23D2,1070182.0,2026,11.003367003367003,0.38009350736292824,8.430327258394575,13.862724242046479,0.21568928578923371,0.11734293830472001,0.5085715975450853,1.5294005986573136,,
6419,京晨科,2026/06,2716.0,1602.0,-167221,1231526,6261,97061,517304,23C,23C9,1888317.0,2026,105.38264669163546,0.8643247076616943,7.907283609426348,14.023764608784338,0.07881360198647856,0.005083936514535625,0.42005122100548425,1.953365986588996,,
6423,億而得,2026/06,72047.0,122192.0,34486,741256,394105,289738,222277,23G,23G5L,2555718.0,2026,0.7177720309021868,-0.6891083048626756,11.185087842541353,13.516101323696388,0.3908744077619608,0.5316719190131345,0.29986536365304295,3.7476863593684233,,
6425,易發,2026/06,101938.0,40875.0,-83510,3488649,1031493,525629,2144709,23H,23H2,3759186.0,2026,3.043058103975535,-1.06809951238677,11.532129874153942,15.065025113216542,0.15066835327945002,0.2956711896209679,0.6147677797336447,1.6923155639905305,,
6426,統新,2026/06,31628.0,35628.0,52837,1112443,102736,328526,113751,23K,23K6,7393728.0,2026,-0.4830189738407994,2.4156930292402516,10.361829700245059,13.92206905575487,0.2953194006344595,0.09235169801958393,0.10225332893460609,6.748641503429838,,
6432,今展科,2026/06,20365.0,1792.0,60452,1466436,166027,464220,396210,23D,23D5,2951462.0,2026,-32.734375,0.38009350736292824,9.92162212273161,14.198345525124456,0.316563423156551,0.11321803338161365,0.270185674656105,2.282862668401485,,
6435,大中,2026/06,104730.0,20983.0,339699,3260929,246095,593955,1019219,23G,23G5K,13617074.0,2026,-15.189248439212696,-0.6891083048626756,11.559150437084062,14.997522682071997,0.18214288014243793,0.07546775780766769,0.31255479650124246,4.488381378435409,,
6438,迅得,2026/06,234916.0,116930.0,31615,11237102,2747467,1990337,4759672,23H,23H2,12947445.0,2026,0.7296245617035834,-1.06809951238677,12.36698753925013,16.234731540004667,0.17712191274939038,0.24449960496932394,0.42356757106948034,1.5757725612884887,,
6441,廣錠,2026/06,16935.0,2396.0,-141839,1579187,826294,156275,669107,23D,23D7,1194323.0,2026,60.19824707846411,0.38009350736292824,9.737196812814702,14.27242071561126,0.0989591479666436,0.5232401229240109,0.42370346260449204,1.1799932496911385,,
6442,光聖,2026/06,64233.0,78809.0,1236035,19984668,1245722,8557221,6394070,23K,23K6,134181520.0,2026,-14.683932038218986,2.4156930292402516,11.070287944507681,16.810475937530228,0.42818929991731663,0.06233388515636087,0.31994877272917416,7.034171896175608,,
6443,元晶,2026/06,24918.0,37563.0,-241771,6330501,3671370,406385,2992753,23C,23C7C,18178654.0,2026,7.436413492000106,0.8643247076616943,10.123385843685309,15.660889937907838,0.06419476120452394,0.5799493594582799,0.4727513667559645,3.344349365081847,,
6446,藥華藥,2026/06,1923980.0,959461.0,4128873,44110958,4907912,24470683,7294881,17C,17C1D,511350700.0,2026,-3.303325512970303,0.008617877337973031,14.469907034899153,17.602218790276474,0.5547529255655703,0.11126287486206941,0.165375710044656,11.757749196922905,,
6449,鈺邦,2026/06,117122.0,674611.0,314247,11612274,2334104,1620450,4613892,23D,23D5,31700670.0,2026,0.5341804388010275,0.38009350736292824,11.670979943621184,16.26757320012798,0.13954631108428892,0.20100317991118707,0.3973288952706421,3.127256728527074,,
6456,GIS-KY,2026/06,1134334.0,1271225.0,101832,56443823,13366739,11589283,26942573,23C,23C8E,23486830.0,2026,0.9198945898641074,0.8643247076616943,13.941557134105656,17.84875641830341,0.20532420350053185,0.2368149124130022,0.4773343045881212,0.8934441417974116,,
6461,益得,2026/06,76024.0,22668.0,-169633,2295483,1379967,95420,1401085,17C,17C1B,2693115.0,2026,8.483368625374977,0.008617877337973031,11.238817512545566,14.646453836850046,0.04156859362495823,0.6011662904931119,0.6103660972440222,1.783589771738671,,
6462,神盾,2026/06,1203338.0,61188.0,-314236,20563854,197575,2758777,6773250,23G,23G5Z,10721993.0,2026,6.135582140288945,-0.6891083048626756,14.00061075077114,16.839045432346296,0.13415661286060482,0.009607877978515117,0.3293764875008352,0.8507764643728748,,
6464,台數科,2026/06,0.0,123118.0,644221,18141168,2211204,1071861,9370333,99G,99G,10044996.0,2026,-4.232549261683913,-2.7502395451342228,0.0,16.713694388671055,0.05908445365811066,0.12188873395582908,0.516523136768261,1.0702358855835523,,
6465,威潤,2026/06,28259.0,498.0,4541,661201,218675,86471,81719,23K,23K5,3638958.0,2026,-8.11847389558233,2.4156930292402516,10.249202656238518,13.401813157329556,0.13077868908244242,0.33072394022392587,0.1235917671025906,5.6271496867064625,,
6469,大樹,2026/06,0.0,166959.0,168110,14021734,1030949,1454018,10282514,17X,17X2,11241441.0,2026,-0.0068939080852185265,-5.350321019125554,0.0,16.45611911237941,0.10369744569394912,0.07352507186343715,0.7333268481630018,1.5350423135968776,,
6470,宇智,2026/06,42761.0,326.0,103643,1736731,14295,1042865,605767,23K,23K4,1843237.0,2026,-316.9233128834356,2.4156930292402516,10.663405136729926,14.367515168521196,0.6004758364997228,0.008230981078819921,0.348797251848444,1.4101228111895279,,
6472,保瑞,2026/06,358676.0,552266.0,1324837,52077131,10771669,8431018,34541633,17C,17C1B,54037944.0,2026,-1.3989110320026943,0.008617877337973031,12.790177541029667,17.768236466021516,0.16189482481283388,0.20684067638057865,0.6632783399684595,1.7009304333604707,,
6474,華豫寧,2026/06,27624.0,5831.0,89384,3490751,508130,381336,1796215,23G,23G5H,1943462.0,2026,-14.329103069799348,-0.6891083048626756,10.226476438820054,15.065627457275788,0.1092418221752282,0.1455646650248041,0.5145640579921055,1.071310156467763,,
6477,安集,2026/06,5185.0,93702.0,307205,8057302,3852394,575254,4698333,23C,23C7D,4134486.0,2026,-2.2785319416874774,0.8643247076616943,8.55371796609861,15.90208931899096,0.07139536286464129,0.4781245632843351,0.5831149186166784,1.0962502088167976,,
6482,弘煜科,2026/06,18583.0,92.0,14264,543494,57614,383191,153980,23X,23X2,797457.0,2026,-154.04347826086956,-2.9683442828733075,9.830056274450245,13.205773945924047,0.6702412270449687,0.10600669004625626,0.28331499519773906,1.7505933828156337,,
6485,點序,2026/06,297480.0,31434.0,-386519,2622596,936959,484046,652712,23G,23G5E,3950324.0,2026,13.296207927721575,-0.6891083048626756,12.603105636382113,14.779675224874302,0.1845675048692212,0.3572639476305157,0.24888011725786205,1.7551449022266488,,
6486,互動,2026/06,0.0,8106.0,-419331,4236288,741981,424477,2459876,23K,23K1,4137601.0,2026,52.73094004441155,2.4156930292402516,0.0,15.259197972060864,0.10020022245890742,0.17514885673495287,0.5806677921803239,1.5573721616660623,,
6488,環球晶,2026/06,997259.0,5661847.0,2812066,219220426,107864332,23776098,122499929,23G,23G3C,480504570.0,2026,0.5033306269137968,-0.6891083048626756,13.81276679729321,19.205588293003316,0.10845749382860884,0.4920359565399257,0.5587979698570607,2.750676613501335,,
6491,晶碩,2026/06,300140.0,1003429.0,914096,16961595,8532026,744989,5294926,17G,17G4,26910000.0,2026,0.08902772393462816,0.3552450874748451,12.612007643222933,16.646462228717414,0.04392210756122877,0.5030202643088696,0.31217146736495005,1.898696791192102,,
6492,生華科,2026/06,119749.0,228.0,-132809,679251,1300,636924,62613,17C,17C1C,3829910.0,2026,583.4956140350877,0.008617877337973031,11.693161515273161,13.428745999499508,0.6702412270449687,0.0019138727804596533,0.09217947415609253,5.730610628471655,,
6494,九齊,2026/06,114637.0,8069.0,247340,1316998,42352,531311,288931,23G,23G5H,2038776.0,2026,-29.653116867021936,-0.6891083048626756,11.649534616432216,14.09086546212138,0.40342582145151323,0.032157983535282514,0.2193860582931789,1.7674339672497605,,
6496,科懋,2026/06,45739.0,4774.0,-60087,1417786,171309,141099,728800,17C,17C1B,1196437.0,2026,13.586300795978214,0.008617877337973031,10.730728467576773,14.164607057900923,0.0995206610870752,0.12082853124519498,0.5140409060323632,1.3579179086265487,,
6498,久禾光,2026/06,39032.0,101840.0,214555,2660469,358633,1531281,1114956,23U,23U1,4405211.0,2026,-1.1067851531814612,0.6287322940719774,10.572162721171585,14.794012981005553,0.5755680671340279,0.1348006686039191,0.4190825001155811,2.0748849169075076,,
6499,益安,2026/06,187354.0,4683.0,-233611,1551305,145660,452475,282140,17G,17G2,6834623.0,2026,50.88490284005979,0.3552450874748451,12.140760491882794,14.254607070150431,0.2916737843299673,0.09389513989834365,0.18187268138760593,4.587597538846326,,
6504,南六,2026/06,19827.0,60120.0,-138277,9648156,3911719,939503,6175881,14F,14F,2613600.0,2026,3.300016633399867,2.280747546460639,9.894850359140465,16.082277366972612,0.09737643130977568,0.4054369560359513,0.640109985783812,0.9110011280912125,,
6505,台塑化,2026/06,168877.0,5770739.0,5435396,590457205,87207713,49680830,98037336,13C,13C,524880396.0,2026,0.058110928253729724,0.058110928253729724,12.036931839723511,20.196407718494484,0.08413959484159399,0.14769523051209105,0.1660363107941074,1.0549752407543236,,
6506,雙邦,2026/06,11700.0,34027.0,121215,2713332,1550627,155160,1396651,17F,17F,1519560.0,2026,-2.562318159108943,-0.1876790419128015,9.367429587218957,14.813687957910002,0.05718430328466992,0.5714844331618836,0.5147364937280068,1.0747711669637183,,
6508,惠光,2026/06,17002.0,3014.0,59981,2776188,588066,725803,336994,17C,17C3,2111552.0,2026,-18.900796284007964,0.008617877337973031,9.741145078057485,14.83658932165865,0.2614387066005616,0.21182499167923785,0.12138731238662512,0.8819813355579665,,
6509,聚和,2026/06,72262.0,212311.0,396928,8256058,2888071,1815799,2685489,17Z,17Z,9735801.0,2026,-0.869559278605442,-0.14370062994675983,11.188067520584923,15.926457791872602,0.21993534929139305,0.3498123438570805,0.32527496778729026,1.5045061456690347,,
6510,精測,2026/06,408075.0,158463.0,634963,14080198,3813783,5438584,3948111,23B,23B2D,99939515.0,2026,-3.0070111003830546,0.8732908111863595,12.91920871054916,16.460279971095293,0.38625763643380584,0.27086146089706975,0.28040166764700325,7.378278771363869,,
6512,啟發電,2026/06,22496.0,647.0,-13214,356125,82223,221673,24625,23C,23C3,503937.0,2026,21.423493044822255,0.8643247076616943,10.021137245969499,12.953599103928836,0.6224584064584064,0.23088241488241487,0.06914706914706915,1.4842035802035802,,
6515,穎崴,2026/06,303993.0,651856.0,1024552,15643215,2535781,2974229,7022897,23B,23B2D,294657825.0,2026,-0.5717459070715004,0.8732908111863595,12.62476324335148,16.565547834616176,0.19012901120389894,0.1621010131229418,0.4489420493165887,19.285084427977242,,
6516,勤崴國際,2026/06,56234.0,5152.0,54461,1195056,27675,101031,248878,23K,23K5,3188674.0,2026,-9.570846273291925,2.4156930292402516,10.937294617838122,13.99370360417445,0.08454080812949351,0.02315791059163755,0.2082563494932455,2.876477755017338,,
6517,保勝光學,2026/06,20329.0,1096.0,54896,820730,111261,478861,161670,23U,23U1,2232267.0,2026,-49.08759124087591,0.6287322940719774,9.919852906622392,13.617949467110797,0.5834574098668259,0.13556346179620582,0.1969831735162599,2.91683866801506,,
6523,達爾膚,2026/06,4025.0,1779.0,168965,1644393,6293,248275,370500,17Y,17Y,4414704.0,2026,-93.97751545812254,-1.5547307281535794,8.300528606199737,14.312881877124992,0.15098276385267997,0.0038269440456144,0.22531110263787307,2.9100123875496915,,
6525,捷敏-KY,2026/06,21578.0,184670.0,614363,7228736,2384061,1415525,2515469,23G,23G2,19486097.0,2026,-2.326815400444035,-0.6891083048626756,9.979475898535465,15.79357475174164,0.19581915842548406,0.3298033017113919,0.34798186017583155,3.0436256075751005,,
6526,達發,2026/06,3441180.0,391514.0,1268849,30716625,3934242,13576611,9526784,23G,23G5B,112229020.0,2026,-2.2408777208477857,-0.6891083048626756,15.051325284384319,17.24031459692708,0.4419955317356643,0.12808184492925248,0.310150740844738,3.9638405586551255,,
6527,明達醫,2026/06,27517.0,109465.0,41335,1355368,735962,84015,323957,17G,17G1,1861053.0,2026,0.622390718494496,0.3552450874748451,10.222595614987762,14.119583562138809,0.06198685523046139,0.5429979164330277,0.2390177427827719,1.612115676332922,,
6530,創威,2026/06,9862.0,879.0,35154,636795,6623,469881,174929,23K,23K6,2953125.0,2026,-38.99317406143345,2.4156930292402516,9.196545660953994,13.36420306172269,0.6702412270449687,0.01040052136087752,0.2747022197096397,4.91218366978384,,
6531,愛普*,2026/06,587067.0,114775.0,1296229,16883261,158470,9708479,4131371,23G,23G5E,162822702.0,2026,-10.293652798954476,-0.6891083048626756,13.282895935371789,16.641833215677632,0.575035770636964,0.009386219877783089,0.24470219349212216,9.888733758247296,,
6532,瑞耘,2026/06,8774.0,20553.0,69173,1652959,770833,445938,417030,23H,23H2,3366306.0,2026,-2.3655913978494625,-1.06809951238677,9.079662048334066,14.318077573107772,0.26978164612673394,0.46633522065580574,0.2522930090824999,2.2888262806276503,,
6533,晶心科,2026/06,837135.0,11312.0,-121310,6058454,1263946,754993,1774116,23G,23G5L,9978247.0,2026,11.724009900990099,-0.6891083048626756,13.637741821338055,15.616965209986448,0.12461809563958066,0.2086251707118681,0.29283312211333123,1.9398287087761994,,
6534,正瀚-創,2026/06,200770.0,92160.0,779536,3805458,2482405,640732,1170872,17C,17C3,,2026,-7.458506944444444,0.008617877337973031,12.209920234059048,15.15194690997121,0.16837184906521108,0.6523275253596282,0.3076822816071022,,,
6538,倉和,2026/06,62462.0,84160.0,72037,3000515,1164850,932293,1080591,23C,23C7F,4985598.0,2026,0.14404705323193917,0.8643247076616943,11.042329660423304,14.914294498566015,0.3107109946125915,0.38821668946830795,0.36013517679465024,2.0217159387638457,,
6541,泰福-KY,2026/06,44101.0,220606.0,-547239,7634753,1549905,592561,2669236,17C,17C1D,10626219.0,2026,3.4806170276420407,0.008617877337973031,10.694260411880514,15.848221145096502,0.07761364382056629,0.20300656746852191,0.34961654948103754,1.7414387865593033,,
6542,隆中,2026/06,195940.0,15794.0,25906,941188,20152,630823,156329,23X,23X2,1915246.0,2026,-0.6402431303026466,-2.9683442828733075,12.185568872488753,13.75489818607281,0.6702412270449687,0.021411237712338025,0.1660975278052844,2.2010214749869315,,
6546,正基,2026/06,84035.0,765.0,2346,3682754,635372,1317046,1527585,23K,23K4,4659306.0,2026,-2.066666666666667,2.4156930292402516,11.339000557443518,15.11917139982146,0.3576252988931653,0.17252632133452303,0.41479420020995156,1.6799631471447727,,
6547,高端疫苗,2026/06,51185.0,136373.0,-147350,4760764,1030133,259042,1205424,17C,17C1D,14950505.0,2026,2.0804924728501977,0.008617877337973031,10.84322133613675,15.375918717529862,0.05441185490396079,0.2163797659367278,0.2531996965192982,3.3935580507666416,,
6548,長科*,2026/06,212338.0,348385.0,195033,26672357,3037852,4843572,13167119,23G,23G4,79744014.0,2026,0.4401796862666303,-0.6891083048626756,12.2659393331282,17.09913826870617,0.1815951998542911,0.11389514619949036,0.49366162128078894,3.4834241683252816,,
6552,易華電,2026/06,27825.0,6744.0,-33952,3891157,390331,266276,1231284,23B,23B2C,2490000.0,2026,6.0344009489916965,0.8732908111863595,10.233726114401822,15.174217100677215,0.06843106047892696,0.100312323558263,0.3164313339194486,0.9563438329525126,,
6556,勝品,2026/06,34995.0,15454.0,124608,2280300,732864,456299,632373,23C,23C9,2084375.0,2026,-7.063155170182477,0.8643247076616943,10.462989048226156,14.639817571222242,0.20010481077051265,0.32138929088277857,0.2773200894619129,1.19139937727492,,
6558,興能高,2026/06,59880.0,40225.0,-16094,1883071,639652,457306,553114,23D,23D7,2757397.0,2026,1.4000994406463643,0.38009350736292824,11.00011453846092,14.448414512717079,0.2428511723668412,0.33968554557953473,0.29372976377417526,1.758038332065015,,
6561,是方,2026/06,10932.0,118896.0,704537,7031980,3703960,536370,3762539,23K,23K3,25882056.0,2026,-4.925657717669224,2.4156930292402516,9.299541017434485,15.765978874202036,0.07627581420880036,0.5267307358667118,0.5350611065446716,4.215682496252834,,
6568,宏觀,2026/06,104067.0,2327.0,154490,1843210,285955,373281,276419,23G,23G5B,5005000.0,2026,-65.39020197679416,-0.6891083048626756,11.55279981061309,14.427019174816214,0.2025168049218483,0.1551396748064518,0.14996609176382505,2.8653376446525356,,
6569,醫揚,2026/06,56022.0,11670.0,-126207,2364560,346128,260773,813544,23A,23A5B,4539026.0,2026,11.8146529562982,4.400151586482101,10.933517599682975,14.676102516087743,0.11028394289000913,0.14638156781811415,0.344057245322597,2.2636642758060694,,
6570,維田,2026/06,43164.0,9295.0,-14369,1453612,756149,133390,610047,23A,23A5B,1867086.0,2026,2.545884884346423,4.400151586482101,10.672785260669624,14.189562051396011,0.09176451487742258,0.5201862670368709,0.4196766399837095,1.704122558151694,,
6574,霈方,2026/06,438.0,46042.0,172461,1351436,119046,246552,283840,17Y,17Y,2506860.0,2026,-2.745732157595239,-1.5547307281535794,6.0844994130751715,14.116678288786392,0.18243705214305375,0.08808852213497347,0.21002844381827923,2.0649886491110196,,
6576,逸達,2026/06,337408.0,46498.0,-152197,1858424,163160,877823,585567,17C,17C1C,12729313.0,2026,4.273194546001979,0.008617877337973031,12.729051123308489,14.435239374689859,0.47234807557371195,0.08779481969668924,0.3150879454849916,7.1646082917568865,,
6577,勁豐,2026/06,55231.0,10272.0,143225,2607124,46847,914886,1193511,23A,23A5B,4378374.0,2026,-12.943243769470405,4.400151586482101,10.9192977744431,14.773758256034592,0.3509177162267694,0.01796884229518811,0.4577883522226024,2.1371768277995216,,
6578,達邦蛋白,2026/06,6597.0,1154.0,17888,1120739,807207,139812,111380,12B,12B,1190640.0,2026,-14.500866551126517,-0.7699072718135969,8.794521851788527,13.929498847113397,0.12474983024593594,0.71402272872828,0.09938085495374034,1.1617513087346831,,
6579,研揚,2026/06,432703.0,85935.0,-715660,16407596,1409031,2381454,4281673,23A,23A5B,26688533.0,2026,9.32792226682958,4.400151586482101,12.97780917045035,16.61325495629568,0.1451433835889182,0.0858767487936685,0.26095675442033067,1.8875529358475185,,
6581,鋼聯,2026/06,0.0,418551.0,600126,5376293,4256616,391257,993088,99L,99L2,11905997.0,2026,-0.4338181010199474,-0.6044886985805259,0.0,15.497509661188065,0.07277449350323727,0.71402272872828,0.1847161231726024,2.3992526076982785,,
6582,申豐,2026/06,13655.0,27534.0,-6289,7194414,2387390,51523,330071,21C,21C,3503742.0,2026,1.2284085131110627,-0.008752720272996672,9.521934264474277,15.788815449538516,0.010873449336980059,0.3318393965095698,0.06423362732568252,0.6053234953580162,,
6584,南俊國際,2026/06,35014.0,485267.0,220944,5485449,2881845,762224,1763899,20B,20B,52297500.0,2026,0.5446960127105285,-4.399302720874156,10.463531820089617,15.517609507958289,0.13895380305240282,0.5253617342901192,0.32155963896483225,9.855419127951057,,
6585,鼎基,2026/06,51833.0,58339.0,289714,5339640,2965979,769696,1416296,17F,17F,9377420.0,2026,-3.9660432986509884,-0.1876790419128015,10.855801583586938,15.490668792933498,0.14414754552741382,0.5554642260526927,0.2652418515105887,2.021431407360796,,
6588,東典光電,2026/06,15633.0,74364.0,-34520,1286596,658244,335820,363183,23K,23K6,3060628.0,2026,1.4642031090312517,2.4156930292402516,9.657203308780275,14.067510528984828,0.26101433550236436,0.511616700191824,0.2822820838864725,2.6611391610109156,,
6589,台康生技,2026/06,460340.0,242426.0,-10205,10603673,4935732,2859101,2811347,17C,17C1D,15387314.0,2026,1.0420953198089313,0.008617877337973031,13.039722798182751,16.17671100849573,0.26963307902837064,0.4654738032755254,0.2651295452057037,1.7162601110011597,,
6590,普鴻,2026/06,20890.0,2483.0,4374,1223800,357690,160281,391654,23X,23X1,1635142.0,2026,-0.761578735400725,-2.9683442828733075,9.947073723199049,14.017471330010578,0.13096992972707958,0.2922781500245138,0.32003105082529826,1.6561496976630168,,
6591,動力-KY,2026/06,52801.0,207705.0,98114,3389851,1572268,1005647,1228611,23D,23D9B,2200027.0,2026,0.5276281264293108,0.38009350736292824,10.874304347764848,15.03629652558832,0.29666407166568676,0.4638162562307311,0.3624380540619632,1.0114420958325308,,
6592,和潤企業,2026/06,0.0,382864.0,3197760,331732335,7241098,4931503,288745851,28K,28K,37676302.0,2026,-7.3522086171590955,-7.3522086171590955,0.0,19.619838981831215,0.01486590989087633,0.0218281344204809,0.8704181671045121,0.9839925703956475,,
6593,台灣銘板,2026/06,9837.0,16467.0,-15180,1011547,484630,206110,155183,23Z,23Z,1064024.0,2026,1.9218436873747495,0.4712413208368661,9.194007717355285,13.826991400155524,0.20375721543339065,0.4790978570447048,0.1534115567541597,1.2052895218907278,,
6596,寬宏藝術,2026/06,0.0,31204.0,-281134,1954550,428408,317123,722529,99E,99E,3526400.0,2026,10.009550057684912,10.009550057684912,0.0,14.485670545878213,0.16224859942186182,0.21918497863958455,0.3696651403136272,2.1738655956614052,,
6597,立誠,2026/06,19305.0,1047305.0,12561,2277634,1587791,124980,1508319,23D,23D5,2012814.0,2026,0.9880063591790357,0.38009350736292824,9.86817120740856,14.638647742828924,0.054872731966593404,0.697122979372454,0.6622306305578508,1.5459608523581927,,
6598,ABC-KY,2026/06,152703.0,4687.0,-5927,1073322,81524,449173,371792,17G,17G3,2349414.0,2026,2.264561553232345,0.3552450874748451,11.936256686017533,13.886269069790524,0.41848858031420205,0.07595483927470041,0.3463937196852389,2.5353118635414162,,
6603,富強鑫,2026/06,69145.0,40038.0,-36864,8509884,2180221,696453,5665697,15A,15A1,3834445.0,2026,1.9207253109545932,-2.2784211804366263,11.143975490155883,15.956738869434327,0.08184048102183296,0.25619867438851107,0.6657784054400742,1.1163656284856527,,
6605,帝寶,2026/06,382414.0,1107919.0,2636082,33821885,13425207,3270291,13208337,15D,15D,22550976.0,2026,-1.3793093177389322,0.030322615797322407,12.854261685331489,17.33661863613224,0.09669156523948917,0.3969384615907718,0.39052634115455126,1.0572832649629078,,
6606,建德工業,2026/06,5532.0,53384.0,167444,2340887,929966,258988,647865,15A,15A1,2746570.0,2026,-2.1365952345271992,-2.2784211804366263,8.618485442898109,14.666040475337917,0.11063669455210781,0.3972707781281198,0.2767604758367234,1.450063587007831,,
6609,瀧澤科,2026/06,50243.0,9525.0,121470,3793032,918816,502093,1412381,15A,15A1,2883749.0,2026,-11.752755905511812,-2.2784211804366263,10.824646415807143,15.148676257229173,0.13237246614318043,0.24223787197155205,0.37236200485521875,1.132637425679509,,
6612,奈米醫材,2026/06,71938.0,23388.0,45840,3202431,369504,350165,1206774,17G,17G4,3440086.0,2026,-0.9599794766546947,0.3552450874748451,11.183573816680386,14.979420766853467,0.10934349561317637,0.1153823454744224,0.37683060150242115,1.4510414119773385,,
6613,朋億*,2026/06,102224.0,330840.0,-104308,15208196,814593,3459703,6955958,23H,23H1,28358465.0,2026,1.315282311691452,-1.06809951238677,11.534931545232842,16.537345051021063,0.22748937480816264,0.053562763131143235,0.4573821904978079,2.3220652206218277,,
6614,資拓宏宇,2026/06,29603.0,22415.0,-502560,4356018,108047,315118,2834084,23X,23X1,3210308.0,2026,23.420700423823334,-2.9683442828733075,10.295664766317357,15.287068895257855,0.07234083973023069,0.024804075648906868,0.6506134731307355,1.3875957353711579,,
6615,慧智,2026/06,2666.0,1480.0,12103,735616,31165,97423,87738,17H,17H2,782746.0,2026,-7.177702702702702,-0.7823743533806006,7.888709524182015,13.508463522427359,0.13243730424569342,0.04236585392378632,0.11927146772228989,1.1833402209848616,,
6616,特昇-KY,2026/06,6454.0,643.0,-5531,723452,114295,313396,304573,99B,99B,323914.0,2026,9.601866251944012,-2.3641251140379764,8.772610303280743,13.491789478692473,0.43319529146370456,0.15798560236200881,0.4209995963795801,0.8687335165290856,,
6620,漢達,2026/06,161665.0,21115.0,490106,5580856,44809,1496763,557908,17C,17C1C,16166620.0,2026,-22.21127160786171,0.008617877337973031,11.993287757531668,15.534852727610069,0.26819595416903785,0.008029055041018798,0.09996817692483016,2.9967675209681097,,
6624,萬年清,2026/06,3039.0,19.0,-99619,768520,249790,73962,268528,99L,99L2,914450.0,2026,5244.105263157895,-0.6044886985805259,8.019612794400267,13.552221866345638,0.09623952532139697,0.3250273252485296,0.34940925415083535,1.5392937073856243,,
6625,必應,2026/06,0.0,125548.0,181857,3737397,1536812,1068923,1841772,99H,99H,4568194.0,2026,-0.44850575078854305,-0.44850575078854305,0.0,15.133899937772908,0.28600734682454126,0.4111984892158901,0.49279538673574147,1.7150883355447655,,
6637,醫影,2026/06,0.0,134552.0,60568,1922241,350878,208932,848393,17G,17G1,1689030.0,2026,0.5498543314109043,0.3552450874748451,0.0,14.4690022508702,0.10869188618908868,0.18253590470705808,0.44135620871680503,1.3200337522714374,,
6640,均華,2026/06,109893.0,26354.0,185301,9146824,483509,838468,4003642,23H,23H2,29634800.0,2026,-6.031228655991501,-1.06809951238677,11.607271543814905,16.02891727317209,0.09166766519176492,0.05286086186855678,0.43770843300363055,3.677608971157639,,
6641,基士德-KY,2026/06,49105.0,3606.0,-13284,2246393,503011,326908,739616,99L,99L2,657000.0,2026,4.683860232945092,-0.6044886985805259,10.801736505909519,14.624836376711908,0.14552573837258218,0.22391941214204283,0.3292460402075683,0.6217149002868153,,
6642,富致,2026/06,20244.0,344962.0,42495,1797701,1132099,158786,711013,23D,23D5,2947120.0,2026,0.8768125184802964,0.38009350736292824,9.915663128466262,14.402019184300693,0.08832725798116595,0.6297482173064375,0.3955123794223845,2.034895124383866,,
6643,M31,2026/06,658258.0,23362.0,-128200,2107100,583668,355260,229936,23G,23G5L,20034840.0,2026,6.4875438746682645,-0.6891083048626756,13.397353749881873,14.560823152504899,0.16860139528261592,0.2770006169617009,0.10912438897062313,9.617377438185184,,
6645,金萬林-創,2026/06,13090.0,18374.0,-76179,1042663,441293,86006,604358,17G,17G3,,2026,5.146021552193317,0.3552450874748451,9.479680250180099,13.857288575349004,0.08248686296531094,0.4232364627880725,0.5796292761899099,,,
6649,台生材,2026/06,11946.0,5574.0,-49815,731115,222886,184268,87268,17G,17G2,1596000.0,2026,9.937029063509149,0.3552450874748451,9.388235479817224,13.50232604510007,0.2520369572502274,0.30485764893347833,0.11936289092687197,2.3023300028039366,,
6651,全宇昕,2026/06,24793.0,88002.0,150269,1757211,133566,483371,445590,23G,23G5K,5311407.0,2026,-0.7075634644667167,-0.6891083048626756,10.118356967398093,14.379238451023193,0.2750785193127063,0.07601022301818051,0.2535779710006368,3.276212702970787,,
6654,天正國際,2026/06,23466.0,12812.0,16573,2447152,812054,191312,1097163,23H,23H2,6893655.0,2026,-0.29355291913830783,-1.06809951238677,10.063350457922596,14.710435457373444,0.07817740786023916,0.33183635507724896,0.44834280829306883,3.265354174975645,,
6655,科定,2026/06,3070.0,118548.0,138517,10314970,2381661,162101,7043102,99Z,99ZC,9910356.0,2026,-0.1684465364240645,-3.7872265601243815,8.029758520440822,16.149106796097414,0.01571512083893603,0.2308936429286755,0.6828039247811676,1.643578023009277,,
6657,華安,2026/06,147774.0,817.0,-145790,784063,63790,567382,71136,17C,17C1C,3232611.0,2026,179.44553243574052,0.008617877337973031,11.90344612569257,13.57224465324694,0.6702412270449687,0.08135825820119047,0.09072740328264438,4.213624415384988,,
6658,聯策,2026/06,25057.0,100548.0,90489,3529481,1044100,830278,2057434,23H,23H2,8510580.0,2026,0.10004177109440267,-1.06809951238677,10.128948416805498,15.076661392604422,0.23524081869260666,0.2958225302813643,0.5829281982251782,2.994211896876623,,
6661,威健生技,2026/06,11822.0,92566.0,-13453,658591,271981,168287,380961,17H,17H2,419472.0,2026,1.1453341399649979,-0.7823743533806006,9.377802065863113,13.397857983480286,0.25552581192272594,0.41297406129145403,0.5784485363450154,1.2153719076027458,,
6662,樂斯科,2026/06,0.0,5832.0,16400,597686,248650,85571,170240,17H,17H1,765799.0,2026,-1.812071330589849,-0.7823743533806006,0.0,13.300820811416052,0.14317049420598776,0.4160211214584247,0.2848318347761199,1.5661049447368685,,
6664,群翊,2026/06,54697.0,14733.0,522258,9629859,1205475,775045,5443872,23H,23H2,23910041.0,2026,-34.448177560578294,-1.06809951238677,10.90958242467033,16.08037914192257,0.0804835252520312,0.125180960593504,0.5653117039408365,3.048218359168083,,
6667,信紘科,2026/06,32429.0,154068.0,266151,7297989,654531,1827132,4783101,23H,23H1,13206772.0,2026,-0.7274904587584703,-1.06809951238677,10.386839199301363,15.80310938871513,0.25036102411225886,0.08968648760638033,0.6553998642639773,2.46504523369383,,
6668,中揚光,2026/06,64096.0,38092.0,-113568,3754864,1831718,319713,1502352,23U,23U1,4172168.0,2026,3.981413420140712,0.6287322940719774,11.068152839941444,15.138562624148971,0.08514635949531062,0.48782539127915153,0.40010823294798425,1.5112451476271844,,
6669,緯穎,2026/06,6128480.0,11851624.0,-61567715,556925715,28848583,85330206,419663002,23A,23A2,865002240.0,2026,6.194875824612728,4.400151586482101,15.628457479489317,20.137942422749735,0.15321649495031847,0.05179969648196259,0.753534970099199,2.306708430584858,,
6670,復盛應用,2026/06,477014.0,398786.0,3485201,31228263,7122352,10088998,12544435,99Z,99Z2,35613379.0,2026,-7.739526964336762,-3.7872265601243815,13.075303215916927,17.256834108115893,0.323072660173254,0.22807390856161291,0.4017013370228117,1.5421227238927762,,
6672,騰輝電子-KY,2026/06,135278.0,179704.0,207806,6807405,1231324,1254829,2002909,23B,23B3A,24486000.0,2026,-0.1563793794239416,0.8732908111863595,11.815094591469446,15.733521548236203,0.1843329433168733,0.18088008573017178,0.2942250387629354,3.89119040221641,,
6674,鋐寶科技,2026/06,88806.0,9696.0,-220796,1105286,91574,120753,325304,23K,23K4,1185932.0,2026,23.771864686468646,2.4156930292402516,11.394220754702262,13.91561468297437,0.1092504564429478,0.08285095441360879,0.2943165841239281,1.36728050477433,,
6679,鈺太,2026/06,128514.0,4599.0,470305,6302608,59573,640716,403940,23G,23G5J,14485913.0,2026,-101.26244835833877,-0.6891083048626756,11.763800908022327,15.656474073954511,0.10165886883651974,0.009452118868887293,0.06423362732568252,2.362490733994562,,
6680,鑫創電子,2026/06,38476.0,1994.0,-99855,1524732,545484,199215,976490,23A,23A5B,1156978.0,2026,51.077733199598796,4.400151586482101,10.55781593916244,14.237329214875052,0.13065574802653843,0.35775729767591946,0.640433859852092,1.3992413092923872,,
6683,雍智科技,2026/06,168383.0,53283.0,168535,3773939,881599,1599494,946436,23B,23B2D,47535825.0,2026,-2.1630163466771766,0.8732908111863595,12.034002364399965,15.14362984155796,0.42382614027412735,0.23360181497369195,0.2507820078702915,12.846593704879703,,
6684,安格,2026/06,63273.0,44844.0,-28448,1658161,25718,255840,107775,23G,23G5F,2615613.0,2026,1.6343769512086344,-0.6891083048626756,11.055229781258411,14.321219714908715,0.15429141078580427,0.01550995349667493,0.06499670418011279,1.6424146991757735,,
6689,伊雲谷,2026/06,73044.0,1604.0,111869,6446279,5480,1445904,3328512,23X,23X1,4318000.0,2026,-68.74376558603491,-2.9683442828733075,11.198830968566615,15.679013623076763,0.22430056161081455,0.0008501028267625401,0.5163462518454445,1.186190048553592,,
6690,安碁資訊,2026/06,176794.0,59825.0,550570,4805895,1333340,1353625,1783022,23X,23X1,4860000.0,2026,-8.203008775595487,-2.9683442828733075,12.082746148242792,15.3853538473495,0.28165929551103386,0.27743843758550696,0.3710072733590726,1.382265322068002,,
6691,洋基工程,2026/06,0.0,75756.0,2998654,26516068,810255,8327992,19101288,23H,23H1,92451607.0,2026,-38.58305612756745,-1.06809951238677,0.0,17.093261446829494,0.3140734139013371,0.030557132377243865,0.7203665339823385,4.206992341398431,,
6692,進能服,2026/06,3505.0,13029.0,-287152,1977669,156867,457252,1007910,23C,23C7E,1550539.0,2026,23.039450456673574,0.8643247076616943,8.16223106548118,14.497429436413539,0.23120754787580733,0.07931913783347971,0.5096454462298797,1.293668960781607,,
6693,廣閎科,2026/06,85714.0,86289.0,61532,2038366,411182,470205,791809,23G,23G5K,10721340.0,2026,0.28690794886949667,-0.6891083048626756,11.35878311844158,14.52765906447205,0.23067741514526832,0.2017213787906588,0.38845280975055513,5.648224607357069,,
6695,芯鼎,2026/06,298782.0,16134.0,-33813,2198065,101614,1161171,340737,23G,23G5Z,6374101.0,2026,3.0957605057642246,-0.6891083048626756,12.60747283637862,14.60308798584694,0.5282696371581368,0.046228842186195586,0.15501679886627556,3.05488600200631,,
6697,東捷資訊,2026/06,3208.0,4010.0,-33098,933963,26071,390524,331088,23X,23X1,1131172.0,2026,9.253865336658354,-2.9683442828733075,8.073714641109857,13.747192101865274,0.41813647863994613,0.02791438204725455,0.35449798332482124,1.5656508876689976,,
6698,旭暉應材,2026/06,51827.0,105991.0,73593,2628098,1081216,535727,950772,23C,23C8C,2874687.0,2026,0.3056674623317074,0.8643247076616943,10.855685822748702,14.781770948606729,0.20384589920162793,0.4114062717600333,0.3617718973949982,1.4555998292301124,,
6703,軒郁,2026/06,27010.0,5228.0,-7394,2392988,407142,643783,1062727,17Y,17Y,3611748.0,2026,2.414307574598317,-1.5547307281535794,10.203999469426009,14.688053352251945,0.26902892952242136,0.17013959117220814,0.4441004300899127,1.953405115278472,,
6706,惠特,2026/06,127398.0,49111.0,-379300,7646219,3080228,827417,3937067,23H,23H2,11743076.0,2026,8.723320640996926,-1.06809951238677,11.755079172795831,15.849721835255721,0.10821256885265776,0.4028432876432129,0.5149037713934168,2.0507054532442766,,
6708,天擎,2026/06,51026.0,3631.0,-31879,435298,4594,242485,50665,23G,23G5B,1164711.0,2026,9.779675020655468,-0.6891083048626756,10.840110183382201,12.983786132997327,0.557055166805269,0.010553689656281444,0.11639152948095328,2.7920550978869647,,
6712,長聖,2026/06,123448.0,186.0,382765,3537350,31051,549790,723800,17H,17H1,16129594.0,2026,-2056.8763440860216,-0.7823743533806006,11.723583394294993,15.07888841720775,0.15542425827243558,0.008778040058235684,0.20461645016749827,4.76441234257283,,
6715,嘉基,2026/06,111700.0,30604.0,27831,4700981,1514703,1477549,947062,23D,23D2,29733327.0,2026,0.09060907070971115,0.38009350736292824,11.623580937568695,15.363281768304843,0.31430652453179453,0.32220998127837575,0.2014605036693405,6.526380132146886,,
6716,應廣,2026/06,121943.0,6435.0,157431,1318827,19273,626041,469860,23G,23G5H,2806458.0,2026,-23.464801864801863,-0.6891083048626756,11.711317201941677,14.092253263127557,0.47469531636825757,0.014613743879978193,0.356271140945704,2.484266700636247,,
6719,力智,2026/06,274338.0,15496.0,148077,17324950,409817,958481,3217179,23G,23G5D,28489590.0,2026,-8.555820856995354,-0.6891083048626756,12.52211984691385,16.66765821703319,0.055323738308047064,0.023654729162277524,0.18569629349579653,1.8301218185333867,,
6720,久昌,2026/06,19905.0,7786.0,12603,1006322,47937,316417,143150,23G,23G5Z,4231640.0,2026,-0.6186745440534293,-0.6891083048626756,9.89877647280601,13.821812657950161,0.31442917873205595,0.047635846180447215,0.1422506911306719,4.347306329385624,,
6721,信實,2026/06,0.0,19138.0,-67750,1196674,133901,333078,541316,99Z,99ZX,1359750.0,2026,4.540077333054656,-3.7872265601243815,0.0,13.99505659991128,0.27833645587687206,0.11189430036918994,0.4523504312786941,1.58862480508476,,
6722,輝創,2026/06,227112.0,59063.0,118049,4804381,1749854,1140717,2254535,15D,15D,3085160.0,2026,-0.998696307332848,0.030322615797322407,12.333202969960366,15.385038767946469,0.23743266822510536,0.3642204895906465,0.469266488232303,1.1114220541626487,,
6725,矽科宏晟,2026/06,14401.0,276198.0,-417784,4611639,463759,602959,2239232,23H,23H1,12958370.0,2026,2.512625000905148,-1.06809951238677,9.575122364808813,15.344093883239863,0.13074722457677196,0.10056272834885818,0.48556099035505595,3.2954882201317144,,
6727,亞泰金屬,2026/06,17955.0,8309.0,1289773,6156977,587764,2079683,4702174,23H,23H2,11519794.0,2026,-154.22601997833675,-1.06809951238677,9.795679599901822,15.633096468300858,0.3377766394124909,0.09546308196376241,0.7637147255869235,2.6347293485098287,,
6728,上洋,2026/06,9593.0,144216.0,244446,4568545,1507429,245519,2598372,15C,15C1,3237900.0,2026,-0.6949991679147944,0.5526186430325462,9.168893182062009,15.334705331432495,0.05374118017880967,0.32995822521174684,0.568752633497098,1.2774903169389817,,
6730,常廣,2026/06,29565.0,19414.0,44639,1167233,815014,113931,427488,17G,17G2,1379324.0,2026,-1.2993200782940146,0.3552450874748451,10.294380331461035,13.970146548580628,0.09760776126103357,0.69824448075063,0.36624050211054693,1.5479445834721945,,
6732,昇佳電子,2026/06,247031.0,52796.0,187580,5737198,539065,656463,1103487,23G,23G5I,8144015.0,2026,-2.5529206758087732,-0.6891083048626756,12.417273161874505,15.562481495800029,0.11442223189787071,0.09395962977049076,0.19233901287701766,1.611849896064246,,
6733,博晟生醫,2026/06,60176.0,1069.0,-24654,1125376,34013,149789,45703,17G,17G4,3250447.0,2026,24.06267539756782,0.3552450874748451,11.005045498492807,13.933627760003075,0.13310129236806187,0.030223676353503183,0.06423362732568252,2.9289321968835305,,
6735,美達科技,2026/06,37984.0,1760.0,127489,1195282,396472,373051,248330,23H,23H2,4017834.0,2026,-71.43693181818182,-1.06809951238677,10.544946623937323,13.993892698771676,0.3121029179724952,0.3316974571691032,0.20775850385097408,3.569169451225736,,
6739,竹陞科技,2026/06,25687.0,58152.0,340013,1680088,155523,686927,648491,23H,23H2,24328720.0,2026,-4.846970009629936,-1.06809951238677,10.153779235769349,14.334356730959989,0.40886370237749453,0.0925683654665708,0.38598632928751353,14.866608772873802,,
6741,91APP*-KY,2026/06,133539.0,2722.0,385962,5112551,21162,1212468,2112336,23E,23E2,7319085.0,2026,-140.79353416605437,-10.719285581878328,11.80215633741186,15.44720905483356,0.23715518925874773,0.004139225212618906,0.4131667341802556,1.8447583212372844,,
6742,澤米,2026/06,11528.0,82497.0,-19427,1664060,524548,677823,463880,23U,23U1,4831970.0,2026,1.2354873510551898,0.6287322940719774,9.352620879232953,14.324770957405535,0.4073308654736007,0.315221806906001,0.2787639868754732,3.1824874103097245,,
6743,安普新,2026/06,97398.0,109230.0,168449,9360412,2913500,240663,7079677,23U,23U2,4545000.0,2026,-0.5421495926027649,0.6287322940719774,11.486571222637469,16.051999864579066,0.025710727262859796,0.31125766686338163,0.7563424558662589,1.2418980061988725,,
6751,智聯服務,2026/06,16972.0,13976.0,-33714,1446785,180132,233378,462872,23X,23X1,996780.0,2026,3.4122781911848885,-2.9683442828733075,9.739379125161532,14.18485441129829,0.1613080036079998,0.12450502320662711,0.3199314341799231,1.0088935121666316,,
6752,叡揚,2026/06,122187.0,750.0,-289611,2653114,926908,178132,1297237,23X,23X9,3677256.0,2026,387.148,-2.9683442828733075,11.713316121225061,14.791244602419074,0.06714072595448217,0.34936606568733947,0.4889488352177856,1.8749639103332914,,
6753,龍德造船,2026/06,23636.0,136222.0,-624579,10836426,3888879,2512563,5517056,22B,22B1,16005171.0,2026,5.585008295282701,0.4189409826786738,10.070568559913799,16.19842379481415,0.23186270085727526,0.3588709967659079,0.5091213652914716,1.9861001219405734,,
6754,匯僑設計,2026/06,0.0,8196.0,-167005,4363403,799743,1777209,2188471,25C,25C,2937000.0,2026,21.376403123474866,-24.029258640696145,0.0,15.288762815477066,0.4072988445027883,0.18328423938838562,0.5015514267190081,1.1746499234656986,,
6756,威鋒電子,2026/06,361194.0,20560.0,66430,4214003,84827,832391,1145875,23G,23G5F,6852021.0,2026,-2.2310311284046693,-0.6891083048626756,12.797173257682754,15.25392358525869,0.19752975970828687,0.020129791079882952,0.27192078410955095,1.8979331528715095,,
6757,台灣虎航,2026/06,0.0,618683.0,4219233,28694769,2103761,13228981,20809268,26D,26D,28628719.0,2026,-5.819700880741834,-0.8221497815595218,0.0,17.172225399309237,0.4610241330048693,0.07331513977338518,0.7251937800928107,1.7228919668250335,,
6761,穩得,2026/06,22081.0,224397.0,-27558,3130418,891194,381934,1415664,23Z,23Z,6484338.0,2026,1.1228091284642843,0.4712413208368661,10.002518075999083,14.956677099925697,0.12200734853939633,0.28468849846889455,0.4522284244468311,2.523625279435526,,
6762,達亞,2026/06,19978.0,10263.0,83178,2748622,1898535,177644,1445186,17G,17G2,6260616.0,2026,-7.104647763811751,0.3552450874748451,9.90243700089995,14.826610253145658,0.06463020378938973,0.6907224783909901,0.5257856482266386,2.803514633878358,,
6763,綠界科技*,2026/06,50304.0,2735.0,191282,7399218,1106604,1180376,4381893,23E,23E2,8732651.0,2026,-68.93857404021938,-10.719285581878328,10.825859754726151,15.816884876914655,0.1595271284073533,0.14955688560601946,0.5922102849247042,1.7724229776714242,,
6767,台微醫,2026/06,19293.0,25533.0,-7298,696300,150833,52605,124145,17G,17G4,965886.0,2026,1.2858261857204403,0.3552450874748451,9.867549445730498,13.453535880930637,0.07554933218440328,0.21662070946431136,0.17829240269998564,1.5654617262674135,,
6768,志強-KY,2026/06,273880.0,868606.0,467949,24001389,7290680,5817279,9292326,99K,99K,14947097.0,2026,0.4612643707273493,-0.06455545905916646,12.520448984462451,16.993622261637526,0.24237259768590894,0.30376075317974305,0.3871578432398225,1.0099175093574793,,
6770,力積電,2026/06,2998764.0,3356968.0,15058597,197059525,83217060,40117988,68182634,23G,23G1A,375098964.0,2026,-3.4857731738878655,-0.6891083048626756,14.913711095207733,19.09901639842233,0.2035830950064454,0.42229402511753744,0.34600019461124754,2.249480698788856,,
6771,平和環保-創,2026/06,7546.0,10879.0,45029,1418149,820089,132319,580006,99L,99L2,,2026,-3.1390752826546557,-0.6044886985805259,8.928905412284868,14.164863058127997,0.09330401812503482,0.5782812666370036,0.40898805414663764,,,
6776,展碁國際,2026/06,0.0,11862.0,95237,13969341,1455861,1068229,10692044,23T,23T1,4936216.0,2026,-7.0287472601584895,2.778077807780778,0.0,16.452375557607958,0.07646953424646159,0.10421830206593138,0.7653935858534773,1.1187542776713661,,
6782,視陽,2026/06,121372.0,862746.0,590826,6861625,2737855,542618,2402991,17G,17G4,12348000.0,2026,0.3151796704939808,0.3552450874748451,11.706623727599986,15.741454852116792,0.07908010128796021,0.39900970979906364,0.35020727597325707,2.1497809921119266,,
6785,昱展新藥,2026/06,53799.0,188.0,-52428,2449286,12104,1801996,72342,17C,17C1D,7782200.0,2026,279.8723404255319,0.008617877337973031,10.893028746149875,14.711307111475923,0.6702412270449687,0.0049418483590728075,0.06423362732568252,3.206870083771352,,
6788,華景電,2026/06,110271.0,17082.0,412854,3906855,753375,1278726,1259231,23H,23H2,16677570.0,2026,-23.168949771689498,-1.06809951238677,11.610705319887602,15.17824326047418,0.32730316328607023,0.19283413384934942,0.3223132161290859,4.591109984885541,,
6789,采鈺,2026/06,591293.0,632378.0,1716094,22653944,8044698,11897943,4200503,23G,23G6,163287387.0,2026,-1.713715530900822,-0.6891083048626756,13.290068634624005,16.93584452277011,0.5252040439404282,0.35511246959911263,0.18542038419446963,7.393321445484283,,
6790,永豐實,2026/06,25310.0,95829.0,1193778,10869438,4086070,1589604,5281395,19A,19A,10898863.0,2026,-11.457377203143098,-0.30806275750671797,10.138994362833737,16.20146555582888,0.1462452796547531,0.375922839800917,0.4858940269036909,1.4886011585879602,,
6791,虎門科技,2026/06,21658.0,2577.0,43623,859496,94469,285260,355016,23X,23X9,2188935.0,2026,-15.927823050058207,-2.9683442828733075,9.983176351437496,13.664101449925683,0.33189217867215204,0.10991208801437122,0.413051369639882,2.9598171486545604,,
6792,詠業,2026/06,74070.0,30771.0,82158,2116824,272079,770452,529942,23D,23D5,3016125.0,2026,-1.6699814760651261,0.38009350736292824,11.212779371658742,14.565427410147036,0.3639660170141684,0.12853170598972802,0.2503476906913376,1.6751827265752846,,
6794,向榮生技,2026/06,43537.0,1176.0,-38273,895465,74268,46551,76833,17H,17H1,5064707.0,2026,33.54506802721088,-0.7823743533806006,10.681389398960881,13.705098415408651,0.051985281390115747,0.08293791493804895,0.08580234850049974,5.741754284087039,,
6796,晉弘,2026/06,74040.0,14594.0,-33127,1654251,419616,445459,801985,17G,17G1,2289315.0,2026,3.2699054405920243,0.3552450874748451,11.212374272809084,14.318858896377675,0.2692813847475383,0.2536592089108606,0.4848024876515112,1.868700698987034,,
6799,來頡,2026/06,68274.0,25363.0,57980,1943797,157315,374679,296301,23G,23G5D,4312818.0,2026,-1.2860071758072784,-0.6891083048626756,11.131298946341905,14.480153834681657,0.19275623946327727,0.08093180512162536,0.15243412763781403,2.371193596862224,,
6803,崑鼎,2026/06,0.0,207338.0,-158578,18101840,6740882,2199870,10511464,99L,99L2,21032264.0,2026,1.76482844437585,-0.6044886985805259,0.0,16.711524148527847,0.12152742483637023,0.3723865640178015,0.5806848364586141,1.7425702580511153,,
6804,明係,2026/06,10284.0,7934.0,92076,1781503,819572,215207,509153,99Z,99Z1,764750.0,2026,-10.605243256869171,-3.7872265601243815,9.238441802087058,14.39296794800079,0.12080080695906771,0.46004525392323226,0.2857996871181244,0.715072048713923,,
6805,富世達,2026/06,345433.0,145089.0,2146423,15984393,841767,9547265,7630650,23D,23D9A,115170720.0,2026,-13.793836886324945,0.38009350736292824,12.752556876445404,16.5871233666553,0.597286678324288,0.05266180580019523,0.4773812806028981,7.682579501142145,,
6807,峰源-KY,2026/06,61501.0,15853.0,2496,3425168,1024301,1012457,915749,99B,99B,1806300.0,2026,0.8425534599129503,-2.3641251140379764,11.026824973591038,15.046661079570388,0.29559338403254964,0.29905131660695183,0.26735885655827685,0.794719850238003,,
6811,宏碁資訊,2026/06,38261.0,1234.0,343967,7225248,1786753,1263471,4901613,23X,23X1,8621392.0,2026,-277.7414910858995,-2.9683442828733075,10.552212515543326,15.793092116633188,0.17486887647316743,0.24729296489200095,0.6784006583580245,1.8716319495192415,,
6821,聯寶,2026/06,23864.0,12706.0,76953,1210728,161200,610304,403427,23D,23D5,2300264.0,2026,-5.05643003305525,0.38009350736292824,10.080168229439996,14.006732389544949,0.5040801897701218,0.1331430346039738,0.3332102668807527,2.233111813718688,,
6823,濾能,2026/06,26634.0,12986.0,-160539,1218215,579165,92864,719770,23H,23H2,2048831.0,2026,13.362467272447251,-1.06809951238677,10.1899814193511,14.012897230557769,0.07622956538870397,0.47542100532336246,0.5908398763765017,2.272670259354876,,
6829,千附精密,2026/06,19054.0,415041.0,138427,3590554,2135911,209402,1679983,23H,23H2,13165103.0,2026,0.666473914625302,-1.06809951238677,9.855084813307961,15.09381706610748,0.05832024807313858,0.5948694825366782,0.46788963485857615,4.134483425120469,,
6830,汎銓,2026/06,49520.0,600253.0,361812,6583423,3958455,682361,3188210,23Z,23Z,27016551.0,2026,0.3972341662598937,0.4712413208368661,10.810152101015651,15.700065380803705,0.10364836043498951,0.6012761142645703,0.48427846729581253,4.588002472270125,,
6831,邁科,2026/06,79275.0,236321.0,354597,5443884,1151209,1195341,2698954,23D,23D9B,58927500.0,2026,-0.5004887420076929,0.38009350736292824,11.280690713644239,15.510003334664612,0.219575031356289,0.21146831931025717,0.4957772796040474,11.320309911085541,,
6834,天二科技,2026/06,27639.0,48047.0,-12949,2603940,766303,387988,1061000,23D,23D5,10528049.0,2026,1.2695069411201532,0.38009350736292824,10.227019277881606,14.772536240570483,0.1490003609914207,0.29428596665053725,0.4074594652718573,4.450582194674224,,
6835,圓裕,2026/06,44637.0,83681.0,29065,4131873,889039,1619345,2368835,23B,23B2C,2289551.0,2026,0.6526690646622292,0.8732908111863595,10.70634079318413,15.234241373028114,0.3919154823974503,0.21516610021653618,0.5733077952783157,1.1274271982706148,,
6838,台新藥,2026/06,101833.0,6698.0,-184697,1925904,21637,106755,554094,17C,17C1C,3676290.0,2026,28.5749477455957,0.008617877337973031,11.531099315549092,14.470906025861183,0.05543111183111931,0.011234724056858493,0.28770592926750244,2.196570545572365,,
6840,東研信超,2026/06,17814.0,87278.0,46149,1844603,850877,206999,764406,23Z,23Z,1922500.0,2026,0.4712413208368661,0.4712413208368661,9.787796078039936,14.427774636151293,0.11221872673957485,0.46127920208304984,0.4144013644128303,1.4566310474394761,,
6841,長佳智能,2026/06,31929.0,6366.0,-13144,2877999,29968,974842,570554,17G,17G1,5799081.0,2026,3.0647188187244736,0.3552450874748451,10.371301285708828,14.872605818965873,0.3387221468805236,0.010412790275465697,0.19824676798011395,2.213216543855644,,
6843,進典,2026/06,14601.0,5522.0,77387,1500073,217254,382706,668091,15Z,15Z,1365464.0,2026,-13.014306410720753,-2.311034166434844,9.58891378461603,14.221024331554922,0.255124917254027,0.144828951657686,0.4453723252135063,1.3556373589818629,,
6844,諾貝兒,2026/06,0.0,11404.0,181581,5059506,959268,722041,1946516,17X,17X2,2432820.0,2026,-14.922571027709576,-5.350321019125554,0.0,15.436779408039182,0.14270978233843384,0.18959716620555445,0.38472451658323953,0.8655659267920623,,
6846,綠茵,2026/06,28275.0,330100.0,48306,2471415,704555,684174,1553456,17C,17C2,1802596.0,2026,0.853662526507119,0.008617877337973031,10.249768667290844,14.720301419068138,0.2768349305964397,0.2850816232805903,0.6285694632427172,1.3579475725444734,,
6854,錼創科技-KY創,2026/06,218376.0,573907.0,77865,5563869,632490,2267194,2154233,23C,23C6B,,2026,0.8643247076616943,0.8643247076616943,12.293978205951946,15.531804287535504,0.4074851510702355,0.11367808983281238,0.3871825522851095,,,
6855,數泓科,2026/06,12347.0,477.0,68657,1473179,66754,197965,589920,15A,15A1,2836500.0,2026,-142.9350104821803,-2.2784211804366263,9.42124938562205,14.202933208767767,0.134379461015939,0.04531289137301034,0.40044013660254457,2.3258680717007234,,
6856,鑫傳,2026/06,0.0,8392.0,41930,1056437,185376,426380,296604,99H,99H,1280280.0,2026,-3.996425166825548,-0.44850575078854305,0.0,13.870412483403657,0.4036019185242471,0.17547283936477046,0.2807588147707814,1.49264366923915,,
6859,伯特光,2026/06,19636.0,139700.0,87073,2508714,979459,526279,403734,23U,23U1,5198625.0,2026,0.3767143879742305,0.6287322940719774,9.885170820750231,14.735280829213941,0.20978038947444785,0.3904227424887811,0.16093265314420058,2.2331596985547177,,
6861,睿生光電,2026/06,118339.0,10395.0,40612,2977754,130534,867461,1419855,17G,17G1,13852467.0,2026,-2.906878306878307,0.3552450874748451,11.681317116230685,14.906679883038358,0.29131385601362636,0.04383639481300336,0.47682078506149267,5.128805804643365,,
6862,三集瑞-KY,2026/06,44563.0,202738.0,110426,5217563,2048423,1316618,2319518,23D,23D5,10075000.0,2026,0.4553265791316872,0.38009350736292824,10.704681637179208,15.467540992609036,0.25234347913000765,0.3926014884726835,0.4445596536160656,2.375537775011054,,
6863,永道-KY,2026/06,78001.0,414581.0,190303,10417676,2503437,2509816,4187032,23K,23KX,6874718.0,2026,0.5409751049855155,2.4156930292402516,11.264489746368644,16.15901453678446,0.24091899191335955,0.2403066672451706,0.40191612793486764,1.0618251133938126,,
6865,偉康科技,2026/06,29450.0,1506.0,54712,460299,9004,146705,120232,23X,23X1,460181.0,2026,-35.32934926958831,-2.9683442828733075,10.290483144360632,13.039631557306775,0.31871674715782566,0.019561198264606266,0.26120413035874507,1.260947775250435,,
6869,雲豹能源,2026/06,0.0,167201.0,-136468,16583922,4498685,2017322,11142101,99D,99D4,9992675.0,2026,1.8161912907219455,-0.5377452610575324,0.0,16.623944229758184,0.12164323975956955,0.2712678581098006,0.6718616380371302,1.2744136157900405,,
6870,騰雲,2026/06,134714.0,48479.0,-38279,2964417,697040,643618,1681515,23E,23E2,6229931.0,2026,1.7895996204542173,-10.719285581878328,11.81091671477316,14.902190943761559,0.21711452875894316,0.23513561013851964,0.5672329500201895,2.668803343119406,,
6872,浩宇生醫,2026/06,67940.0,10174.0,-44176,571512,144091,112653,75485,17G,17G2,1202767.0,2026,5.342048358561038,0.3552450874748451,11.126394960475844,13.256040759371889,0.1971139713601814,0.2521224401237419,0.1320794663979059,2.2366144542896738,,
6873,泓德能源,2026/06,84341.0,1417840.0,-870960,33492920,15781353,1639526,22078104,23C,23C7E,11740013.0,2026,1.6142865203408001,0.8643247076616943,11.34263524055982,17.326844631175575,0.04895142018074267,0.471184745910479,0.6591871953833826,1.0097094251561225,,
6874,倍力,2026/06,13537.0,1172.0,-179082,1576445,17568,233451,1106027,23X,23X9,1832600.0,2026,153.80034129692834,-2.9683442828733075,9.513255825068553,14.270682869949855,0.14808699320306132,0.011144061480102382,0.7015956788850863,1.8640846968971325,,
6875,國邑*,2026/06,179750.0,140866.0,-196062,1782810,495828,733278,416597,17C,17C1C,4973546.0,2026,2.3918333735606887,0.008617877337973031,12.099327838850154,14.393701329192947,0.4113046258434718,0.27811600787520824,0.23367436799210237,3.0233973334230795,,
6877,鏵友益,2026/06,43303.0,836.0,-91946,1157696,225694,254180,322313,23H,23H2,5729974.0,2026,110.98325358851675,-1.06809951238677,10.676000288476814,13.961942381061307,0.2195567748355354,0.19495100613632593,0.2784090123832163,5.227872429376969,,
6881,潤德,2026/06,0.0,32506.0,593953,2463418,267463,467813,1694648,25C,25C,3480000.0,2026,-17.27210361164093,-24.029258640696145,0.0,14.717060374436926,0.18990402765588302,0.10857394076035817,0.6879254759038052,2.1005968130459385,,
6884,海柏特,2026/06,0.0,4815.0,47583,801059,13685,380918,481617,23T,23T1,599514.0,2026,-8.882242990654206,2.778077807780778,0.0,13.593689881265474,0.4755180330038112,0.01708363553745729,0.601225377905997,1.3496271810191258,,
6885,全福生技,2026/06,97466.0,1589.0,-157736,1663150,7794,299024,42912,17C,17C1C,2840852.0,2026,100.26746381371932,0.008617877337973031,11.487269138156442,14.32422395254399,0.17979376484382045,0.004686288067823107,0.06423362732568252,1.7339169647957189,,
6894,衛司特,2026/06,12511.0,163473.0,240681,3366061,923153,714887,1364384,99L,99L2,8651300.0,2026,-0.4722981776807179,-0.6044886985805259,9.434443462785092,15.029253775969154,0.21238088079806042,0.27425319980832197,0.40533549451421114,2.975490937330013,,
6895,宏碩系統,2026/06,29396.0,93723.0,81438,1061510,246980,237383,166176,23H,23H2,4978600.0,2026,0.13107775039211292,-1.06809951238677,10.288647907303929,13.875202980712256,0.22362766248080565,0.23266855705551526,0.15654680596508747,4.846658062571243,,
6899,創為精密,2026/06,27662.0,12992.0,34083,2402209,639720,763622,544917,23C,23C8E,2437885.0,2026,-1.6233836206896552,0.8643247076616943,10.227851059207252,14.691899288661157,0.3178832482935498,0.266304888542171,0.22683996271764864,1.2416912933054534,,
6902,GOGOLOOK,2026/06,50966.0,847.0,38966,1429656,32393,401781,615059,23X,23X9,4565605.0,2026,-45.00472255017709,-2.9683442828733075,10.838933643450025,14.172944413856467,0.2810333394886602,0.022657898123744455,0.43021468101417404,3.623713676576743,,
6903,巨漢,2026/06,0.0,176872.0,860093,6532188,142268,2294188,2890943,23H,23H1,25870288.0,2026,-3.8627990863449275,-1.06809951238677,0.0,15.692252514042272,0.35121279424290913,0.021779532371083012,0.4425688605410622,4.403001107745215,,
6904,伯鑫,2026/06,18736.0,5157.0,39185,1775995,786981,378554,768094,15A,15A1,2340250.0,2026,-6.5984099282528605,-2.2784211804366263,9.838255457598512,14.389871387214974,0.2131503748602896,0.44312117995827693,0.4324865779464469,1.7501986210546765,,
6906,現觀科,2026/06,65908.0,729.0,158446,989009,2346,295711,294211,23X,23X9,2978086.0,2026,-216.34705075445817,-2.9683442828733075,11.096030281727145,13.804458710664555,0.29899727909452795,0.00237207143716589,0.29748060937766996,3.3086625096434914,,
6907,雅特力-KY,2026/06,222645.0,4685.0,457400,2529194,7875,1708553,912466,23G,23G5H,9159913.0,2026,-96.63073639274279,-0.6891083048626756,12.313338345171895,14.743411232872148,0.6702412270449687,0.0031136401557175925,0.36077343216850905,3.9824461864135374,,
6908,宏碁遊戲-創,2026/06,23049.0,23108.0,110339,3551625,75286,918755,1501522,23T,23TZ,,2026,-3.7749264324043623,2.778077807780778,10.045421048424794,15.082915803196512,0.2586858128321543,0.021197620807376905,0.4227704219899342,,,
6909,創控,2026/06,46502.0,2913.0,-74772,1161547,37284,99955,138539,23H,23H2,3715834.0,2026,26.668383110195673,-1.06809951238677,10.747272105623404,13.965263295289976,0.08605334093239447,0.03209857199062974,0.1192711099938272,3.3183099779862544,,
6910,德鴻,2026/06,11331.0,1563.0,6615,587429,5465,142496,136362,23X,23X9,834749.0,2026,-3.232245681381958,-2.9683442828733075,9.335385860950407,13.283510666633543,0.2425756985099476,0.009303251967471813,0.2321335855056526,1.653154679118668,,
6913,鴻呈,2026/06,77977.0,132767.0,68927,3755295,806823,372979,1925282,23D,23D2,5239956.0,2026,0.48084237800055735,0.38009350736292824,11.264182014605733,15.13867740201199,0.09932082566083357,0.21484943260116715,0.512684622646157,1.9080359865203667,,
6914,阜爾運通,2026/06,23698.0,211244.0,1615823,11243823,1189252,1656284,7636726,23X,23X1,9470318.0,2026,-6.6490835242657775,-2.9683442828733075,10.0731881321402,16.235329469155737,0.1473061253276577,0.10576936332064281,0.6791930111315342,1.5214615171370094,,
6916,華凌,2026/06,83882.0,55236.0,-24142,2628488,554996,391487,1577542,23C,23C8D,1377000.0,2026,1.4370700267941199,0.8643247076616943,11.337178249755404,14.78191933388977,0.14893999896518453,0.21114648421449897,0.6001708967284614,1.1240462197278436,,
6918,愛派司,2026/06,26030.0,131468.0,101811,1548404,358286,475558,345577,17G,17G4,2499483.0,2026,0.22558341193294185,0.3552450874748451,10.167043414461599,14.252735280994099,0.30712785552091054,0.23139051565353744,0.22318270942208882,1.8374145248914366,,
6919,康霈*,2026/06,423072.0,9961.0,-151774,9430858,45000,3047114,223877,17C,17C1C,155408660.0,2026,16.23682361208714,0.008617877337973031,12.955300019970897,16.059497636684856,0.32310040083309494,0.004771570094682796,0.06423362732568252,16.502479095751415,,
6921,嘉雨思-創,2026/06,27758.0,527.0,-7490,301247,121292,68117,33776,23G,23G5F,,2026,15.212523719165086,-0.6891083048626756,10.23131539091714,12.953599103928836,0.22611677460688406,0.40263305526694043,0.11212061862856726,,,
6922,宸曜,2026/06,58643.0,14743.0,203162,2419235,841006,511839,1336824,23A,23A5B,4724970.0,2026,-12.780234687648376,4.400151586482101,10.979240547058156,14.698961932455289,0.2115705997970433,0.34763303275622254,0.5525812911932905,2.5056656339710695,,
6923,中台,2026/06,1548.0,52883.0,244105,4220957,3287420,97186,1719470,99L,99L2,6788410.0,2026,-3.6159446324905926,-0.6044886985805259,7.3453648404168685,15.255572437553305,0.023024636356162833,0.71402272872828,0.407364964864603,2.0156282094321263,,
6924,榮惠-KY創,2026/06,1374.0,3588.0,42172,1231763,42333,423234,674652,23B,23B2B,,2026,-10.753623188405797,0.8732908111863595,7.226209010100671,14.023957034440226,0.3436001893221342,0.03436781263928207,0.5477125063831273,,,
6925,意藍,2026/06,19129.0,9971.0,36937,506786,28814,175418,117685,23X,23X9,1190000.0,2026,-2.7044428843646573,-2.9683442828733075,9.859013062434299,13.13584410273817,0.34613821218423557,0.05685634567647883,0.23221833278740928,2.5803494966317144,,
6928,攸泰科技,2026/06,113898.0,8275.0,14482,2710912,55929,792652,698374,23A,23A5B,4687000.0,2026,-0.7500906344410876,4.400151586482101,11.643067369765477,14.812795667607219,0.29239311346144764,0.020631064379810188,0.2576158871995845,1.986554340384343,,
6929,佑全,2026/06,0.0,17383.0,184299,2807459,448238,223715,1799153,17X,17X2,1070888.0,2026,-9.602255076799171,-5.350321019125554,0.0,14.847790361748118,0.07968593664235168,0.15965967802201209,0.6408474709693,1.0222913317701168,,
6931,青松健康,2026/06,0.0,68769.0,-31153,2795166,598463,234201,1465055,17X,17X1,2632850.0,2026,1.453009350143233,-5.350321019125554,0.0,14.843402054578736,0.08378786805506364,0.2141064251640153,0.5241388168001471,1.4660685626542396,,
6934,心誠鎂,2026/06,22173.0,52403.0,-111009,667688,124354,168887,138117,17G,17G2,2348450.0,2026,3.1183710856248688,0.3552450874748451,10.006675710332297,13.41157627754128,0.25294299133727133,0.1862456716310612,0.20685859263608153,3.724145109691952,,
6936,永鴻生技,2026/06,21862.0,13695.0,62814,1775117,588982,137370,449670,17C,17C1F,2384331.0,2026,-3.5866374589266155,0.008617877337973031,9.992550989276888,14.38937689421228,0.07738644832988474,0.3317989743774636,0.25331851365290287,1.596515046613829,,
6937,天虹,2026/06,127812.0,15391.0,120964,5211314,1376649,1120979,1621333,23H,23H2,18131540.0,2026,-6.859398349684881,-1.06809951238677,11.758323537192046,15.466342589224302,0.21510486606640858,0.26416542929479975,0.3111178869667036,3.7903824256224055,,
6944,兆聯實業,2026/06,44527.0,674967.0,2372343,18226346,2770085,7448057,9762543,99L,99L2,74924176.0,2026,-2.514754054642671,-0.6044886985805259,10.703873483765673,16.718378687727217,0.40864235760694984,0.15198246538280355,0.5356280957247272,4.646390395529636,,
6945,圓祥生技,2026/06,204413.0,5291.0,-178188,2412242,45056,294516,86645,17C,17C1D,9817402.0,2026,34.677565677565674,0.008617877337973031,12.227902628116823,14.696067163471286,0.12209222789421625,0.01867805966399723,0.06423362732568252,4.105743536510848,,
6947,台鎔科技,2026/06,350.0,60739.0,469599,7992906,6478278,669425,5722358,99L,99L2,8574870.0,2026,-6.73142462009582,-0.6044886985805259,5.860786223465865,15.89406495624875,0.08375239243399084,0.71402272872828,0.7159296005733083,1.7887396648978482,,
6949,沛爾生醫-創,2026/06,98724.0,78107.0,-241764,3155578,599052,1852469,333591,17H,17H1,,2026,4.095292355358675,-0.7823743533806006,11.50009348615485,14.964682238445976,0.5870458597442371,0.18983907227138735,0.1057147058320219,,,
6951,青新-創,2026/06,136.0,244082.0,113182,1709867,980306,150915,596846,99L,99L2,,2026,0.5362951794888603,-0.6044886985805259,4.919980925828125,14.351926147676217,0.08826125072885786,0.5733229543584384,0.3490598976411616,,,
6952,大武山,2026/06,14223.0,227765.0,170769,3842935,2889174,142551,2013082,99Z,99ZA4,2453586.0,2026,0.25024037933835314,-3.7872265601243815,9.562685957753686,15.161746955534568,0.0370943042232044,0.71402272872828,0.5238397214628923,1.162306414238076,,
6953,家碩,2026/06,79563.0,163978.0,370102,3183997,445135,1587905,1539367,23H,23H2,6963480.0,2026,-1.2570222834770517,-1.06809951238677,11.284317008224951,14.97364788373491,0.4987143518037234,0.13980383775487226,0.48346999070664953,2.670494664410802,,
6955,邦睿生技-創,2026/06,35496.0,13469.0,34935,722889,12552,196640,66173,17G,17G3,,2026,-1.5937337590021532,0.3552450874748451,10.477203464850332,13.491010962383475,0.27201963233636145,0.017363661640998826,0.09153964163239446,,,
6958,日盛台駿,2026/06,0.0,2057315.0,4535694,74000586,11469437,1946876,63283797,28K,28K,6661397.0,2026,-1.2046667622605192,-7.3522086171590955,0.0,18.119583570056008,0.026308926796876988,0.15499116452942682,0.8551796738474476,0.9451978393792719,,
6961,旅天下,2026/06,0.0,1073.0,-9784,1547051,28896,888471,608413,27C,27C,1454403.0,2026,10.118359739049394,-3.875711439881828,0.0,14.25186109604477,0.5742997483599441,0.01867811726956642,0.3932727492500247,1.333385906476257,,
6962,奕力-KY,2026/06,987663.0,32073.0,743106,25650489,754837,3807149,5747922,23G,23G5G,19031144.0,2026,-22.1692077448321,-0.6891083048626756,13.803097837917697,17.060073193726815,0.1484240319940879,0.029427782059047686,0.22408625426205325,0.966027041433791,,
6967,汎瑋材料,2026/06,22055.0,6492.0,78518,1311569,119195,321866,495099,23Z,23Z,1810521.0,2026,-11.094577942082562,0.4712413208368661,10.001339952703633,14.086734688418662,0.2454053122634036,0.09087970209725908,0.3774860491518174,1.7579098011618146,,
6968,萬達寵物,2026/06,0.0,53286.0,325493,3533148,364408,282377,2214469,29A,29A9,2091608.0,2026,-5.108414968284352,-3.3184315681370937,0.0,15.0776998162083,0.07992221101408716,0.10313974959441269,0.6267693852620949,1.2187649654076196,,
6969,成信實業*-創,2026/06,11933.0,4247.0,-10001,1118148,593083,102622,632988,99L,99L2,,2026,3.3548387096774195,-0.6044886985805259,9.387146748082028,13.92718430318448,0.09177854809917828,0.5304154727281183,0.5661039504609408,,,
6971,惠民實業,2026/06,1455.0,12716.0,-231702,3194443,763964,343575,2297719,99L,99L2,1080771.0,2026,19.22129600503303,-0.6044886985805259,7.283448228756631,14.976923295697398,0.10755396167657398,0.23915405596531225,0.7192862730685756,1.0576147390953603,,
6982,大井泵浦,2026/06,38199.0,62606.0,95193,2962208,1565738,211631,2089053,15Z,15Z,2241360.0,2026,-0.5205092163690381,-2.311034166434844,10.550590794594667,14.901445494166792,0.07144366634618501,0.5285712549557627,0.7052350813987404,1.461886876276075,,
6983,華洋精機,2026/06,20980.0,347.0,-43727,1038116,320310,486837,137309,23H,23H2,6388090.0,2026,127.01440922190201,-1.06809951238677,9.951372545256701,13.852918089835898,0.4689620427774931,0.308549333600484,0.1322674922648336,6.285809100331755,,
6986,和迅,2026/06,47034.0,13164.0,66920,1178887,113541,417818,109950,17H,17H1,2416411.0,2026,-4.083561227590398,-0.7823743533806006,10.758647284406052,13.980081330990647,0.35441734449527396,0.09631202990617421,0.09326593642986987,2.143005224419304,,
6988,威力暘-創,2026/06,50204.0,169530.0,-8976,1263459,534596,274784,568498,23B,23B1,,2026,1.052946381171474,0.8732908111863595,10.823869902313536,14.049363755738973,0.21748549022959984,0.4231209718716634,0.4499536589632113,,,
6994,富威電力,2026/06,15173.0,92128.0,80993,7183896,2525964,269457,4508845,99D,99D4,3570900.0,2026,0.12086444946161862,-0.5377452610575324,9.62733871589802,15.787352412244687,0.03750847729421473,0.3516147783876604,0.627632276413801,1.1247023899009674,,
6996,力領科技,2026/06,218191.0,101115.0,411993,3465726,119477,638872,763476,23G,23G5G,8189610.0,2026,-3.0744993324432577,-0.6891083048626756,12.293130688097616,15.058432692468617,0.18434001995541482,0.034473873583774364,0.22029323726111066,2.5833219360099444,,
7402,邑錡,2026/06,29968.0,20788.0,-7014,1178620,391642,500985,552778,23U,23UZ,4057315.0,2026,1.3374061958822399,0.6287322940719774,10.307918793053995,13.979854820527567,0.4250606641665677,0.33228860871188337,0.4690044289083844,3.911432862160832,,
7547,碩網,2026/06,23964.0,921.0,30577,1156655,1730,78265,181354,23X,23X1,1916278.0,2026,-32.19978284473398,-2.9683442828733075,10.084349711593731,13.961042776748732,0.06766494762915476,0.0014956923196631667,0.15679178320242423,1.813532989525831,,
7556,意德士,2026/06,7725.0,91638.0,107518,2483217,595989,714949,732338,23H,23H2,7762720.0,2026,-0.1732905563194308,-1.06809951238677,8.952346543226227,14.725065454952757,0.28791241361508074,0.24000681374201288,0.2949150235360019,3.420988983242302,,
7584,樂意,2026/06,20185.0,169.0,21380,762111,134655,37576,325019,23X,23X2,510353.0,2026,-125.50887573964496,-2.9683442828733075,9.912744573798804,13.54384749335138,0.0493051537112048,0.17668686057542798,0.42647199686134957,1.09612904157006,,
7610,聯友金屬-創,2026/06,5350.0,681489.0,38384,6578665,1842931,803675,3447835,99L,99L1,,2026,0.943676273571547,-0.6044886985805259,8.585038738311304,15.699342395179045,0.12216384327215324,0.2801375355030238,0.5240934140893327,,,
7631,聚賢研發-創,2026/06,9172.0,80022.0,-346059,1896260,220629,450246,974008,23H,23H1,,2026,5.324548249231461,-1.06809951238677,9.124019665509655,14.455394083197223,0.23743895879257063,0.11634955122187886,0.5136468627719828,,,
7642,昶瑞機電,2026/06,10350.0,54296.0,-93913,1528024,1020543,239933,576888,15C,15C1,2185875.0,2026,2.7296485928981875,0.5526186430325462,9.24483841238375,14.239485955391535,0.15702174834950236,0.6678841431809972,0.3775385726925755,1.808062569697858,,
7689,大鵬科CLMX,2026/06,186343.0,83436.0,122994,6048739,2241942,404528,4362221,23C,23C9,12466958.0,2026,-0.47411189414641164,0.8643247076616943,12.13534970691119,15.61536037853046,0.06687807161128956,0.3706461793110928,0.7211785795353378,2.782262385598056,,
7703,銳澤,2026/06,5164.0,313654.0,-187635,3461402,570542,913871,1437984,23H,23H1,6966373.0,2026,1.5982228825393587,-1.06809951238677,8.549660381553739,15.057184267273758,0.2640175859377212,0.16482974239917814,0.41543397733057297,2.428021073541877,,
7704,明遠精密,2026/06,19832.0,5585.0,96519,1349136,274780,464869,175285,23H,23H2,2107248.0,2026,-16.28182632050134,-1.06809951238677,9.895102496001687,14.11497494552719,0.3445679308831726,0.20367109023849336,0.12992389203164098,1.6918479678846314,,
7705,三商餐飲,2026/06,4021.0,86588.0,383304,3945936,1617530,422148,2445996,27A,27A2,2094324.0,2026,-3.4267565944472675,-2.1087227344526234,8.299534570332597,15.188196746477264,0.10698298198450254,0.40992301953199445,0.6198772610604937,1.1506319413188657,,
7708,全家餐飲,2026/06,2152.0,42344.0,215583,2029710,224557,663514,1026088,27A,27A2,2409750.0,2026,-4.091228981673909,-2.1087227344526234,7.674617497364363,14.523403483670059,0.32690088731887806,0.11063501682506367,0.5055342881495386,1.6927728591769267,,
7709,榮田,2026/06,18454.0,62647.0,-126180,2786184,838696,694230,1088761,15A,15A1,3401961.0,2026,3.0141427362842594,-2.2784211804366263,9.8230906154641,14.840183475649301,0.24916875554521883,0.30101960243831705,0.3907713919827262,1.611782279992994,,
7711,永擎,2026/06,640971.0,5976.0,-3642362,15980163,38636,1485237,10554557,23A,23A3,22979850.0,2026,610.4983266398929,4.400151586482101,13.370741053201462,16.586858698500695,0.09294254382761928,0.0024177475536388457,0.6604786822262075,2.0985021867424005,,
7712,博盛半導體,2026/06,56528.0,9302.0,172228,2763385,1254780,1019840,878140,23G,23G5K,6463557.0,2026,-17.51515803053107,-0.6891083048626756,10.9425090597906,14.83196693549415,0.36905461960602665,0.45407353662265665,0.3177769293818994,2.6567767430162643,,
7713,威力德生醫,2026/06,0.0,28110.0,148559,2520380,654849,90318,1319902,17G,17G3,3238105.0,2026,-4.284916399857702,0.3552450874748451,0.0,14.73992024177018,0.03583507248906911,0.25982153484791976,0.5236916655424976,1.8084602321872099,,
7714,創泓科技,2026/06,16495.0,6602.0,192202,1154930,12634,384793,569494,23X,23X1,3181500.0,2026,-28.11269312329597,-2.9683442828733075,9.71087320625674,13.959550294040804,0.3331743049362299,0.010939191119808126,0.49309828301282327,3.2478106898253576,,
7715,裕山,2026/06,10181.0,19922.0,40546,1567585,156260,198252,667163,99L,99L2,1146495.0,2026,-1.035237425961249,-0.6044886985805259,9.228376734462282,14.26504677649429,0.12646969701802455,0.0996819949157462,0.4255992498014462,1.1569758577684783,,
7716,昱臺國際,2026/06,0.0,900.0,-7072,765599,148942,196536,285934,26C,26C,580500.0,2026,8.857777777777779,-1.0767254917900697,0.0,13.54841381295493,0.25670879925391754,0.19454309632065872,0.37347749931752783,1.1317073298162614,,
7718,友鋮,2026/06,4600.0,22342.0,153270,2234587,711206,657545,680261,20A,20A1,2178732.0,2026,-5.8601736639513025,-0.04400234055002926,8.434028950155469,14.619566981482462,0.29425795460190185,0.3182717880306294,0.30442359147350273,1.2794279211326298,,
7721,微程式,2026/06,43685.0,307955.0,74386,1705106,516201,251018,416008,23X,23X1,3964492.0,2026,0.758451721842477,-2.9683442828733075,10.684782963622766,14.34913783685525,0.1472154810316778,0.3027383634800417,0.2439777937559307,2.5690484931728585,,
7722,LINEPAY,2026/06,56494.0,9952.0,267502,25342990,369764,9828215,14337396,23E,23E2,21998000.0,2026,-25.879220257234728,-10.719285581878328,10.941907417643346,17.048012721160777,0.3878080289658008,0.014590385743750047,0.5657341931634744,1.4337454262500202,,
7723,築間,2026/06,15821.0,152625.0,62579,3624794,1626385,102674,2987377,27A,27A2,1131336.0,2026,0.5899819819819819,-2.1087227344526234,9.669156655581341,15.103308017069956,0.02832547173715251,0.4486834286307029,0.8241508345025952,1.136261260639915,,
7728,光焱科技,2026/06,36679.0,6196.0,12517,957676,44544,729315,235813,23H,23H2,9226764.0,2026,-1.0201743060038735,-1.06809951238677,10.5099869263704,13.772264795156024,0.6702412270449687,0.046512599250686036,0.2462346346781166,9.880770740835105,,
7730,暉盛-創,2026/06,14303.0,1192.0,39804,1285386,259634,471152,309609,23H,23H2,,2026,-32.39261744966443,-1.06809951238677,9.568294497413296,14.06656962030874,0.3665451467496923,0.20198913011344452,0.24086850175744873,,,
7732,金興精密,2026/06,16900.0,59735.0,20294,2160301,894552,257688,389951,15D,15D,2315544.0,2026,0.6602661756089395,0.030322615797322407,9.735128070758227,14.585758121803632,0.11928337764043066,0.41408674069030194,0.1805077162858324,1.2523694614778218,,
7734,印能科技,2026/06,67414.0,28127.0,751095,8642924,745799,2875111,1920690,23H,23H2,84980000.0,2026,-25.703701070146124,-1.06809951238677,11.118622824068176,15.972251509453027,0.3326548978100467,0.0862901258879518,0.2222268759970584,10.054547511929991,,
7736,虎山,2026/06,28652.0,212224.0,181969,4506098,1683398,612700,1001165,15D,15D,5380800.0,2026,0.14256163299155608,0.030322615797322407,10.263013428702846,15.320942148517231,0.13597129933703173,0.37358219905559087,0.22218003248042986,1.4162952070727268,,
7740,熙特爾-創,2026/06,22930.0,176083.0,-298060,6892989,919424,1297745,5094861,23D,23D7,,2026,2.692724453808715,0.38009350736292824,10.040244985890988,15.746015366044666,0.18827028448761488,0.1333853862235962,0.7391366793128497,,,
7743,金利食安,2026/06,3452.0,22237.0,-15700,1111536,389134,391069,365765,12C,12C,724188.0,2026,1.7060304897243332,0.693150356081714,8.146998697389993,13.921253400525854,0.3518275611406198,0.35008672683565806,0.32906266643635473,0.9805827251658965,,
7744,崴寶,2026/06,10520.0,5805.0,127078,4121309,536083,715090,1412431,23D,23D9A,14530881.0,2026,-20.891128337639966,0.38009350736292824,9.261128538808288,15.231681389310493,0.17351040652375252,0.1300759054950745,0.34271417163818585,3.86850682635056,,
7747,昕奇雲端,2026/06,3958.0,103.0,183505,1456603,3443,641578,461172,23X,23X1,3537954.0,2026,-1780.6019417475727,-2.9683442828733075,8.28374674710613,14.191617570354659,0.4404618142349013,0.002363718871923235,0.31660788835393033,2.745515421841092,,
7750,新代,2026/06,1018073.0,235479.0,758860,24571280,1809937,7221808,11125948,15A,15A1,144281820.0,2026,-2.222622824115951,-2.2784211804366263,13.833423165002765,17.017088839192507,0.29391256784343345,0.07366067213429663,0.45280294718061087,6.324772986999457,,
7751,竑騰,2026/06,76192.0,67500.0,181812,4616394,184890,1560211,2249615,23H,23H2,36837930.0,2026,-1.6935111111111112,-1.06809951238677,11.241024873937967,15.34512443881348,0.3379718022335182,0.040050740902964524,0.48731000863444496,8.467116324993057,,
7753,星亞,2026/06,29653.0,6685.0,58141,940437,211210,443958,370975,23C,23C6C,1058750.0,2026,-7.697232610321616,0.8643247076616943,10.297352302577972,13.754099939833651,0.4720762794317961,0.22458708026162305,0.3944708683303613,1.520277275351778,,
7757,金色三麥,2026/06,3957.0,78585.0,166507,2039688,694394,548397,1025310,27A,27A2,2308780.0,2026,-1.1188140230323853,-2.1087227344526234,8.28349412616251,14.528307412947234,0.2688631790744467,0.3404412831766427,0.5026798216197771,1.634607841983676,,
7760,享溫馨,2026/06,251.0,119737.0,105762,4572974,2803111,194084,2486922,27B,27B,2179584.0,2026,0.11671413180554048,-5.138617004391302,5.529429087511423,15.335674317078436,0.042441527111240954,0.6129733079610774,0.5438303388560705,1.020453210536513,,
7765,中華資安,2026/06,92746.0,17367.0,134552,3101951,60844,1212825,1187389,23X,23X1,9010842.0,2026,-6.747567225197213,-2.9683442828733075,11.437630634933093,14.947541826333381,0.39098780090336693,0.019614752135027277,0.382787800323087,3.28768281639523,,
7767,仁大資訊,2026/06,9252.0,11059.0,-143189,3086072,730006,134560,2184589,23X,23X1,1207010.0,2026,13.947734876571118,-2.9683442828733075,9.13270310224903,14.942409642806115,0.043602352764290656,0.23654859640345396,0.7078865949984317,1.0990019027423858,,
7768,頌勝科技,2026/06,100188.0,952071.0,117672,6895631,2378802,2340365,2373762,17F,17F,23997263.0,2026,0.8764041757389942,-0.1876790419128015,11.514813681167466,15.746398580613251,0.3393982363615454,0.3449723455329904,0.34424144795450917,3.8243091893983308,,
7769,鴻勁,2026/06,897872.0,1262476.0,2610926,85358719,2658302,52690125,28478127,23H,23H2,1164147100.0,2026,-1.06809951238677,-1.06809951238677,13.707783911893069,18.26237315781611,0.6172787691436653,0.03114271197064239,0.33362880012292595,13.971920396321787,,
7770,君曜,2026/06,24352.0,300.0,-97867,729948,55449,314476,161500,23G,23G5F,1273126.0,2026,327.22333333333336,-0.6891083048626756,10.100410324207255,13.50072857771068,0.430819729624576,0.075962945305693,0.22124863688920307,1.9653810956396893,,
7772,耀穎,2026/06,28574.0,19758.0,61671,1416754,480168,324729,400541,23G,23G6,3444870.0,2026,-2.1213179471606436,-0.6891083048626756,10.260287488663012,14.163878897391212,0.22920634069146797,0.3389212241504171,0.282717394833542,2.714240439765831,,
7780,大研生醫*,2026/06,4203.0,322.0,104922,6177378,1206,5261098,1305568,17C,17C2,14701936.0,2026,-324.8447204968944,0.008617877337973031,8.343791731996841,15.63640446756045,0.6702412270449687,0.0008501028267625401,0.21134662635182758,2.591310423289622,,
7782,光速火箭,2026/06,5980.0,1869.0,18014,846741,254076,239931,382327,29A,29A9,624430.0,2026,-8.638309256286785,-3.3184315681370937,8.696343057044556,13.64915014174842,0.28335819335546525,0.3000634196289066,0.4515276808374698,1.188978684154895,,
7786,東方風能,2026/06,0.0,3743369.0,1193499,19176899,4331559,826594,9445228,26A,26A3,21642342.0,2026,0.6811698232260832,-1.6973625208600394,0.0,16.769216935516017,0.043103632135727474,0.2258737974267894,0.49253156102037143,1.6210947348682392,,
7788,松川精密,2026/06,116599.0,300474.0,29621,13361634,3683682,1890189,6564053,23D,23D9A,20494722.0,2026,0.9014190911692859,0.38009350736292824,11.666504552898529,16.4078980239833,0.141463910776182,0.27569098210593107,0.49126124843712976,2.025109728346099,,
7791,皇家可口,2026/06,21840.0,64119.0,4432,3809434,1015816,382594,616373,12Z,12Z,4952000.0,2026,0.9308785227467677,-1.7185556498950278,9.991544216356411,15.152991179636839,0.10043329271487575,0.2666579864620308,0.16180172697571346,1.4617323728406897,,
7792,安葆,2026/06,4344.0,1610.0,-192869,6177407,416698,1305232,2858005,15B,15B2,12062127.0,2026,120.7944099378882,-1.4472893873213875,8.376781037699493,15.636409162097829,0.2112912424258269,0.0674551636309539,0.46265447622279054,2.415274240470152,,
7794,宏碁智新,2026/06,0.0,6061.0,32100,1239576,85417,484679,772867,15C,15C1,841400.0,2026,-4.296155749876258,0.5526186430325462,0.0,14.030279943624082,0.39100385938417653,0.06890823959160229,0.6234930331016412,1.3022735193324169,,
7795,長廣,2026/06,14146.0,32630.0,321612,4016816,155008,2343589,1174685,23H,23H2,43828924.0,2026,-8.856328532025744,-1.06809951238677,9.557257866458935,15.206000106964964,0.5834444495341584,0.03858976861275199,0.2924418245695098,11.203801468625898,,
7799,禾榮科,2026/06,141478.0,28925.0,-431894,11493918,280726,536337,329069,17G,17G2,64880450.0,2026,15.931512532411409,0.3552450874748451,11.859906575157598,16.257328583867423,0.04666267847047456,0.024423873565132447,0.06423362732568252,5.673393441644529,,
7803,雲象科技-創,2026/06,49577.0,6921.0,-146912,663008,34632,535287,81961,17G,17G1,,2026,22.226990319318016,0.3552450874748451,10.81130246592924,13.404542335460208,0.6702412270449687,0.052234663835127176,0.1236199261547372,,,
7805,威聯通,2026/06,467667.0,220774.0,62717,11289193,2809238,1590679,3568865,23A,23A2,21895625.0,2026,0.7159221647476605,4.400151586482101,13.055513921445923,16.239356454385966,0.14090280855327747,0.2488431192557342,0.3161310998934999,2.2556519318962835,,
7810,捷創科技,2026/06,21781.0,6188.0,76550,1277436,91066,772042,328778,23H,23H3,4201875.0,2026,-11.370717517776342,-1.06809951238677,9.988839219635631,14.0603655019577,0.6043684380274237,0.07128811149834512,0.2573733635187986,3.5466770938035252,,
7811,民盛,2026/06,49842.0,32786.0,110378,3016829,1074439,698439,1028454,99K,99K,2596731.0,2026,-2.366619898737266,-0.06455545905916646,10.816633344266204,14.919716837714873,0.23151428204913171,0.35614845919341137,0.3409056330338909,1.2016541209329399,,
7814,海昌生技,2026/06,4567.0,267.0,566,310538,60676,141033,18838,17G,17G4,1518000.0,2026,-1.1198501872659177,0.3552450874748451,8.426830751335846,12.953599103928836,0.45415697917807163,0.19538993617528289,0.06423362732568252,4.94895310718817,,
7818,溢泰實業,2026/06,259703.0,322277.0,1071220,14899509,4789694,1362443,5462268,15C,15C1,10630982.0,2026,-2.323910797233436,0.5526186430325462,12.467297799919594,16.51683881735259,0.0914421408114858,0.32146656644859906,0.3666072486012794,1.0801194858166132,,
7819,精誠金融,2026/06,3027.0,1276.0,-137160,773603,20483,66987,178474,23X,23X1,1004244.0,2026,108.4921630094044,-2.9683442828733075,8.01565761455734,13.558814101086815,0.08659092583663713,0.02647740507728124,0.23070489643912964,1.5288436058288295,,
7820,立盈,2026/06,4234.0,4449.0,61743,1879684,775648,31874,637265,99L,99L2,4211132.0,2026,-12.877950101146325,-0.6044886985805259,8.351138607086154,14.446614235571865,0.01695710555604027,0.41264808340125253,0.33902773019294735,2.579368127834253,,
7821,神數,2026/06,414211.0,48187.0,-68218,7568570,220779,2707123,4882975,23K,23K5,5108155.0,2026,2.4156930292402516,2.4156930292402516,12.934133199035301,15.839514704002395,0.3576795880859925,0.029170503807192112,0.6451648065618737,1.3200816006194036,,
7822,倍利科,2026/06,154101.0,45517.0,194553,8257853,170060,4927856,2221524,23H,23H2,49205880.0,2026,-3.2742931212514006,-1.06809951238677,11.945369999809321,15.926675184349415,0.5967478471704449,0.020593730598013792,0.2690195623487122,6.227696714872498,,
7828,創新服務,2026/06,115496.0,932216.0,4762,5777084,1343944,1303289,609314,23H,23H2,81595410.0,2026,0.9948917418280742,-1.06809951238677,11.656999834580681,15.569409615076594,0.22559633891423425,0.23263362623773517,0.10547085692366599,14.229449320799214,,
7835,永悅健康-創,2026/06,16514.0,3859.0,12740,718113,7674,288511,538998,17X,17X1,,2026,-2.3013734128012437,-5.350321019125554,9.71202433782489,13.484382217262773,0.4017626752335635,0.010686340450597609,0.750575466535211,,,
7842,天能綠電,2026/06,0.0,156.0,37386,1500368,6055,626057,653762,99D,99D4,1766600.0,2026,-238.65384615384616,-0.5377452610575324,0.0,14.221220969316471,0.41726896334765873,0.004035676580678873,0.43573443315239996,1.6131789001098398,,
7855,和運租車,2026/06,53111.0,9158928.0,10608270,61181326,48006178,317525,54605515,22X,22X,18501941.0,2026,-0.15824362851198306,-0.6491572338220557,10.880158170398996,17.92935257020175,0.010873449336980059,0.71402272872828,0.8825156228721158,1.1949308846297317,,
8011,台通,2026/06,1612.0,522073.0,316585,7127908,2875012,562188,3267288,23K,23K1,2936819.0,2026,0.39360012871763145,2.4156930292402516,7.385851078125209,15.779528341203248,0.07887138835125257,0.4033458344299618,0.45837965360944616,0.8703966156690014,,
8016,矽創,2026/06,1604097.0,409898.0,2534347,25331658,2418313,6778486,7980491,23G,23G5G,39885484.0,2026,-5.182872324334347,-0.6891083048626756,14.288072162799093,17.047565475816757,0.2675895119064058,0.09546603700397345,0.3150402156858426,1.889571341915322,,
8021,尖點,2026/06,108353.0,1381402.0,198595,11007160,3140918,2504065,4111622,23B,23B3X,84451472.0,2026,0.8562366349549226,0.8732908111863595,11.593158923680399,16.214056528104113,0.2274941946878214,0.28535226161880084,0.3735406771592309,8.045953179566755,,
8027,鈦昇,2026/06,127601.0,219107.0,131339,4465765,1666159,527588,1569834,23H,23H2,24346941.0,2026,0.40057141031550797,-1.06809951238677,11.756671323751183,15.31195109020377,0.11814056494240069,0.37309598691377627,0.35152633423388824,5.803434573919586,,
8028,昇陽半導體,2026/06,46601.0,1661294.0,501211,13958127,9753972,967948,7846682,23G,23G3C,58185350.0,2026,0.6983008425961931,-0.6891083048626756,10.749398737647702,16.451572477242586,0.06934655344517213,0.6988023536395678,0.562158662118492,4.730722968776542,,
8032,光菱,2026/06,29885.0,609.0,-249067,3930051,76066,595593,1730980,23T,23T2,2297774.0,2026,409.97701149425285,2.778077807780778,10.305145422301338,15.184162960860478,0.15154841502056843,0.019354965113684276,0.4404472104814925,1.0251149412564875,,
8033,雷虎,2026/06,96080.0,710689.0,-86703,4487767,1224006,706011,1049864,99Z,99ZC,27904785.0,2026,1.1219985113038193,-3.7872265601243815,11.472946864693041,15.316865808615942,0.1573189962847893,0.27274276939957,0.2339390614530567,6.451905591355344,,
8034,榮群,2026/06,31624.0,367.0,-24823,841181,5635,109735,171415,23K,23K1,1233575.0,2026,68.6376021798365,2.4156930292402516,10.361703226029821,13.642562135774806,0.13045349336230846,0.006698914977870399,0.2037789726586787,1.6702588384663943,,
8038,長園科,2026/06,13454.0,923.0,11662,1429740,349870,357477,801287,23D,23D7,2450639.0,2026,-11.634886240520043,0.38009350736292824,9.507106063161006,14.173003167523342,0.25002937597045616,0.24470882817854994,0.5604424580692993,2.274487669086687,,
8039,台虹,2026/06,290027.0,272433.0,853040,16600181,4549359,3941148,5375582,23B,23B3C,39306796.0,2026,-2.1311918893819763,0.8732908111863595,12.577732749025976,16.624924156881786,0.23741596552471325,0.2740547828966443,0.32382671008225755,2.6916801690294823,,
8040,九暘,2026/06,119853.0,3885.0,47938,2676028,266411,2104873,195480,23G,23G5B,10798368.0,2026,-11.339253539253539,-0.6891083048626756,11.694029614357744,14.799844163553692,0.6702412270449687,0.09955463844175023,0.07304856301951998,4.108270914953057,,
8042,金山電,2026/06,56655.0,526401.0,27423,10137998,2673937,1570007,5493780,23D,23D5,24389540.0,2026,0.9479047342235292,0.38009350736292824,10.944753174351685,16.131801100736844,0.15486361311178007,0.2637539482647363,0.5418998898993668,2.94765495120437,,
8043,蜜望實,2026/06,0.0,2735.0,-284897,5675502,111507,923116,2835922,23T,23T2,15501958.0,2026,105.16709323583181,2.778077807780778,0.0,15.55166957556933,0.162649224685323,0.019647072628993876,0.499677737757823,3.231058679919415,,
8044,網家,2026/06,280754.0,34122.0,215215,32229881,1399684,3912934,23502801,23E,23E1,5774458.0,2026,-5.30722114764668,-10.719285581878328,12.545237681881106,17.28840456157258,0.12140702598312417,0.043428146694056986,0.7292239459401044,0.9083886781958642,,
8045,達運光電,2026/06,59088.0,40352.0,-101309,3103694,445483,696840,1159668,23K,23K1,5597974.0,2026,3.510631443298969,2.4156930292402516,10.986800060859236,14.948103572951448,0.224519556373792,0.14353315758576715,0.37364121591883737,2.1772900292361297,,
8046,南電,2026/06,0.0,773519.0,2996931,64843487,33208512,10383363,15582593,23B,23B2A,765705525.0,2026,-2.8744116175556127,0.8732908111863595,0.0,17.987487031917507,0.1601296210365738,0.5121333465610818,0.24031084262942246,12.048829483830813,,
8047,星雲,2026/06,19502.0,4162.0,-4288,2468179,788038,361592,1092048,23C,23C3,2037467.0,2026,2.0302739067755886,0.8643247076616943,9.878323578872578,14.718991189740407,0.14650153007541186,0.31927911225239336,0.44245089193287845,1.2679449099923465,,
8048,德勝,2026/06,45456.0,789.0,-14745,1666515,259698,456077,489441,23K,23K4,3681643.0,2026,19.688212927756656,2.4156930292402516,10.724522103148011,14.326245177589513,0.2736711040704704,0.1558329808012529,0.2936913259106579,2.5028781619127343,,
8049,晶采,2026/06,15924.0,19829.0,82744,3122823,321190,272315,538642,23C,23C8D,3240872.0,2026,-3.172878107821877,0.8643247076616943,9.675645480440364,14.95424795838624,0.08720154808645895,0.10285245113155629,0.1724856003686408,1.2102876147639492,,
8050,廣積,2026/06,207616.0,27446.0,-1382338,14811521,3985230,1071135,6628740,23A,23A5B,10732222.0,2026,51.36573635502441,4.400151586482101,12.24345031516784,16.510915881848394,0.0723176910730505,0.26906284641530065,0.4475394525653375,1.1721255366008663,,
8054,安國,2026/06,396034.0,53346.0,657374,8443125,116488,1578307,4105137,23G,23G5F,12641727.0,2026,-11.322835826491207,-0.6891083048626756,12.88925787016938,15.948863058706083,0.1869339847509068,0.013796787326967206,0.4862106151454586,1.9834911836553408,,
8059,凱碩,2026/06,196688.0,20041.0,-716930,8810441,91584,2302102,7457650,23K,23K4,3231449.0,2026,36.773165011725965,2.4156930292402516,12.189379080088454,15.991448053413254,0.26129248240808833,0.010394939367961263,0.8464559265535062,1.2132308700551993,,
8064,東捷,2026/06,60790.0,6964.0,196004,6505179,582007,1937611,2054112,23H,23H2,26983428.0,2026,-27.14531878230902,-1.06809951238677,11.015197030681492,15.688109186844537,0.29785667696461543,0.08946825291048871,0.31576563842440003,4.46375726171409,,
8066,來思達,2026/06,0.0,505.0,32056,1584890,395802,354825,960114,99B,99B,555126.0,2026,-62.47722772277228,-2.3641251140379764,0.0,14.276025562254269,0.22387989071796782,0.24973468190221404,0.6057922000895961,0.9560537324356896,,
8068,全達,2026/06,941.0,2782.0,-174552,2130779,132357,89818,943035,23T,23T2,1530516.0,2026,63.743350107836086,2.778077807780778,6.848005274576363,14.571998198523065,0.04215265872246723,0.0621167188150437,0.4425775737418099,1.1608669880827622,,
8069,元太,2026/06,2482264.0,1158283.0,2180552,120933647,13881766,19775754,43919093,23C,23C8A,247643253.0,2026,-0.8825727391319738,0.8643247076616943,14.724682007782205,18.61075258124933,0.16352565634607877,0.11478828551329474,0.3631668612458202,2.410928250596792,,
8070,長華*,2026/06,212572.0,323527.0,359528,52205815,3255890,7059415,20365257,23T,23T2,38894733.0,2026,-0.11127664769864648,2.778077807780778,12.267040737765655,17.770704445115953,0.13522277163951946,0.062366424123442954,0.3900955669401962,1.1351223996790396,,
8071,能率網通,2026/06,12031.0,388606.0,-1774,2803392,859566,576879,1765469,23D,23D9A,1868612.0,2026,1.0045650350226194,0.38009350736292824,9.39532504618962,14.846340670529345,0.20577892781316348,0.3066164132593658,0.6297617315024086,1.2963156775791613,,
8074,鉅橡,2026/06,4564.0,178368.0,53678,4095834,1689649,1112293,2000767,23B,23B3X,6114272.0,2026,0.6990603695730175,0.8732908111863595,8.426173793029069,15.225480917536476,0.2715669140888034,0.4125286815823102,0.48848830299274826,1.9812909898203883,,
8076,伍豐,2026/06,37495.0,6252.0,-258472,6298484,268220,1061648,2509201,23A,23A5A,7173854.0,2026,42.342290467050546,4.400151586482101,10.531989539602542,15.655819527483898,0.16855611604316212,0.04258485057674196,0.39838173757367645,1.5373628003182989,,
8077,洛碁,2026/06,0.0,7947.0,287268,2498793,436130,263319,1971350,27A,27A1,1052311.0,2026,-35.14798036995092,-2.1087227344526234,0.0,14.731318373252982,0.10537847672856455,0.17453626610927755,0.7889208910061778,1.2100486114696176,,
8080,泰霖,2026/06,0.0,133.0,-172212,1140081,73357,145399,586494,25A,25A,1863801.0,2026,1295.827067669173,10.140183271179907,0.0,13.946609870478138,0.1275339208354494,0.06434367382668424,0.5144318693145487,2.1492288705802483,,
8081,致新,2026/06,581899.0,88524.0,1072897,13788578,1222239,5790712,4040855,23G,23G5D,26971836.0,2026,-11.119843206362116,-0.6891083048626756,13.274053890644762,16.43935112625084,0.41996440822251574,0.08864141030351354,0.2930581384099216,2.249158035005495,,
8083,瑞穎,2026/06,5407.0,3926.0,183683,1870692,706551,141715,774083,15A,15A2,6007743.0,2026,-45.786296484971984,-2.2784211804366263,8.5956346177228,14.441818973853804,0.07575538891490421,0.3776949920136506,0.4137950020634075,3.6253033636750462,,
8084,巨虹,2026/06,0.0,2745.0,-15387,2156532,302502,108401,674062,23G,23G5Z,3388808.0,2026,6.605464480874317,-0.6891083048626756,0.0,14.584011933819204,0.0502663535713822,0.14027243741340262,0.31256758536390833,1.8839831729832899,,
8085,福華,2026/06,10389.0,17703.0,93359,2512307,534628,818570,1356663,23C,23C8B,1679796.0,2026,-4.273625939106366,0.8643247076616943,9.248599084093273,14.736712012478577,0.3258240334481415,0.2128036103867879,0.5400068542578594,1.208633737835384,,
8086,宏捷科,2026/06,119072.0,219188.0,744786,10786246,4622650,1207411,2308342,23G,23G3A,29379142.0,2026,-2.3979323685603227,-0.6891083048626756,11.687492029391116,16.19378236196208,0.11193987231516878,0.42856893862795264,0.21400791341120906,2.9377675977351156,,
8087,麗升能源,2026/06,0.0,6760.0,65419,2283880,184036,511735,1519346,23C,23C7E,1276077.0,2026,-8.677366863905325,0.8643247076616943,0.0,14.641386308973242,0.22406387375869136,0.0805804157836664,0.6652477363083875,1.2239798062945513,,
8088,品安,2026/06,7459.0,19626.0,91106,1545334,348065,240489,429007,23G,23G3B,3941653.0,2026,-3.642107408539692,-0.6891083048626756,8.917310693197807,14.250750626179961,0.15562266797986712,0.22523609782739523,0.27761441863053554,2.8282947246355805,,
8089,康全電訊,2026/06,51201.0,5000.0,-169423,1442529,264683,729693,444424,23K,23K4,1329880.0,2026,34.8846,2.4156930292402516,10.843533872764679,14.181908381148444,0.505842863471029,0.1834853926680157,0.3080867005100071,1.2299953761761462,,
8091,翔名,2026/06,32596.0,142704.0,94056,5647656,2120852,1667102,1408147,23H,23H2,15200199.0,2026,0.34090144635048775,-1.06809951238677,10.391975538580404,15.546751149784757,0.2951847633779395,0.3755278295986866,0.24933299761883515,2.940750286490537,,
8092,建暐,2026/06,1898.0,236.0,-13453,855433,274333,70533,316105,23H,23H2,766105.0,2026,58.00423728813559,-1.06809951238677,7.549082710812286,13.65936305247365,0.08245297995284259,0.32069489954210323,0.36952631006753306,1.265102000974945,,
8093,保銳,2026/06,1121.0,241.0,-19738,636333,71614,310821,86146,23D,23D3,1122875.0,2026,82.90041493775934,0.38009350736292824,7.022868086082641,13.36347729020517,0.48845651569225546,0.11254170379345406,0.13537880323667012,1.899981613400531,,
8096,擎亞,2026/06,0.0,772.0,-10257950,26397995,170754,1724346,23296643,23T,23T2,23073494.0,2026,13288.5,2.778077807780778,0.0,17.08879861826273,0.06532109730303381,0.006468445804312032,0.8825156228721158,1.7565779901087184,,
8097,常珵,2026/06,28585.0,9041.0,-123554,1458133,73438,162484,516921,23K,23K4,3828120.0,2026,14.665966154186483,2.4156930292402516,10.260672366469061,14.192667408240851,0.11143290769772031,0.050364404344459664,0.354508813667889,2.9798660341683507,,
8099,大世科,2026/06,25349.0,8191.0,184217,3772301,61890,929748,2138129,23X,23X1,5784219.0,2026,-21.490172140153827,-2.9683442828733075,10.14053400901933,15.14319571806713,0.24646707672584983,0.01640643204240595,0.5667970291872255,2.100136760030549,,
8101,華冠,2026/06,22406.0,11265.0,-49069,591029,49957,19346,344674,23K,23KX,676192.0,2026,5.3558810474922325,2.4156930292402516,10.017128689025176,13.289620364558315,0.0327327423865834,0.08452546321754094,0.5831761216454692,1.7272688818991961,,
8102,傑霖科技,2026/06,34662.0,1267.0,40981,530593,16381,211494,102330,23G,23G5C,1611702.0,2026,-31.344909234411997,-0.6891083048626756,10.453428114630672,13.181750527986615,0.3985993030439527,0.030873004355504125,0.19285968718019272,3.230408241345061,,
8103,瀚荃,2026/06,87870.0,140866.0,199484,6908213,1072547,2389793,2856312,23D,23D2,7749576.0,2026,-0.4161259636817969,0.38009350736292824,11.383625108873522,15.74822155158922,0.3459350486153221,0.15525679361652572,0.4134661163458625,1.5352578155884886,,
8104,錸寶,2026/06,67473.0,259953.0,61101,8590872,3877535,550419,5266561,23C,23C8A,3954204.0,2026,0.7649536647009267,0.8643247076616943,11.119497617472568,15.966210802195963,0.06407021312853922,0.4513552291315713,0.613041493343167,1.0733211948682275,,
8105,凌巨,2026/06,90982.0,108132.0,350437,10830666,5149059,2263059,2699287,23C,23C8D,10089303.0,2026,-2.240826027447934,0.8643247076616943,11.418427954860418,16.197892112931257,0.20894920035388406,0.47541480828602783,0.24922631719969945,1.1807759559753759,,
8107,大億金茂,2026/06,12598.0,7473.0,39732,2973960,594762,563835,1388326,15D,15D,945000.0,2026,-4.316740264953834,0.030322615797322407,9.44137272471063,14.905404956012662,0.18959064681434853,0.19998991243997902,0.466827395123001,0.7845855357839379,,
8109,博大,2026/06,45405.0,69422.0,234158,3891098,1350823,1218552,891442,23D,23D3,10146884.0,2026,-2.3729653423986634,0.38009350736292824,10.723399533887571,15.174201937976942,0.31316404778291373,0.34715728054137934,0.22909780221418222,2.8368152125698196,,
8110,華東,2026/06,15576.0,449442.0,311251,23532076,5195644,2753243,4269959,23G,23G2,29666502.0,2026,0.30747237685841555,-0.6891083048626756,9.653550746326605,16.973874984606006,0.11699957963759763,0.22078986996302408,0.18145271160946447,1.442136299406818,,
8111,立碁,2026/06,27972.0,20353.0,-59201,2178087,384440,530656,792979,23C,23C6C,5695124.0,2026,3.9087112464992875,0.8643247076616943,10.23899503822049,14.593957526580848,0.2436339778897721,0.17650350973124582,0.36407131579225255,2.9788080090464706,,
8112,至上,2026/06,102169.0,35463.0,-56977068,169277388,604427,3899336,145504589,23T,23T2,48537073.0,2026,1607.6623805092631,2.778077807780778,11.53439337158547,18.947049276458454,0.023035185301890408,0.0035706304731025268,0.8595630563486719,1.1462940460777904,,
8114,振樺電,2026/06,601722.0,136990.0,-1896207,22533876,3953506,4270614,8571223,23A,23A5A,14035548.0,2026,14.841937367691072,4.400151586482101,13.30755248550697,16.930530334895334,0.18951972576755105,0.17544722443666594,0.3803705585315194,1.003234907301345,,
8121,越峰,2026/06,111441.0,197285.0,72391,5674634,2697488,512043,2934748,23D,23D5,10649700.0,2026,0.6330638416504042,0.38009350736292824,11.621259555169887,15.551516625859882,0.09023366088456101,0.47535893944878205,0.5171695654732975,2.393889720464791,,
8131,福懋科,2026/06,167741.0,1280291.0,295404,19532477,5375836,2978191,4134220,23G,23G2,31839984.0,2026,0.769268080459833,-0.6891083048626756,12.03018236368182,16.787589125327706,0.15247380042991987,0.2752255128727401,0.21165876708827047,1.8417635407941348,,
8147,正淩,2026/06,60346.0,85805.0,-26166,2736698,1144187,536766,1261223,23D,23D2,5979831.0,2026,1.304947264145446,0.38009350736292824,11.007866515265238,14.822262642146844,0.19613636579556823,0.4180903409875697,0.46085574659681117,2.645909048057184,,
8150,南茂,2026/06,602481.0,3284437.0,1531727,46964160,19196285,12552337,22114066,23G,23G2,70100039.0,2026,0.5336409253701624,-0.6891083048626756,13.308813068381992,17.66489531559127,0.26727481126033126,0.4087432842405784,0.47087110681847605,1.9634995068579955,,
8155,博智,2026/06,89619.0,388281.0,458731,6824654,1726545,1591485,2832480,23B,23B2B,23388000.0,2026,-0.18144076068620407,0.8732908111863595,11.403333788340134,15.736052201779517,0.23319643750437752,0.25298645176737167,0.41503642528983886,3.8420233465315605,,
8162,微矽電子-創,2026/06,30616.0,169853.0,181510,2579938,1781538,286698,1140621,23G,23G2,,2026,-0.06862993294201457,-0.6891083048626756,10.329310689232171,14.763275925601299,0.11112592628194941,0.6905351989078807,0.4421117871824827,,,
8163,達方,2026/06,495001.0,502314.0,88440,34994121,8412336,6305589,21679428,23C,23C3,11676000.0,2026,0.8239348296085716,0.8643247076616943,13.112317081946705,17.370690633916336,0.18018995247801767,0.24039283627098393,0.6195162896076173,0.9531723342900941,,
8171,天宇,2026/06,14083.0,23929.0,-227219,3724201,880364,356723,1463634,23D,23D7,2437625.0,2026,10.495549333444774,0.38009350736292824,9.552794680274943,15.130362890143806,0.09578510934291677,0.23639003372803993,0.39300617770093504,1.0475425467100192,,
8176,智捷,2026/06,23779.0,299.0,7114,778332,104768,399422,175293,23K,23K4,715576.0,2026,-22.792642140468228,2.4156930292402516,10.076600170244772,13.56490844735346,0.5131768962345118,0.134605798039911,0.2252162316338015,1.1445873997214557,,
8182,加高,2026/06,35034.0,65217.0,-42190,5645757,2023384,1104274,2045235,23D,23D6,5255713.0,2026,1.6469172148366225,0.38009350736292824,10.464102840804633,15.546414847549482,0.19559361127303213,0.35839020347492817,0.3622605436259478,1.293174325427042,,
8183,精星,2026/06,141034.0,341378.0,424816,9352339,1309833,342217,5143541,23B,23B1,4189222.0,2026,-0.24441528159401016,0.8732908111863595,11.856763365507447,16.051137030407777,0.03659159489406875,0.14005405492679424,0.5499737552285049,0.9979068337877829,,
8201,無敵,2026/06,43051.0,3396.0,-38255,654825,112058,218690,208563,23Z,23Z,813876.0,2026,12.26472320376914,0.4712413208368661,10.67016396638419,13.392123303347118,0.33396709044401174,0.1711266368877181,0.3185018898178903,1.5613927385179247,,
8210,勤誠,2026/06,274664.0,1519037.0,2704497,29431686,7175179,8812403,16719084,23D,23D4,161034915.0,2026,-0.7804023206807997,0.38009350736292824,12.523307452243923,17.197582407049875,0.29941889839406416,0.243790960531449,0.5680640925565732,6.039545237061852,,
8213,志超,2026/06,0.0,233157.0,-706734,33842427,8350953,7777028,16183228,23B,23B2B,9941019.0,2026,4.031150683873956,0.8732908111863595,0.0,17.337225809988706,0.22980113098862562,0.24675987333887137,0.47819348180909127,0.7719377513911754,,
8215,明基材,2026/06,651998.0,382107.0,211581,23727477,12107892,648692,16490376,23C,23C8C,9732486.0,2026,0.44627813675227096,0.8643247076616943,13.387798307165282,16.98214430164694,0.027339274209390235,0.510289905665065,0.6949907063443788,1.105168577341788,,
8222,寶一,2026/06,23894.0,43011.0,170766,2219505,1000248,317641,1286410,22B,22B3,2688101.0,2026,-2.9702866708516424,0.4189409826786738,10.081424511012258,14.61279475601332,0.143113441961158,0.4506626477525394,0.5795931975823438,1.7907195523326147,,
8227,巨有科技,2026/06,51480.0,7554.0,1351,1915545,130867,791248,715667,23G,23G5L,8481974.0,2026,0.8211543553084458,-0.6891083048626756,10.848968086540825,14.465512735407584,0.41306677734013036,0.06831841590774428,0.37361012140148103,4.801579185036112,,
8234,新漢,2026/06,277869.0,124715.0,-672950,7153057,1546179,733271,4060863,23A,23A5B,10083536.0,2026,6.395902658060377,4.400151586482101,12.534908657402404,15.783050375743239,0.10251155554890727,0.21615639299393252,0.5677101412724658,1.9773921835097916,,
8240,華宏,2026/06,94374.0,92867.0,111229,7977025,1331991,1116797,3071886,23C,23C8C,5320213.0,2026,-0.19772362626121226,0.8643247076616943,11.455031486551325,15.892076092898636,0.1400016923602471,0.16697841613884876,0.38509168518338605,1.0520336842369178,,
8249,菱光,2026/06,35839.0,59016.0,-120309,9919931,264917,3005829,2919114,23C,23C2,6505340.0,2026,3.0385827572183817,0.8643247076616943,10.486819867088867,16.110056523591705,0.30300906326868604,0.026705528496115547,0.29426757101435486,0.9500523743562329,,
8255,朋程,2026/06,466412.0,295278.0,706621,17418108,4634451,2035855,6076048,23D,23D1,18756776.0,2026,-1.3930702592133515,0.38009350736292824,13.0528267867003,16.673020912697858,0.11688152352712476,0.26607086142765907,0.3488351318065085,1.425690092173042,,
8261,富鼎,2026/06,71101.0,24151.0,305378,7086972,426666,906260,1379922,23G,23G5K,32156499.0,2026,-11.644528176887086,-0.6891083048626756,11.171870744790926,15.773768726888582,0.12787689862468768,0.060204273418887504,0.1947124949837533,4.732122689351672,,
8271,宇瞻,2026/06,381147.0,357920.0,-968676,21944361,1247216,2434087,12254738,23G,23G3B,25209923.0,2026,3.7064036656236032,-0.6891083048626756,12.850943030124679,16.904020762430356,0.11092084203317654,0.05683537561198524,0.5584458804701582,1.7072568665818066,,
8272,全景軟體,2026/06,49847.0,1357.0,-4433,853113,4643,128521,262871,23X,23X1,1284265.0,2026,4.266764922623434,-2.9683442828733075,10.816733654224057,13.65664729132247,0.1506494450324869,0.00544242087507751,0.30813151364473407,1.8135182560809646,,
8277,商丞,2026/06,7539.0,8559.0,-15044,465836,256128,102678,31047,23G,23G3B,914457.0,2026,2.757681972193013,-0.6891083048626756,8.927977461002001,13.051588919834947,0.22041662731089912,0.5498244017207773,0.06664791901012374,2.0296928532788363,,
8279,生展,2026/06,30075.0,36784.0,36467,3160568,1284357,204799,819388,17C,17C2,2406569.0,2026,0.008617877337973031,0.008617877337973031,10.311482790497918,14.966262316246011,0.06479816286186534,0.4063690450577238,0.2592534000217682,1.020689002736217,,
8284,三竹,2026/06,119977.0,8917.0,30004,2241658,379896,929498,906133,23X,23X9,3110369.0,2026,-2.364808792194684,-2.9683442828733075,11.69506367162324,14.622726328605589,0.41464755105372897,0.16947098977631736,0.40422446242914845,1.7917550313205672,,
8289,泰藝,2026/06,22914.0,31992.0,23753,2564617,782024,391625,922430,23D,23D6,4004372.0,2026,0.25753313328332084,0.38009350736292824,10.039546996943224,14.757319707699212,0.15270311317440383,0.3049281822587934,0.35967553829675153,1.9210673562563143,,
8299,群聯,2026/06,23769304.0,1330565.0,-14872559,193716918,9199144,31547367,91644702,23G,23G5E,527478525.0,2026,12.177626797638597,-0.6891083048626756,15.628457479489317,19.081908465812553,0.16285292645426044,0.0474875612051602,0.47308569094620845,3.1960204270852586,,
8341,日友,2026/06,137.0,391944.0,680681,10218858,6729057,722357,4404550,99L,99L2,9867000.0,2026,-0.7366792194803339,-0.6044886985805259,4.927253685157205,16.13974539481329,0.07068862293614414,0.6584940313291368,0.4310217443084149,1.3965895210599855,,
8342,益張,2026/06,11302.0,26484.0,67881,1870215,600162,371527,814274,20A,20A9,3055221.0,2026,-1.563094698685999,-0.04400234055002926,9.33282345619073,14.441563955483883,0.19865470012806014,0.32090535045435953,0.4353905834355943,2.069010782182797,,
8349,恒耀,2026/06,53933.0,1083667.0,515864,25630372,10505642,2397924,17081859,20A,20A1,8373722.0,2026,0.5239644650985957,-0.04400234055002926,10.895516355801455,17.059288612476045,0.09355790856254446,0.40989034415887526,0.6664694137096411,0.993180317476469,,
8354,冠好,2026/06,4329.0,13605.0,49657,4315261,1657002,337907,2127188,13A,13A9,1268292.0,2026,-2.6499081220139655,0.7975761201212441,8.373322820996535,15.277668367344813,0.07830511294681829,0.383986507420988,0.49294538615393135,0.7868539121967362,,
8358,金居,2026/06,51395.0,254992.0,400626,12365662,4813390,1214533,3065079,23B,23B3X,151552800.0,2026,-0.5711316433456736,0.8732908111863595,10.847315627403372,16.330433995717232,0.09821819486898477,0.3892545340475908,0.2478701908559364,12.503809258250792,,
8367,建新國際,2026/06,0.0,831234.0,357898,18045238,8869697,353205,13419184,26C,26C,3719140.0,2026,0.5694377275231763,-1.0767254917900697,0.0,16.70839238522115,0.019573307927554073,0.4915256313050568,0.74364128641584,0.9497421979139317,,
8374,羅昇,2026/06,18006.0,3379.0,126590,5754306,527079,1418897,2826618,15A,15A2,9541250.0,2026,-36.46374667061261,-2.2784211804366263,9.798515850169505,15.56545900207585,0.24658003936530312,0.09159731859932371,0.49121788100945624,2.1493240018865873,,
8383,千附,2026/06,25192.0,422666.0,109120,7209267,2918089,410443,2692659,23H,23H1,7439904.0,2026,0.7418292457874539,-1.06809951238677,10.134321457134345,15.790877839737899,0.05693269509923824,0.4047691672398872,0.3734996914388106,1.4054914320693075,,
8390,金益鼎,2026/06,2681.0,206450.0,675183,5099727,1215344,1615408,1096409,99L,99L1,10332470.0,2026,-2.2704432065875513,-0.6044886985805259,7.894318063841624,15.444697566850039,0.3167636228370656,0.23831550198667498,0.21499366534718428,2.2410766301804,,
8401,白紗科,2026/06,3732.0,407680.0,104753,2006878,1051163,411160,801810,99C,99C,1621854.0,2026,0.7430509222919938,1.2543642868432017,8.224967478914584,14.512090838686213,0.20487543338459038,0.5237802198240252,0.3995310128468198,1.2076787926321382,,
8403,盛弘,2026/06,1362.0,25524.0,183362,6540637,1436101,1437271,2843700,17X,17X2,2628924.0,2026,-6.18390534398997,-5.350321019125554,7.217443431696533,15.69354511930187,0.21974480467269472,0.21956592301330896,0.43477416649173467,0.836711164371299,,
8409,商之器,2026/06,22748.0,819.0,-4802,422354,165850,138160,122147,17G,17G1,619200.0,2026,6.863247863247863,0.3552450874748451,10.032276467369046,12.953599103928836,0.3271189570833945,0.3926800740610957,0.2892052638308149,1.7552740118478811,,
8410,森田,2026/06,25890.0,41723.0,126719,2297460,777523,31120,452555,13A,13A8,1218414.0,2026,-2.0371497735062194,0.7975761201212441,10.161650696951378,14.64731472283191,0.013545393608593838,0.33842721962515127,0.19698057855196607,0.7273114657056053,,
8415,大國鋼,2026/06,7249.0,929538.0,3210694,48505734,8823669,3113914,17167019,20A,20A1,35896200.0,2026,-2.4540750351249763,-0.04400234055002926,8.88875674784872,17.697192575723598,0.06419682258596479,0.18190981297180248,0.3539173121264385,1.0939576545733747,,
8416,實威,2026/06,53417.0,11499.0,233956,2220712,989352,704415,598967,23X,23X9,4781765.0,2026,-19.345769197321506,-2.9683442828733075,10.885903046801726,14.613338423149287,0.31720232069714577,0.44551116939071794,0.2697184506590679,2.4229760545266563,,
8421,旭源,2026/06,4016.0,28368.0,1094,1987061,834123,77773,1215320,13B,13B,709880.0,2026,0.9614354201917654,0.9614354201917654,8.298290634359283,14.502167220609788,0.039139714382195614,0.4197772489118351,0.6116168552450075,0.9688680921219832,,
8422,可寧衛*,2026/06,15076.0,981190.0,-1616537,26499317,14665450,4116029,14761944,99L,99L2,37909488.0,2026,2.6475269825416077,-0.6044886985805259,9.62092568277892,17.092629517039402,0.15532585236064764,0.5534274713570919,0.5570688482272959,1.9876524364760042,,
8424,惠普,2026/06,,16051.0,110802,1357043,693159,129716,250548,11C,11C,2476910.0,2026,-5.903121300853529,-5.320343774838351,0.0,14.120818625861023,0.09558724373509167,0.5107863199618582,0.1846279005160485,2.0098537776621668,,
8426,紅木-KY,2026/06,0.0,96111.0,-95034,2280262,981135,321350,1119415,99B,99B,1007372.0,2026,1.988794206698505,-2.3641251140379764,0.0,14.639800906609414,0.140926788237492,0.43027292477794216,0.4909150790567049,0.9326941377789043,,
8431,匯鑽科,2026/06,7030.0,102062.0,-77183,2344760,714095,567787,1533094,23C,23C4B,2599867.0,2026,1.756236405322255,0.8643247076616943,8.858084222199162,14.667693609209088,0.24215143554137736,0.3045492928913833,0.6538383459287944,1.7626371142462343,,
8432,東生華,2026/06,14570.0,299.0,209918,2025960,15619,618684,348659,17C,17C1B,1954458.0,2026,-701.0668896321071,0.008617877337973031,9.586788531013854,14.52155422025924,0.3053781910797844,0.007709431578116053,0.1720956978420107,1.136802799660408,,
8433,弘帆,2026/06,9660.0,36647.0,162021,4628338,656177,943559,2255158,29B,29B,2872466.0,2026,-3.4211258766065433,-2.653335981951226,9.17585244151751,15.347708398336739,0.20386562087729979,0.14177378575203453,0.48725006687065636,1.107875872505422,,
8435,鉅邁,2026/06,5823.0,3825.0,8848,1407416,154721,168507,393517,99L,99L2,1858560.0,2026,-1.313202614379085,-0.6044886985805259,8.669742589876522,14.157265956930852,0.11972792692423562,0.10993267093737744,0.27960247716382364,1.6001502043461209,,
8436,大江,2026/06,289094.0,85179.0,686877,14188022,5459561,4465874,5206536,17C,17C2,13538835.0,2026,-7.0639242066706585,0.008617877337973031,12.574510632801262,16.467908645480595,0.31476367882711204,0.38480071429266177,0.3669670092138284,1.3212110187029595,,
8438,昶昕,2026/06,4976.0,33469.0,140034,3327038,1337774,642364,1327665,99L,99L2,6721522.0,2026,-3.1839911559950997,-0.6044886985805259,8.512582578858554,15.01759297663662,0.19307383925281285,0.4020915901772087,0.3990531517824564,2.419325237643814,,
8440,綠電,2026/06,0.0,14273.0,50304,891986,311520,188235,225768,99L,99L1,1088021.0,2026,-2.5244167308904926,-0.6044886985805259,0.0,13.701205716371714,0.21102909686923338,0.3492431495561589,0.25310711154659377,1.472880740280677,,
8443,阿瘦,2026/06,12668.0,2089.0,44254,1517501,245168,181895,891133,99K,99K,764860.0,2026,-20.18429870751556,-0.06455545905916646,9.446913343602054,14.232575460894157,0.1198648304020887,0.1615603548201945,0.5872371748025207,1.0912632018034913,,
8446,華研,2026/06,32596.0,1878.0,534457,2939331,8225,1178712,928093,99Z,99ZX,4688180.0,2026,-283.5883919062833,-3.7872265601243815,10.391975538580404,14.893692562400794,0.40101370005623727,0.0027982557935802396,0.31574974033206876,1.9107317277298814,,
8450,霹靂,2026/06,0.0,3730.0,-10388,944273,546825,199227,532317,99H,99H,774781.0,2026,3.7849865951742627,-0.44850575078854305,0.0,13.758170598234102,0.21098453519268262,0.5790962994811881,0.5637320986621454,1.3842373974475601,,
8454,富邦媒,2026/06,264636.0,646180.0,3425896,28727501,11402870,4768697,20340734,23E,23E1,78830063.0,2026,-4.3017673094184286,-10.719285581878328,12.486114354598433,17.173365444923775,0.16599762715176652,0.396932193997661,0.7080578989449865,3.4521205655862652,,
8462,柏文,2026/06,0.0,285708.0,1169787,12886206,3438401,1950571,10468384,99Z,99ZX,11495341.0,2026,-3.0943445755806627,-3.7872265601243815,0.0,16.37166799489471,0.15136891339467956,0.26682803301452734,0.8123713061858548,1.7044368994256338,,
8463,潤泰材,2026/06,37737.0,215787.0,493861,10449977,4033863,608915,7442864,11A,11A,3202500.0,2026,-1.288650382089746,-0.8603816081928262,10.53842282334766,16.162110335415733,0.058269506239104644,0.38601644769170307,0.7122373570774366,1.0186973617262507,,
8464,億豐,2026/06,90706.0,1023280.0,4534424,39426396,12365480,15808572,10050028,99B,99B,101384920.0,2026,-3.4312641701196154,-2.3641251140379764,11.415389810633465,17.48994609919093,0.40096416624030257,0.3136345508222461,0.2549060786585718,2.8264046249624237,,
8467,波力-KY,2026/06,57285.0,204851.0,-74178,4872848,1354681,1777231,2283086,99Z,99ZC,5708132.0,2026,1.3621070924720895,-3.7872265601243815,10.955811544752127,15.39918912905514,0.36472120616116077,0.27800600388109786,0.46853216024796995,1.6399481371058569,,
8473,山林水,2026/06,3647.0,6463.0,-148798,16721963,513267,3441690,9241476,99L,99L2,9188273.0,2026,24.02305430914436,-0.6044886985805259,8.201934351194222,16.632233563035705,0.20581853936646075,0.030694183452026534,0.5526549723857181,1.1021283207001475,,
8476,台境*,2026/06,2318.0,2431.0,30948,4302146,343906,305140,2457854,99L,99L2,4114094.0,2026,-11.730563554092965,-0.6044886985805259,7.7488913372555315,15.274624525937336,0.07092739298015456,0.07993824477365483,0.5713088305231854,1.527597622209939,,
8478,東哥遊艇,2026/06,0.0,105006.0,-1109926,15645646,3427629,1911574,6491924,22B,22B1,14236758.0,2026,11.570119802677942,0.4189409826786738,0.0,16.565703225379995,0.12217929512146702,0.21907877757172825,0.4149348643066576,1.3248850191292836,,
8481,政伸,2026/06,21519.0,22791.0,65198,2068124,498084,482530,371830,99C,99C,2770643.0,2026,-1.860690623491729,1.2543642868432017,9.976738014275721,14.54215247412813,0.23331773143196444,0.24083855706911192,0.1797909603099234,1.5194799731544144,,
8487,愛爾達-創,2026/06,0.0,58800.0,298163,1269720,64872,269216,639536,99H,99H,,2026,-4.070799319727891,-0.44850575078854305,0.0,14.054306961686208,0.212027848659547,0.051091579245817975,0.5036827016980122,,,
8488,吉源-KY,2026/06,9948.0,21170.0,106539,5555835,2171287,624690,3100384,20B,20B,738675.0,2026,-4.032546055739254,-4.399302720874156,9.20522732258936,15.530359284791198,0.11243854434121964,0.3908120021562915,0.5580410505351581,0.6909958629080957,,
8489,三貝德,2026/06,25640.0,11887.0,271476,3847931,420874,1160427,2461121,99Z,99ZX,1300893.0,2026,-21.838058383107597,-3.7872265601243815,10.151947911834128,15.163046159214034,0.3015716757914838,0.10937670140135049,0.6395959283053673,0.9776718969233076,,
8905,裕國,2026/06,0.0,5342.0,-8757,3692732,1441372,299793,951119,12A,12A,3541396.0,2026,2.6392736802695618,1.2494094861951703,0.0,15.121877121474881,0.08118460803545993,0.3903267282868077,0.2575651306404039,1.2165830068361312,,
8906,花王,2026/06,0.0,28572.0,-25046,3416591,472429,27603,2949907,99C,99C,1310101.0,2026,1.876592468150637,1.2543642868432017,0.0,15.044153828293885,0.010873449336980059,0.138274964723609,0.8634065359301127,1.2468592231262097,,
8908,欣雄,2026/06,0.0,214652.0,448704,12003015,5317855,1044608,7861099,99D,99D2,13149386.0,2026,-1.0903788457596482,-0.5377452610575324,0.0,16.300668426194278,0.08702880068049569,0.44304326871206945,0.6549270329163132,1.7504339534691908,,
8916,光隆,2026/06,25205.0,35285.0,-593356,10405743,1518734,834985,5347142,14C,14C1,6563083.0,2026,17.816097491852062,-0.3929749264102676,10.134837340397437,16.157868423237378,0.08024270828137885,0.14595151927161762,0.513864507320621,1.1445818909807786,,
8917,欣泰,2026/06,0.0,135315.0,208080,6155015,3055370,460247,3522829,99D,99D2,8685617.0,2026,-0.5377452610575324,-0.5377452610575324,0.0,15.632777754640776,0.0747759347458942,0.49640333939072445,0.5723510015816371,1.9834957347788755,,
8921,沈氏,2026/06,606.0,139198.0,-35407,2069149,892702,97942,821857,99C,99C,833997.0,2026,1.2543642868432017,1.2543642868432017,6.408528791059498,14.5426479696011,0.047334435557806614,0.43143437229508363,0.39719565869833445,0.8002584637452402,,
8923,時報,2026/06,0.0,1089.0,32050,920360,2880,34304,477228,99F,99F,610558.0,2026,-28.43067033976125,-28.43067033976125,0.0,13.73252017683347,0.037272371680646704,0.003129210309009518,0.5185231865791646,1.181913599026468,,
8924,大田,2026/06,10768.0,99996.0,222935,5413764,1477235,2426274,1511297,99Z,99Z2,4692800.0,2026,-1.2294391775671027,-3.7872265601243815,9.284426915328881,15.50445515751548,0.44816767040454664,0.27286653056911975,0.2791582713986055,1.1459858612233558,,
8926,台汽電,2026/06,,408998.0,-920976,81107953,7328380,4826794,50471301,99D,99D3,63350517.0,2026,3.251786072303532,-0.5377452610575324,0.0,18.211291578396043,0.05951073626528338,0.09035340837661135,0.6222731450268508,1.403337327475149,,
8927,北基,2026/06,0.0,485184.0,3194610,33160588,19349476,2122223,24466431,99D,99D1,8905195.0,2026,-5.584326770874555,-0.5377452610575324,0.0,17.316872620281632,0.06399835250207264,0.5835082297093164,0.7378165610332362,1.006364121166971,,
8928,鉅明,2026/06,53786.0,88322.0,495920,3001550,1430229,202224,1908576,99Z,99Z2,1067934.0,2026,-4.6149090826747585,-3.7872265601243815,10.892787081263537,14.914639379872785,0.06737319051823225,0.47649680998150956,0.6358634705402209,0.9916576435508321,,
8929,富堡,2026/06,187.0,3238.0,30771,1330296,206139,501218,510281,14F,14F,690431.0,2026,-8.503088326127239,2.280747546460639,5.236441962829949,14.100912031826914,0.3767717861288014,0.1549572425986397,0.3835845556176971,0.9025901002483657,,
8930,青鋼,2026/06,11653.0,15488.0,104762,2100135,802742,469422,719990,20B,20B,2233386.0,2026,-5.76407541322314,-4.399302720874156,9.363404747703019,14.557512186341699,0.2235199165767915,0.38223352308303987,0.3428303418589757,1.4062791201517997,,
8931,大汽電,2026/06,10679.0,184200.0,227501,5192814,3715376,317997,3217426,99D,99D3,5073583.0,2026,-0.23507600434310533,-0.5377452610575324,9.276128112514186,15.462786304738433,0.061237895291454694,0.71402272872828,0.6195919977106825,1.5966312292333213,,
8932,智通*,2026/06,,14786.0,435616,3980588,860484,2016393,1493553,14Z,14Z,38838986.0,2026,-28.46138238874611,-0.5719390147236393,0.0,15.196940105041802,0.5065565690295002,0.2161700733660454,0.37520913995620747,10.132306835070597,,
8933,愛地雅,2026/06,3555.0,2036.0,29198,3925597,565074,627891,2391523,99Z,99Z1,1499663.0,2026,-13.340864440078585,-3.7872265601243815,8.176391596633795,15.18302899954315,0.15994790091800049,0.14394600362696425,0.6092125605353784,0.9912341995370386,,
8935,邦泰,2026/06,4358.0,6750.0,23819,1442245,647924,232664,575679,13B,13B,2400419.0,2026,-2.5287407407407407,0.9614354201917654,8.379997952238393,14.181711485307787,0.1613207187405746,0.44924683392904813,0.3991547899282022,2.0635176409001246,,
8936,國統,2026/06,3307.0,49675.0,286429,14483047,863761,944780,6333382,20B,20B,16125070.0,2026,-4.766059386009059,-4.399302720874156,8.104099056143582,16.488489350961736,0.06523351060035916,0.059639452941083464,0.43729624021795965,1.5506717612668108,,
8937,合騏*,2026/06,3475.0,1298218.0,-194634,6038347,5002268,79761,3270765,22A,22A,12410800.0,2026,1.1499239727072033,1.1459614332163668,8.153637486385282,15.613640856958336,0.013209078577299383,0.71402272872828,0.5416656247148434,2.59699633028708,,
8938,明安,2026/06,358032.0,164703.0,2119097,12872226,4846462,1957030,5197297,99Z,99Z2,8304559.0,2026,-11.866171229425087,-3.7872265601243815,12.788380439905586,16.37058252498935,0.15203508701602972,0.37650535346411723,0.4037605461557309,1.0489138397663311,,
8940,新天地,2026/06,0.0,24453.0,108914,2106997,884008,278169,1184134,27A,27A2,1110227.0,2026,-3.454013822434875,-2.1087227344526234,0.0,14.560774268959968,0.13202154535578361,0.4195582623041229,0.5620008001909828,1.0889246638699532,,
8941,關中,2026/06,6077.0,2563.0,229504,2247683,86480,546422,1184641,99B,99B,1503796.0,2026,-88.54506437768241,-2.3641251140379764,8.712430973476739,14.625410465817401,0.24310456590186427,0.03847517643724671,0.5270498553399211,1.1960925984669546,,
8942,森鉅,2026/06,20038.0,548353.0,308329,15943223,5782197,1489314,4555539,13A,13A8,8291711.0,2026,0.43771803929220776,0.7975761201212441,9.905435653754145,16.584544406621543,0.0934136090299935,0.3626742848669933,0.2857351364902818,0.805812601379282,,
8996,高力,2026/06,187585.0,716693.0,924694,10262484,2518518,2536375,5131960,15Z,15Z,144928100.0,2026,-0.2902232894698288,-2.311034166434844,12.141992685903867,16.144005473667306,0.24715020262150958,0.24541017554814215,0.5000699635682745,14.62219673131768,,
9103,美德醫療-DR,2026/06,0.0,40369.0,-19771,4146769,629640,396371,883381,17G,17G9,1064656.0,2026,1.4897569917510962,0.3552450874748451,0.0,15.237840034759282,0.09558550283365193,0.15183869658522092,0.21302874599477328,0.6053234953580162,,
9105,泰金寶-DR,2026/06,0.0,1725061.0,-63159,90278793,16604838,6138291,64649702,23C,23C3,15709433.0,2026,1.036612618336395,0.8643247076616943,0.0,18.31841314030718,0.06799261261722894,0.18392844485636842,0.7161117229380769,0.8901219470224863,,
9802,鈺齊-KY,2026/06,204502.0,608517.0,-274010,22536781,11023759,1151463,8908670,99K,99K,14612118.0,2026,1.4502914462537613,-0.06455545905916646,12.228337924284041,16.930659243599905,0.051092611673335245,0.4891452332966274,0.3952946962567547,1.0436622692477688,,
9904,寶成,2026/06,2340854.0,4500487.0,-2854290,411034073,55683122,24973776,140288861,99K,99K,74701050.0,2026,1.634218030182067,-0.06455545905916646,14.666026805212566,19.83418667170067,0.0607584082208192,0.13547081776843353,0.34130713294904874,0.6053234953580162,,
9905,大華,2026/06,0.0,41751.0,-198663,13129990,1646238,624945,4286117,20B,20B,6496500.0,2026,5.758281238772724,-4.399302720874156,0.0,16.390409484664065,0.04759676130751052,0.12537998886518573,0.3264371869285506,0.8212205035952046,,
9906,欣巴巴,2026/06,0.0,6394.0,257833,8835076,10546,419535,7317212,25A,25A,3737048.0,2026,-39.32421019705974,10.140183271179907,0.0,15.994240265849474,0.047485160286114124,0.001193651305319841,0.8282002327993556,1.2511788240418078,,
9907,統一實,2026/06,0.0,700932.0,1839139,35523466,15361833,5349307,13755954,20B,20B,23924047.0,2026,-1.6238479624271684,-4.399302720874156,0.0,17.38570405015657,0.15058516531016428,0.432441839993879,0.3872356937242554,1.0607073363843493,,
9908,大台北,2026/06,0.0,227923.0,542009,23129662,5331740,2233713,6667867,99D,99D2,15361651.0,2026,-1.3780355646424451,-0.5377452610575324,0.0,16.956626421044213,0.09657352537187962,0.2305152578537464,0.28828207692788593,0.9524357943492646,,
9910,豐泰,2026/06,1415880.0,1066246.0,1135078,51844870,21697029,3770520,26483482,99K,99K,69123810.0,2026,-0.06455545905916646,-0.06455545905916646,14.163262510156258,17.76376654849717,0.07272696411428942,0.418499053040349,0.5108216492779324,1.8441032256421899,,
9911,櫻花,2026/06,51654.0,125047.0,585912,10558436,2690798,1417322,3921999,99B,99B,18413892.0,2026,-3.685534239126089,-2.3641251140379764,10.852342275283545,16.172435719213,0.13423597964698558,0.2548481612238782,0.3714564354038799,2.1154545048149176,,
9912,偉聯,2026/06,18170.0,186.0,-4094,808860,119108,97970,445468,23C,23C1,667033.0,2026,23.010752688172044,0.8643247076616943,9.807582195649056,13.603381127913165,0.12112108399475806,0.14725416017605025,0.5507356031946196,1.3753937640630023,,
9914,美利達,2026/06,0.0,19653.0,1970286,35770866,2095762,4656199,15806948,99Z,99Z1,23410447.0,2026,-99.2537017249275,-3.7872265601243815,0.0,17.392644321174174,0.13016735462876408,0.05858851725870992,0.4418944735640451,1.09635016943677,,
9917,中保科,2026/06,67658.0,630690.0,1510163,31571878,10630965,5839456,18425920,99I,99I,47601284.0,2026,-1.3944616213987855,-0.7677176145657643,11.122235662444218,17.26777734561951,0.18495751187179932,0.3367226048447292,0.5836181173638134,2.091329632022523,,
9918,欣天然,2026/06,0.0,169693.0,183324,6097407,3302522,810322,2720129,99D,99D2,7826279.0,2026,-0.08032741480202484,-0.5377452610575324,0.0,15.623374156803376,0.13289616389393066,0.5416272851722052,0.4461124212308609,1.7296545892376873,,
9919,康那香,2026/06,47768.0,41093.0,-160958,5677714,3124211,988925,3816511,14F,14F,2686241.0,2026,4.916920156717689,2.280747546460639,10.774132172524535,15.552059244897912,0.17417661403867823,0.5502586076015805,0.6721914841078646,1.1453116518373416,,
9921,巨大,2026/06,617841.0,756382.0,3620972,72983940,12173379,15479668,35724193,99Z,99Z1,30855516.0,2026,-3.7872265601243815,-3.7872265601243815,13.333988040321941,18.105749974909116,0.21209690789507937,0.16679531140686568,0.48948019249166325,0.9122515035499591,,
9924,福興,2026/06,99257.0,245367.0,575673,9037253,3704824,1594397,2117606,99B,99B,5955099.0,2026,-1.346171245522014,-2.3641251140379764,11.50547779983507,16.016865814508588,0.1764249601067935,0.40995023598431957,0.23431965443481553,0.8932697800980011,,
9925,新保,2026/06,44971.0,439068.0,500965,22237016,4423835,3897658,6447461,99I,99I,15712720.0,2026,-0.14097360773274298,-0.7677176145657643,10.713795352869651,16.917268845682827,0.17527792398044773,0.1989401365722811,0.2899427243295593,0.9965447252455095,,
9926,新海,2026/06,0.0,276601.0,583713,9729323,3808656,806685,5295924,99D,99D2,8804671.0,2026,-1.1103069041688207,-0.5377452610575324,0.0,16.090654873118666,0.08291275765024966,0.391461564180776,0.5443260543410883,1.4492884037255214,,
9927,泰銘,2026/06,0.0,33889.0,-262485,6745600,556450,1390909,1417800,20A,20A5,8256000.0,2026,8.74543362152911,-0.04400234055002926,0.0,15.72440099844907,0.20619500118595827,0.08249080882352941,0.21018145161290322,1.4340903700189753,,
9928,中視,2026/06,0.0,7969.0,-3907,5269930,2356616,114809,3185564,99H,99H,1315485.0,2026,1.4902748149077676,-0.44850575078854305,0.0,15.47752763769688,0.021785678367644352,0.44718165136918325,0.6044793763864036,0.8541003390936881,,
9930,中聯資源,2026/06,15139.0,209249.0,1200580,11285524,4401138,573557,4876509,11C,11C,16478202.0,2026,-4.737566248823172,-5.320343774838351,9.625095526991439,16.239031400474346,0.050822363232757295,0.3899808285375141,0.4321030197623079,1.8922214865698748,,
9931,欣高,2026/06,0.0,163578.0,368039,7640402,3332797,481800,3644332,99D,99D2,4026343.0,2026,-1.2499296971475382,-0.5377452610575324,0.0,15.848960777559482,0.06305950917242313,0.43620702156771335,0.4769817085540787,1.0039622260713508,,
9933,中鼎,2026/06,115882.0,424353.0,13488660,143517071,16171357,40861713,114105136,25C,25C,39524688.0,2026,-30.78641366975136,-24.029258640696145,11.660336340398711,18.781964547761046,0.28471674286050613,0.11267897879549116,0.7950631601170288,1.0704637638542664,,
9934,成霖,2026/06,75889.0,59805.0,456530,16658873,2598574,1583057,10178120,99B,99B,4151272.0,2026,-6.63364267201739,-2.3641251140379764,11.237040202397958,16.62845354535598,0.09502785692645595,0.15598738281995428,0.6109729031489706,0.8601657507083462,,
9935,慶豐富,2026/06,40829.0,78571.0,280292,9094673,2256859,651115,6409993,99B,99B,3396725.0,2026,-2.5673721856664673,-2.3641251140379764,10.617172384313621,16.023199415467225,0.0715930083467542,0.24815174773188656,0.7048074185844835,1.0782925345419236,,
9937,全國,2026/06,0.0,27836.0,1254531,12946486,6337247,1372356,7406635,99D,99D1,17090078.0,2026,-44.068652105187525,-0.5377452610575324,0.0,16.37633495793603,0.10600220013368879,0.48949552797569934,0.5720961657085946,1.892151507366555,,
9938,百和,2026/06,284005.0,1440914.0,487243,35791804,17590930,4186107,19088550,14Z,14Z,13214703.0,2026,0.661851435963562,-0.5719390147236393,12.55675064368074,17.393229486613013,0.11695713912604126,0.49147927832863636,0.5333218185928823,0.9025321271875539,,
9939,宏全,2026/06,179342.0,2078934.0,966362,49292815,24222529,3844457,29112314,13B,13B,38008501.0,2026,0.5351646565018419,0.9614354201917654,12.097055452368803,17.713288888026646,0.07799223882831606,0.49140080557379406,0.5905995427528332,1.361675428761778,,
9940,信義,2026/06,0.0,1032105.0,701731,31640881,6705588,4603150,18243233,25D,25D,14110620.0,2026,0.3200972769243439,0.3200972769243439,0.0,17.26996054497671,0.14548109453715907,0.2119279801343079,0.5765715878770885,1.0225332537358869,,
9941,裕融,2026/06,0.0,173442.0,1978795,289665250,40848063,7065414,248906182,28K,28K,46050880.0,2026,-10.408972451885933,-7.3522086171590955,0.0,19.484236503870655,0.02439165208805682,0.1410181683857487,0.8592890655679272,1.0182687153533259,,
9942,茂順,2026/06,34658.0,748473.0,469318,6450396,2698683,352281,2271351,15D,15D,9771418.0,2026,0.37296602549457364,0.030322615797322407,10.453312711151128,15.679652082236176,0.05461385626556881,0.41837477885078683,0.3521258229727291,1.866981345021298,,
9943,好樂迪,2026/06,0.0,37802.0,232052,5744341,1099505,618216,2022554,27B,27B,7147321.0,2026,-5.138617004391302,-5.138617004391302,0.0,15.563725754243354,0.10762174460046853,0.19140663828975335,0.3520950444968361,1.596331937814973,,
9944,新麗,2026/06,39789.0,123931.0,178332,5906210,2124191,1833645,2339956,14F,14F,1869276.0,2026,-0.4389620030500843,2.280747546460639,10.591370903420975,15.591514897714484,0.3104605152881459,0.35965382199413837,0.39618570961750427,0.7126790276674889,,
9945,潤泰新,2026/06,56907.0,271420.0,3128038,256504567,7599994,5174569,89006618,25A,25A,76225230.0,2026,-10.524714464667305,10.140183271179907,10.949191207771058,19.362657027484815,0.020173399095853136,0.029629078690049212,0.3469981803481885,0.6441672751970923,,
9946,三發地產,2026/06,0.0,312.0,1555735,17208885,75368,2209909,10045875,25A,25A,6384131.0,2026,-4985.330128205128,10.140183271179907,0.0,16.660936378174892,0.12841674518715188,0.004379598097145747,0.5837609467434991,0.9547397173030094,,
9949,琉園,2026/06,2027.0,179.0,-22162,549932,73952,141679,50446,18,18,1161900.0,2026,124.81005586592178,1.78027219241344,7.614805364711073,13.217549913201411,0.25763003425878106,0.13447480779441823,0.09173134132947346,2.2045380156092027,,
9950,萬國通,2026/06,13820.0,9028.0,137278,4120608,2401904,538189,2704288,99K,99K,1744246.0,2026,-14.205804164820558,-0.06455545905916646,9.533944453604027,15.231511283253447,0.1306091237021333,0.5829003875156288,0.6562837328860207,1.0795819451886712,,
9951,皇田,2026/06,114234.0,54378.0,142882,6398088,1378136,1425230,2587083,15D,15D,3921550.0,2026,-1.6275699731509066,0.030322615797322407,11.646013009108584,15.67150975369523,0.22275873667258092,0.2153981001824295,0.4043525190650707,1.017277817998127,,
9955,佳龍,2026/06,8636.0,18751.0,-42991,3007228,1847526,79061,1662701,99L,99L1,2756820.0,2026,3.2927310543437684,-0.6044886985805259,9.063810579280286,14.916529282175723,0.026290324511477014,0.614361797642214,0.5529015425501492,1.4696328312984583,,
9958,世紀鋼,2026/06,0.0,11900119.0,1899107,58137884,29143731,13167790,32804110,20A,20A2,29010398.0,2026,0.8404127723428648,-0.04400234055002926,0.0,17.878328057523852,0.22649241929754443,0.5012864073277934,0.5642467138982905,1.0632397285047388,,
9960,邁達康,2026/06,0.0,841.0,27654,1105610,6075,138475,399102,29A,29A9,1116967.0,2026,-31.882282996432817,-3.3184315681370937,0.0,13.915907776817155,0.12524760087191686,0.00549470428089471,0.36097900706397373,1.3712511645155163,,
9962,有益,2026/06,0.0,8002.0,196314,1500611,398773,146889,425683,20A,20A6,867916.0,2026,-23.533116720819795,-0.04400234055002926,0.0,14.221382916468071,0.09788612771730981,0.26574042173488,0.28367311715028076,0.8620481923696415,,
