代號,名稱,年/月,  研究發展費,  購置不動產廠房設備（含預付）－CFI,來自營運之現金流量,資產總額,  不動產廠房及設備,  現金及約當現金,負債總額,TEJ主產業代碼,TEJ子產業代碼,季底普通股市值
1101,台泥,2026/06,"545,368","-13,931,211","7,903,379","596,016,531","218,548,953","93,299,014","296,694,465",11A,11A,"180,932,527"
1102,亞泥,2026/06,0,"-2,114,818","3,028,658","337,268,044","41,407,219","16,216,993","128,904,760",11A,11A,"124,129,705"
1103,嘉泥,2026/06,0,"-87,628","-324,485","33,873,036","3,425,202","1,801,271","15,082,436",11A,11A,"11,160,525"
1104,環泥,2026/06,"79,374","-210,836","752,168","31,740,961","7,439,635","1,160,917","6,342,409",11A,11A,"18,403,078"
1108,幸福,2026/06,0,"-48,765","149,111","10,277,215","3,844,495","336,952","4,809,287",11A,11A,"5,585,384"
1109,信大,2026/06,0,"-173,731","139,410","11,498,534","2,583,577","2,012,012","1,319,710",11A,11A,"4,963,863"
1110,東泥,2026/06,"3,620","-58,883","402,552","13,366,409","1,164,743","601,405","3,689,682",11A,11A,"8,951,816"
1201,味全,2026/06,"143,744","-558,727","256,095","19,047,444","9,157,879","1,263,989","11,082,256",12C,12C,"6,224,575"
1203,味王,2026/06,"4,023","-50,908","496,918","10,712,429","2,535,418","2,254,872","3,356,196",12Z,12Z,"10,440,000"
1210,大成,2026/06,"111,007","-2,298,167","2,726,228","78,585,270","32,539,602","8,133,442","43,834,881",12B,12B,"49,659,569"
1213,大飲,2026/06,0,"-30,796","4,784","740,449","172,329","17,707","118,772",12C,12C,"463,742"
1215,卜蜂,2026/06,0,"-1,029,711","1,251,944","32,784,769","18,004,006","251,021","21,421,630",12B,12B,"33,458,665"
1216,統一,2026/06,"542,270","-16,143,867","30,750,026","762,860,615","206,862,285","111,954,151","551,120,224",12C,12C,"423,310,118"
1217,愛之味,2026/06,"22,196","-89,552","102,130","15,700,133","2,081,298","552,580","7,240,174",12A,12A,"4,856,118"
1218,泰山,2026/06,"10,621","-35,821","356,968","14,344,134","1,216,138","927,695","2,814,738",12B,12B,"8,924,982"
1219,福壽,2026/06,"24,257","-155,856","-220,394","9,637,800","3,994,238","832,111","5,628,012",12B,12B,"4,265,475"
1220,台榮,2026/06,0,"-49,226","10,149","3,480,202","1,170,647","269,289","991,872",12B,12B,"2,036,397"
1225,福懋油,2026/06,"19,988","-26,242","183,315","8,590,942","2,863,593","1,653,037","4,318,673",12B,12B,"7,062,112"
1227,佳格,2026/06,"86,012","-322,693","180,710","31,014,453","5,160,275","2,060,251","12,431,323",12Z,12Z,"26,857,892"
1229,聯華,2026/06,"43,679","-112,129","1,287,962","111,355,653","4,450,931","5,964,728","22,368,830",12B,12B,"77,136,525"
1231,聯華食,2026/06,"68,709","-823,272","274,492","16,317,886","8,576,901","628,538","8,798,733",12Z,12Z,"25,995,343"
1232,大統益,2026/06,"4,980","-165,312","696,778","10,715,479","1,308,669","3,172,462","4,974,265",12B,12B,"22,636,463"
1233,天仁,2026/06,"3,110","-25,065","148,645","2,198,756","885,255","186,635","791,202",12Z,12Z,"2,545,635"
1234,黑松,2026/06,"27,537","-86,785","430,475","24,359,164","6,132,497","1,282,802","5,923,049",12C,12C,"13,442,585"
1235,興泰,2026/06,0,-126,"-3,370","5,137,050","190,711","56,603","2,273,605",12B,12B,"6,864,239"
1236,宏亞,2026/06,"10,310","-15,618","97,110","3,575,495","2,172,977","65,152","963,253",12Z,12Z,"2,231,856"
1240,茂生農經,2026/06,"3,421","-10,957","25,464","2,315,123","407,134","128,626","753,544",12B,12B,"2,543,340"
1259,安心,2026/06,0,"-213,879","439,646","7,179,432","2,164,282","784,605","4,365,952",27A,27A2,"1,846,230"
1264,德麥,2026/06,"37,778","-191,219","386,806","6,185,771","2,450,482","758,277","1,785,139",12Z,12Z,"9,985,514"
1268,漢來美食,2026/06,"15,268","-503,125","515,879","7,503,998","2,491,886","824,180","5,102,764",27A,27A2,"7,135,856"
1294,漢田生技,2026/06,"7,435","-23,927","79,888","1,227,050","538,708","264,054","404,762",17C,17C2,"2,412,131"
1295,生合,2026/06,"59,960","-113,347","93,153","3,226,020","2,042,683","305,469","1,915,344",17C,17C2,"1,804,800"
1301,台塑,2026/06,"565,433","-6,422,038","-4,083,686","780,961,318","127,124,818","10,990,533","206,699,163",13A,13A1,"346,932,885"
1303,南亞,2026/06,0,"-7,776,074","3,278,205","723,033,450","210,088,042","41,946,162","225,379,100",13A,13A1,"1,320,481,863"
1304,台聚,2026/06,"247,198","-2,072,906","-538,301","64,724,193","28,976,816","4,713,272","29,815,460",13A,13A1,"16,107,752"
1305,華夏,2026/06,"17,295","-1,196,924","242,286","18,746,179","11,503,540","969,419","10,549,958",13A,13A1,"7,611,755"
1307,三芳,2026/06,"209,573","-372,407","-149,507","18,690,205","5,873,826","3,581,708","8,731,367",13A,13A6,"13,645,157"
1308,亞聚,2026/06,0,"-51,870","375,052","12,349,925","3,463,814","776,990","1,582,686",13A,13A1,"8,371,790"
1309,台達化,2026/06,"7,838","-66,091","-1,101,560","8,403,918","1,861,030","338,980","3,026,099",13A,13A1,"5,844,529"
1310,台苯,2026/06,129,"-2,681","-326,302","8,028,070","2,843,524","1,016,314","1,630,911",13A,13A1,"5,569,029"
1312,國喬,2026/06,"20,587","-654,600","47,405","67,696,922","28,238,239","7,715,609","34,394,297",13A,13A1,"21,243,342"
1313,聯成,2026/06,0,"-178,171","-327,364","54,674,012","14,289,887","3,014,132","24,554,567",13A,13A7,"16,569,033"
1314,中石化,2026/06,"73,415","-67,458","348,987","124,897,130","23,727,787","2,243,908","49,484,140",13A,13A5,"31,641,346"
1315,達新,2026/06,0,"-47,183","44,793","14,208,685","2,181,959","1,841,400","672,283",13A,13A8,"6,193,688"
1316,上曜,2026/06,"55,675","-226,569","-1,025,962","28,369,248","4,872,195","2,925,693","13,446,411",25A,25A,"4,197,201"
1319,東陽,2026/06,"435,621","-1,711,137","4,436,563","39,358,743","18,627,016","5,265,545","11,729,184",15D,15D,"45,780,320"
1321,大洋,2026/06,"7,642","-56,775","148,212","12,095,658","3,127,434","580,998","6,024,622",13A,13A8,"7,032,707"
1323,永裕,2026/06,"21,534","-38,907","71,869","4,600,549","1,626,218","846,891","1,951,650",13A,13A8,"1,798,118"
1324,地球,2026/06,"5,748","-1,898","25,341","1,118,240","369,818","240,814","221,898",13A,13A9,"777,513"
1325,恆大,2026/06,"4,349","-19,156","-24,534","2,737,736","987,410","353,052","86,229",14F,14F,"2,063,800"
1326,台化,2026/06,0,"-4,945,861","-446,000","728,084,007","148,860,332","18,436,040","169,858,981",13A,13A1,"320,020,756"
1336,台翰,2026/06,0,"-59,755","-89,417","3,394,705","1,570,568","341,190","1,495,512",23D,23D9A,"1,148,687"
1337,再生-KY,2026/06,"10,761","-425,123","-80,018","6,360,496","2,050,478","1,056,116","2,777,300",13B,13B,"1,344,775"
1339,昭輝,2026/06,"36,017","-123,266","222,008","5,185,089","2,957,667","670,352","961,016",15D,15D,"3,261,456"
1340,勝悅-KY,2026/06,0,"-84,264","-2,089","3,089,398","96,205","536,499","419,535",13B,13B,"810,492"
1342,八貫,2026/06,"37,714","-116,873","179,323","3,820,724","1,324,668","178,505","1,570,073",13B,13B,"8,775,113"
1402,遠東新,2026/06,"620,104","-5,758,396","15,841,786","689,718,981","172,380,461","43,642,625","375,168,587",14A,14A1,"152,556,938"
1409,新纖,2026/06,"286,095","-872,229","-1,696,647","253,988,650","21,302,488","9,928,442","194,568,582",14A,14A1,"42,159,554"
1410,南染,2026/06,"1,731","-1,911","7,132","1,317,581","103,782","499,236","233,253",14E,14E,"1,537,600"
1413,宏洲,2026/06,,"-5,195","124,238","2,575,678","1,030,808","51,999","1,420,507",14A,14A2,"1,235,247"
1414,東和,2026/06,"4,913","-13,640","137,926","4,202,821","1,428,696","134,414","1,220,198",14B,14B1,"3,643,200"
1416,廣豐,2026/06,0,"-7,709","161,042","6,425,563","24,522","227,695","1,887,066",23X,23X9,"2,010,961"
1417,嘉裕,2026/06,"1,864","-5,359","14,488","2,759,946","345,707","732,204","395,426",14C,14C1,"1,620,205"
1418,東華,2026/06,0,"-7,073","-113,070","5,520,919","707,043","691,754","4,380,949",14B,14B2,"1,011,645"
1419,新紡,2026/06,"24,529","-127,465","-181,609","27,743,736","553,946","1,677,670","4,956,677",14C,14C2,"19,502,665"
1423,利華,2026/06,0,"-3,643","13,130","3,991,365","368,505","229,183","575,576",14D,14D2,"3,706,906"
1432,大魯閣,2026/06,0,"-112,367","-435,774","3,716,605","715,150","596,562","2,207,552",29A,29A1,"1,647,000"
1434,福懋,2026/06,0,"-385,688","941,944","64,311,999","9,311,891","3,861,496","15,652,669",14C,14C2,"28,555,072"
1435,中福,2026/06,0,-236,"-69,110","1,103,241","43,592","16,502","185,513",25F,25F,"3,822,983"
1436,華友聯,2026/06,0,0,"661,249","20,960,297","13,431","2,030,943","14,677,875",25A,25A,"8,707,717"
1437,勤益控,2026/06,0,-419,"21,533","14,109,816","111,307","531,737","5,532,880",25F,25F,"6,096,504"
1438,三地開發,2026/06,0,0,"-557,387","14,705,792","31,107","78,022","11,564,181",25A,25A,"2,557,738"
1439,雋揚,2026/06,0,0,"-171,824","6,278,609","694,244","695,413","2,791,169",25A,25A,"2,226,400"
1440,南紡,2026/06,"16,255","-41,059","266,972","46,228,660","19,204,575","3,848,462","17,247,024",14A,14A1,"22,118,494"
1441,大東,2026/06,"1,777",-730,"-22,693","1,289,228","395,224","92,182","925,721",14B,14B1,"645,696"
1442,名軒,2026/06,0,0,"-413,496","15,004,838","424,441","583,840","7,617,586",25A,25A,"9,851,076"
1443,立益物流,2026/06,0,"-152,236","213,383","7,994,464","5,708,229","124,842","6,062,967",26C,26C,"3,579,822"
1444,力麗,2026/06,"29,551","-251,946","317,396","20,499,256","7,882,628","545,946","9,211,431",14A,14A2,"8,920,531"
1445,大宇,2026/06,"7,598","-4,009","-14,570","4,419,354","560,590","232,451","2,285,789",14C,14C2,"1,489,592"
1446,宏和,2026/06,0,-504,"145,035","3,151,528","1,145","1,317,038","479,329",25A,25A,"2,327,299"
1447,力鵬,2026/06,"68,069","-194,717","296,492","17,307,365","4,217,247","1,135,801","8,236,642",14A,14A7,"6,843,734"
1449,佳和,2026/06,"34,472","-178,619","-200,392","8,469,832","2,380,265","472,780","5,351,904",14C,14C2,"1,811,389"
1451,年興,2026/06,0,"-16,462","-23,489","8,872,230","851,189","1,179,143","1,477,100",14C,14C1,"3,385,800"
1452,宏益,2026/06,"3,697","-5,334","90,023","2,909,146","411,054","529,101","186,865",14A,14A2,"1,452,419"
1453,大將,2026/06,0,0,"-118,174","3,121,656","97,216","11,670","1,605,337",25A,25A,"1,273,984"
1454,台富,2026/06,"5,986","-20,568","7,127","1,944,474","708,178","122,658","639,849",14C,14C2,"1,655,384"
1455,集盛,2026/06,"24,614","-80,894","22,351","9,985,826","3,932,056","470,871","3,779,648",14A,14A7,"5,316,880"
1456,怡華,2026/06,0,0,"-175,566","13,514,028","44,125","86,887","11,677,667",25A,25A,"1,349,568"
1457,宜進,2026/06,0,"-8,855","731,081","16,779,495","2,779,920","310,820","8,066,015",14A,14A2,"4,450,057"
1459,聯發,2026/06,0,-94,"112,526","5,226,931","861,939","1,297,465","2,117,298",14A,14A2,"4,213,891"
1460,宏遠,2026/06,"84,303","-274,850","361,216","10,782,387","4,771,819","583,601","5,147,123",14C,14C2,"4,938,912"
1463,強盛新,2026/06,"1,110","-4,703","-15,226","3,168,234","22,890","828,325","492,276",14E,14E,"3,014,863"
1464,得力,2026/06,"133,636","-153,520","645,586","17,423,204","6,571,843","1,660,335","11,335,537",14C,14C2,"4,362,154"
1465,偉全,2026/06,"2,518",0,"-8,236","1,726,748","350,764","267,709","166,203",14C,14C2,"1,305,448"
1466,聚隆,2026/06,"19,385","-171,212","82,500","3,639,931","1,827,338","501,528","1,982,401",14A,14A7,"1,645,124"
1467,南緯,2026/06,"44,276","-189,429","-105,041","9,138,111","2,007,616","1,711,144","6,125,760",14C,14C1,"1,705,463"
1468,昶和,2026/06,"2,308",-303,"-10,001","3,252,694","669,509","477,894","1,717,558",14C,14C2,"1,924,860"
1470,大統新創,2026/06,0,"-23,998","58,900","1,206,229","363,222","268,270","198,013",14E,14E,"1,826,837"
1471,首利,2026/06,"3,394","-5,399","-128,738","1,691,326","63,735","999,231","124,551",23D,23D3,"1,624,482"
1472,三洋實業,2026/06,0,"-2,613","-60,814","5,221,914","30,496","1,420,082","2,971,630",25B,25B,"4,660,934"
1473,台南,2026/06,"31,990","-115,905","-94,543","5,908,406","1,014,725","664,359","2,048,915",14C,14C1,"2,879,234"
1474,弘裕,2026/06,"22,375","-60,827","240,808","3,771,733","1,466,907","748,299","1,572,792",14C,14C2,"1,318,455"
1475,業旺,2026/06,"1,521","-1,498","86,163","2,158,745","314,994","1,055,063","633,983",14C,14C2,"1,772,556"
1476,儒鴻,2026/06,"107,247","-147,742","3,150,337","38,183,027","12,140,654","6,201,035","9,164,345",14C,14C1,"85,739,688"
1477,聚陽,2026/06,0,"-208,630","2,239,617","23,966,704","5,960,397","2,254,901","10,077,182",14C,14C1,"54,025,986"
1503,士電,2026/06,"293,791","-930,084","546,592","63,986,932","8,346,866","4,203,088","24,391,428",15B,15B1,"124,772,794"
1504,東元,2026/06,"645,718","-899,538","3,669,127","156,487,425","21,024,639","28,472,156","52,930,415",15B,15B1,"166,588,514"
1506,正道,2026/06,"7,249","-43,357","-31,863","3,314,130","1,289,693","74,655","433,864",15D,15D,"3,000,886"
1512,瑞利,2026/06,"4,042","-4,670","-33,010","2,733,800","137,012","107,548","2,062,500",15D,15D,"665,681"
1513,中興電,2026/06,"122,388","-283,642","1,865,669","48,474,236","12,143,266","2,676,136","27,293,370",15B,15B1,"89,051,001"
1514,亞力,2026/06,"72,404","-52,334","80,860","14,019,692","1,739,707","1,240,378","7,649,178",15B,15B1,"33,592,284"
1515,力山,2026/06,"103,971","-311,309","-177,293","8,141,920","3,200,472","1,738,479","4,215,875",15C,15C3,"5,852,537"
1516,川飛,2026/06,0,0,"-3,917","204,002","42,996","91,217","2,568",99Z,99ZC,"772,154"
1517,利奇,2026/06,"36,838","-11,056","1,836","4,362,168","933,725","801,785","923,889",15E,15E,"2,299,000"
1519,華城,2026/06,"263,070","-878,171","3,496,632","33,088,218","3,920,054","7,162,332","23,690,722",15B,15B1,"245,123,656"
1521,大億,2026/06,"72,896","-35,933","89,732","3,125,045","818,566","331,088","1,244,855",15D,15D,"1,951,488"
1522,堤維西,2026/06,"561,943","-998,942","703,232","38,859,182","13,545,422","2,412,050","28,880,664",15D,15D,"9,527,744"
1524,耿鼎,2026/06,"2,753","-237,622","315,442","5,272,577","3,191,328","303,594","2,305,110",15D,15D,"4,785,725"
1525,江申,2026/06,"23,732","-67,202","-104,418","5,927,106","580,337","2,067,824","939,019",15D,15D,"4,947,160"
1526,日馳,2026/06,"11,631","-8,406","36,127","2,286,798","582,708","471,509","969,670",15E,15E,"855,000"
1527,鑽全,2026/06,"86,719","-49,650","165,544","5,746,205","928,663","449,713","922,664",15A,15A1,"4,600,557"
1528,恩德,2026/06,"38,371","-62,568","-49,027","5,506,038","1,175,750","555,057","3,335,675",15A,15A1,"4,505,845"
1529,樂事綠能,2026/06,"2,722","-24,007","67,271","3,231,091","1,813,560","309,232","1,342,964",15B,15B1,"3,505,147"
1530,亞崴,2026/06,"21,528","-25,806","-15,346","5,783,162","1,882,155","998,470","2,457,337",15A,15A1,"2,672,281"
1531,高林股,2026/06,"32,581","-62,309","216,847","4,656,765","209,496","729,256","1,178,972",15A,15A3,"2,349,193"
1532,勤美,2026/06,"17,556","-250,025","187,781","55,040,108","13,727,513","5,585,644","35,692,677",15A,15A2,"9,593,111"
1533,車王電,2026/06,"116,466","-25,937","-526,764","10,253,297","2,167,019","627,009","7,192,060",15D,15D,"3,547,692"
1535,中宇,2026/06,"7,963","-44,365","92,831","7,507,591","920,485","1,508,522","3,774,783",15B,15B2,"6,224,273"
1536,和大,2026/06,"44,289","-122,006","315,609","21,128,404","13,101,049","729,652","13,555,319",15D,15D,"13,306,392"
1537,廣隆,2026/06,"22,726","-89,253","278,007","6,242,084","678,576","2,295,194","2,013,606",23D,23D7,"10,298,907"
1538,正峰,2026/06,"3,221","-1,958","-34,083","245,756","76,834","14,655","127,608",15A,15A1,"361,760"
1539,巨庭,2026/06,"10,522","-14,358","78,701","2,246,430","1,111,975","589,691","636,028",15A,15A1,"1,023,041"
1540,喬福,2026/06,"6,394",-110,"77,906","1,638,851","284,482","38,567","224,440",15A,15A1,"1,854,786"
1541,錩泰,2026/06,"16,516",-225,"457,904","3,134,180","546,023","533,292","968,506",15A,15A1,"1,690,260"
1558,伸興,2026/06,"180,442","-110,797","314,289","14,184,392","3,573,458","2,073,817","5,494,084",15A,15A3,"5,840,508"
1560,中砂,2026/06,"104,503","-850,949","1,256,630","14,894,528","5,788,164","2,323,684","5,457,971",23G,23G3C,"114,520,218"
1563,巧新,2026/06,"82,155","-1,611,373","746,515","19,750,027","8,549,250","3,497,671","11,424,264",15D,15D,"14,010,257"
1565,精華,2026/06,"41,234","-21,602","131,638","7,727,270","3,225,131","2,308,512","1,316,772",17G,17G4,"4,920,699"
1568,倉佑,2026/06,"21,188","-134,178","104,049","2,576,895","1,316,173","468,869","434,485",15D,15D,"3,855,454"
1569,濱川,2026/06,"115,567","-234,181","-390,278","6,993,017","2,569,483","835,332","3,846,883",23D,23D4,"6,620,937"
1570,力肯,2026/06,"8,154","-1,958","53,892","1,194,871","169,073","444,941","157,762",15A,15A1,"2,060,040"
1580,新麥,2026/06,"78,825","-116,745","122,893","4,762,871","1,479,282","1,016,830","1,475,365",15H,15H,"6,019,358"
1582,信錦,2026/06,"76,035","-329,247","-375,906","13,316,100","2,431,673","4,068,583","5,729,230",23D,23D9A,"12,032,035"
1583,程泰,2026/06,"66,815","-112,103","49,694","14,168,159","3,682,823","1,921,196","6,926,079",15A,15A1,"5,470,000"
1584,精剛,2026/06,"12,190","-564,330","283,999","7,679,214","3,763,601","485,399","2,949,386",20A,20A6,"4,428,573"
1586,和勤,2026/06,"46,013","-10,343","70,104","3,706,309","1,582,923","436,739","1,697,722",23D,23D9A,"2,590,833"
1587,吉茂,2026/06,"22,618","-29,312","185,251","3,618,071","1,229,255","571,256","2,000,524",15D,15D,"2,177,523"
1590,亞德客-KY,2026/06,"665,077","-1,649,365","5,954,216","66,030,556","29,751,078","8,695,538","11,207,748",15A,15A2,"267,000,000"
1593,祺驊,2026/06,"6,597","-5,572","47,653","1,885,555","236,987","484,862","416,746",15C,15C3,"1,219,410"
1595,川寶,2026/06,"42,490","-79,092","20,927","3,997,373","1,020,721","940,818","1,304,069",23H,23H2,"4,555,510"
1597,直得,2026/06,"47,449","-23,756","200,673","4,289,116","1,959,001","951,524","1,819,149",15A,15A2,"12,585,942"
1598,岱宇,2026/06,"73,357","-64,679","438,588","9,660,434","3,310,491","834,887","5,201,931",15C,15C3,"3,394,741"
1599,宏佳騰,2026/06,"74,330","-20,122","97,845","2,660,226","1,041,657","466,473","779,068",22A,22A,"1,730,787"
1603,華電,2026/06,0,"-130,148","255,765","12,571,204","3,360,374","318,051","4,391,225",16,16,"6,095,678"
1604,聲寶,2026/06,"51,125","-768,284","128,832","20,535,127","9,103,829","1,108,821","11,041,158",15C,15C1,"8,990,280"
1605,華新,2026/06,"232,073","-3,400,089","-2,034,710","350,393,718","91,459,257","17,651,221","135,926,898",16,16,"164,845,588"
1608,華榮,2026/06,,"-186,417","-315,661","20,012,145","3,390,351","526,493","7,484,018",16,16,"21,292,845"
1609,大亞,2026/06,"45,814","-663,114","1,222,191","67,156,692","20,667,718","8,193,131","45,870,254",16,16,"29,839,956"
1611,中電,2026/06,0,"-1,717","65,711","5,067,039","627,027","436,962","1,025,723",15C,15C4,"4,340,799"
1612,宏泰,2026/06,0,"-36,036","-244,313","11,392,687","1,363,632","1,286,289","2,027,876",16,16,"11,726,568"
1614,三洋電,2026/06,"34,030","-227,652","-15,703","7,463,501","2,279,576","81,154","1,762,141",15C,15C1,"8,638,527"
1615,大山,2026/06,"6,256","-71,752","529,012","6,615,957","1,474,768","95,288","1,919,360",16,16,"8,771,214"
1616,億泰,2026/06,"3,263","-51,705","-101,552","4,477,549","885,225","578,206","2,420,178",16,16,"4,387,767"
1617,榮星,2026/06,"8,609","-23,159","-161,466","3,370,205","990,043","499,027","1,038,295",16,16,"3,525,912"
1618,合機,2026/06,"6,004","-45,344","607,145","9,029,357","1,489,115","575,388","2,239,188",16,16,"7,929,276"
1623,大東電,2026/06,"9,676","-21,312","-211,391","7,934,138","1,023,054","607,760","3,831,832",16,16,"14,586,000"
1626,艾美特-KY,2026/06,"82,130","-108,049","-116,757","9,972,805","2,420,719","835,960","7,265,196",15C,15C1,"1,775,391"
1702,南僑,2026/06,"299,533","-1,070,939","553,086","33,578,078","15,318,543","4,488,977","17,955,075",12B,12B,"9,265,190"
1707,葡萄王,2026/06,"124,174","-249,928","658,769","15,002,187","7,736,587","3,539,231","3,398,386",17C,17C2,"13,643,418"
1708,東鹼,2026/06,0,"-168,461","536,828","12,575,368","8,644,483","1,616,568","4,956,977",17Z,17Z,"13,271,807"
1709,和益,2026/06,"37,823","-55,408","452,380","12,341,233","3,142,040","455,693","3,089,311",17E,17E1,"10,470,501"
1710,東聯,2026/06,"126,743","-555,660","-1,338,893","35,442,958","15,454,295","1,368,314","22,204,483",13A,13A5,"14,835,525"
1711,永光,2026/06,"185,749","-378,075","377,058","14,025,892","4,967,893","1,328,467","4,854,654",17B,17B,"24,594,065"
1712,興農,2026/06,"105,512","-183,198","45,825","15,870,526","5,867,986","1,767,598","7,591,962",17C,17C3,"16,483,326"
1713,國化,2026/06,0,"-1,579","-32,610","4,290,247","309,595","127,235","611,734",17B,17B,"7,472,124"
1714,和桐,2026/06,"43,528","-161,339","1,051,380","27,205,900","4,694,247","6,750,582","8,053,506",17E,17E1,"19,489,361"
1717,長興,2026/06,"980,288","-1,170,814","2,369,005","67,006,416","22,084,724","9,886,139","34,691,769",17F,17F,"87,634,130"
1718,中纖,2026/06,,"-496,961","-12,971,179","1,047,215,051","30,288,995","18,134,399","950,014,177",13A,13A5,"22,675,436"
1720,生達,2026/06,"136,308","-260,539","611,467","12,315,901","4,349,577","2,014,373","2,992,269",17C,17C1B,"11,311,457"
1721,三晃,2026/06,"20,102","-41,867","-102,121","2,812,463","1,250,284","308,188","1,203,426",17F,17F,"4,307,797"
1722,台肥,2026/06,"14,682","-154,848","297,095","83,163,033","12,137,277","2,706,643","30,210,343",17C,17C3,"46,501,000"
1723,中碳,2026/06,"139,416","-351,896","524,288","11,796,688","4,680,446","809,634","3,782,180",17Z,17Z,"19,497,199"
1725,元禎,2026/06,0,"-10,812","156,736","11,023,811","861,681","822,583","2,425,243",17Z,17Z,"6,318,593"
1726,永記,2026/06,"141,346","-54,657","395,558","12,929,458","3,138,587","2,351,451","2,345,848",17B,17B,"12,668,400"
1727,中華化,2026/06,"9,075","-261,289","37,786","3,802,242","2,393,137","170,335","1,642,711",17Z,17Z,"11,496,196"
1730,花仙子,2026/06,"22,315","-575,851","134,743","3,299,381","1,147,017","942,332","1,131,590",17E,17E2,"3,383,019"
1731,美吾華,2026/06,0,"-5,308","77,286","3,481,551","1,216,556","210,491","1,288,566",17C,17C1C,"2,757,986"
1732,毛寶,2026/06,"1,618","-1,214","21,862","706,542","194,691","209,872","201,799",17E,17E2,"1,122,644"
1733,五鼎,2026/06,"87,077","-12,628","189,381","2,550,654","537,960","737,658","690,927",17G,17G3,"2,928,535"
1734,杏輝,2026/06,"74,173","-148,067","194,445","6,844,162","3,210,786","1,476,846","3,123,119",17C,17C1B,"6,209,932"
1735,日勝化,2026/06,"30,267","-12,331","28,573","3,100,370","1,230,775","438,020","1,558,832",17F,17F,"2,181,567"
1736,喬山,2026/06,"656,732","-592,068","3,238,387","47,072,497","6,148,210","3,373,815","33,350,541",15C,15C3,"38,076,073"
1737,臺鹽,2026/06,"24,920","-82,420","281,404","8,378,629","4,055,840","1,569,373","1,669,438",12Z,12Z,"6,380,000"
1742,台蠟,2026/06,0,-358,"-11,207","1,446,912","525,495","285,968","174,601",17Z,17Z,"1,417,866"
1752,南光,2026/06,"82,753","-122,575","120,790","3,941,061","2,124,901","363,555","1,529,210",17C,17C1B,"3,383,098"
1760,寶齡富錦,2026/06,"78,010","-82,829","140,483","3,223,091","1,654,838","471,422","1,348,727",17C,17C1C,"5,221,505"
1762,中化生,2026/06,"84,394","-16,862","199,509","4,359,295","1,981,338","329,956","1,156,203",17C,17C1A,"2,853,658"
1773,勝一,2026/06,"175,818","-1,025,166","1,172,483","18,670,756","11,583,011","374,172","7,082,545",17Z,17Z,"51,000,000"
1776,展宇,2026/06,"11,021","-9,651","2,976","1,459,727","268,326","382,160","510,745",17F,17F,"1,229,188"
1777,生泰,2026/06,"21,208","-27,656","82,860","3,164,752","1,294,137","1,113,053","587,805",17C,17C1A,"3,174,950"
1780,立弘,2026/06,"13,877","-19,908","116,847","2,557,239","558,836","1,162,597","1,041,385",17C,17C2,"2,765,051"
1781,合世,2026/06,"10,151","-4,235","-23,258","655,773","113,300","222,113","352,541",17G,17G1,"559,414"
1783,和康生,2026/06,"84,318","-27,487","155,439","2,032,933","450,458","745,765","534,022",17G,17G4,"3,498,222"
1784,訊聯,2026/06,"69,988","-18,368","55,019","3,080,342","639,069","197,071","879,324",17H,17H1,"3,596,292"
1785,光洋科,2026/06,"249,495","-410,868","153,167","39,799,306","7,313,484","4,537,051","22,875,760",99L,99L1,"86,119,110"
1786,科妍,2026/06,"43,695","-14,153","116,393","2,508,045","1,094,151","677,803","721,032",17G,17G4,"4,018,264"
1788,杏昌,2026/06,0,"-43,693","79,265","5,294,452","1,329,595","436,848","2,342,108",17G,17G2,"5,787,730"
1789,神隆,2026/06,"171,994","-100,955","436,678","12,360,013","3,383,829","3,498,583","1,898,599",17C,17C1A,"16,328,760"
1795,美時,2026/06,"525,607","-256,403","676,410","108,585,630","6,884,193","6,325,432","84,280,268",17C,17C1B,"51,106,371"
1796,金穎生技,2026/06,"16,216","-20,494","41,699","1,266,217","574,780","281,970","482,307",17C,17C2,"1,320,501"
1799,易威,2026/06,"133,251","-4,372","107,634","1,291,921","211,969","360,948","568,453",17C,17C1B,"3,890,328"
1802,台玻,2026/06,"393,877","-4,533,769","1,206,679","93,700,647","44,482,083","6,113,993","39,138,830",18,18,"217,522,963"
1805,寶徠,2026/06,0,0,"-14,582","2,003,712",885,"411,104","369,275",25A,25A,"1,403,688"
1806,冠軍,2026/06,"12,745","-64,958","-82,125","7,952,700","3,048,670","1,357,737","2,690,236",18,18,"3,166,176"
1808,潤隆,2026/06,0,"-1,070","8,642,271","52,198,821","227,684","9,640,184","38,393,687",25A,25A,"26,790,960"
1809,中釉,2026/06,"35,806","-45,125","-13,369","4,551,241","1,933,394","582,248","1,247,356",18,18,"9,053,676"
1810,和成,2026/06,"51,122","-47,917","-76,198","10,763,418","3,136,456","656,325","2,169,698",18,18,"6,454,190"
1813,寶利徠,2026/06,622,"-2,636","-2,891","968,250","227,599","107,350","304,440",17G,17G4,"559,632"
1815,富喬,2026/06,"167,065","-1,965,980","989,377","21,463,574","11,777,078","1,802,286","7,764,340",23B,23B3B,"64,988,169"
1817,凱撒衛,2026/06,"19,975","-18,711","171,374","3,155,398","776,091","375,060","793,090",18,18,"2,795,100"
1903,士紙,2026/06,"1,453","-158,543","-2,905","10,595,433","2,557,066","179,873","5,087,588",19A,19A,"12,260,839"
1904,正隆,2026/06,"52,336","-2,171,788","2,840,835","76,590,661","42,363,165","8,653,102","45,131,674",19A,19A,"23,717,085"
1905,華紙,2026/06,"62,524","-971,147","11,838","42,120,634","15,831,963","1,630,178","22,477,599",19B,19B,"18,307,061"
1906,寶隆,2026/06,0,0,"53,120","5,485,584","27,060","144,075","2,748,391",19A,19A,"1,698,750"
1907,永豐餘,2026/06,"290,468","-1,877,381","1,812,608","193,665,624","48,497,868","11,212,283","84,832,937",19A,19A,"44,996,054"
1909,榮成,2026/06,"714,609","-229,813","1,338,104","69,616,191","48,765,462","1,253,281","48,794,799",19A,19A,"12,679,401"
2002,中鋼,2026/06,"1,116,625","-7,410,635","10,615,408","685,877,064","382,377,366","20,979,537","350,818,539",20A,20A3,"295,815,387"
2006,東和鋼鐵,2026/06,0,"-957,619","3,663,449","53,355,877","18,174,642","1,226,676","19,087,824",20A,20A2,"49,216,424"
2007,燁興,2026/06,0,"-207,884","15,970","12,033,549","5,591,741","101,996","8,109,316",20A,20A1,"3,831,307"
2008,高興昌,2026/06,0,"-15,264","-77,826","8,737,587","1,453,472","333,274","4,615,877",20A,20A7,"5,820,986"
2009,第一銅,2026/06,,"-109,930","-142,509","11,180,919","1,117,548","140,136","2,416,457",20A,20A4,"13,755,542"
2010,春源,2026/06,0,"-65,214","1,656,027","23,666,192","6,557,360","1,042,557","10,729,455",20A,20A3,"15,349,424"
2012,春雨,2026/06,"40,792","-147,945","185,975","11,477,844","2,813,758","974,297","7,045,046",20A,20A1,"5,046,122"
2013,中鋼構,2026/06,"9,793","-258,967","-1,226,680","15,861,673","1,909,168","777,650","10,345,199",20A,20A2,"8,720,000"
2014,中鴻,2026/06,0,"-109,622","1,536,219","26,382,656","8,929,387","2,021,804","14,097,410",20A,20A3,"24,763,134"
2015,豐興,2026/06,"24,422","-540,067","1,758,990","26,211,679","9,637,872","2,572,457","4,143,635",20A,20A2,"35,303,059"
2017,官田鋼,2026/06,"1,304","-1,101,901","-226,816","17,117,414","4,649,634","305,887","8,662,799",20A,20A1,"4,053,156"
2020,美亞,2026/06,0,"-102,749","126,878","9,388,800","1,127,236","690,993","5,119,108",20A,20A7,"5,741,167"
2022,聚亨,2026/06,913,"-236,774","27,426","11,292,102","3,690,336","1,053,093","4,498,337",20A,20A1,"2,613,052"
2023,燁輝,2026/06,"88,116","-537,910","-2,531,448","101,717,563","43,315,122","7,139,535","70,103,290",20A,20A3,"24,856,740"
2024,志聯,2026/06,0,"-9,830","50,749","1,647,717","888,224","117,478","506,867",20A,20A1,"1,345,500"
2025,千興,2026/06,0,"-51,418","31,171","2,693,978","469,406","62,560","607,648",20A,20A6,"2,356,823"
2027,大成鋼,2026/06,0,"-4,047,138","12,480,568","165,520,267","47,915,679","13,651,310","72,291,289",20A,20A6,"104,274,931"
2028,威致,2026/06,"1,092","-205,825","644,056","8,577,332","4,110,845","190,238","3,791,194",20A,20A2,"5,211,440"
2029,盛餘,2026/06,"42,800","-193,013","259,260","11,735,649","2,582,037","2,563,337","1,442,548",20A,20A3,"6,648,426"
2030,彰源,2026/06,0,"-398,125","-37,204","13,202,565","5,276,496","1,650,984","7,876,579",20A,20A7,"5,091,547"
2031,新光鋼,2026/06,0,"-502,322","-360,837","31,180,449","6,329,846","1,242,911","18,482,054",20A,20A3,"12,155,376"
2032,新鋼,2026/06,0,-905,"-51,795","2,363,446","500,174","214,878","556,501",20A,20A6,"2,153,613"
2033,佳大,2026/06,0,"-70,587","51,368","1,260,923","545,710","56,469","192,089",20A,20A1,"1,303,224"
2034,允強,2026/06,0,"-284,903","-1,381,589","23,939,122","10,489,853","917,111","14,936,949",20A,20A7,"10,632,820"
2035,唐榮,2026/06,"4,093","-101,200","-1,261,817","18,641,745","3,459,706","31,551","16,177,553",20A,20A6,"9,590,000"
2038,海光,2026/06,"1,623","-160,990","970,504","9,081,994","4,227,732","593,421","5,086,034",20A,20A2,"2,562,569"
2049,上銀,2026/06,"539,681","-977,185","3,311,305","57,022,858","29,595,025","9,362,188","17,785,292",15A,15A2,"114,982,400"
2059,川湖,2026/06,"349,238","-483,040","5,773,574","47,110,680","4,110,261","29,384,179","13,356,842",20B,20B,"701,385,920"
2061,風青,2026/06,0,"-5,079","-31,768","1,310,702","159,107","77,924","632,112",16,16,"3,672,192"
2062,橋椿,2026/06,"27,486","-107,193","338,824","11,672,804","4,353,564","1,081,462","4,009,597",99B,99B,"3,799,886"
2063,世鎧,2026/06,"11,985","-8,545","8,921","2,052,020","421,720","345,964","1,090,329",20A,20A1,"1,159,234"
2064,晉椿,2026/06,"1,609","-10,714","-6,855","2,416,404","912,190","288,744","1,487,509",20A,20A1,"946,355"
2065,世豐,2026/06,"6,011","-30,992","77,185","3,543,466","1,188,789","251,784","1,734,359",20A,20A1,"2,083,358"
2066,世德,2026/06,"12,368","-57,720","168,761","3,761,955","704,747","766,351","1,604,572",15D,15D,"2,978,150"
2067,嘉鋼,2026/06,"6,046","-10,463","-19,230","1,930,279","748,786","76,595","1,706,016",15A,15A2,"296,105"
2069,運錩,2026/06,"81,157","-418,519","-114,454","10,483,969","4,877,087","250,044","6,086,134",20A,20A6,"3,069,840"
2070,精湛,2026/06,"17,086","-40,391","98,804","1,732,296","405,557","463,810","549,941",15H,15H,"2,578,011"
2072,世紀風電,2026/06,0,"-6,281,025","947,517","34,256,452","15,449,206","8,641,734","10,105,255",20A,20A9,"29,376,000"
2073,雄順,2026/06,"1,339","-21,793","-100,864","817,491","414,852","47,011","423,670",20A,20A1,"756,250"
2101,南港,2026/06,"44,337","-249,169","5,250,681","45,834,727","7,043,472","2,365,639","30,798,560",21A,21A,"23,045,559"
2102,泰豐,2026/06,"9,394","-1,076","-140,816","12,047,647","2,803","2,673,909","2,438,120",21A,21A,"8,567,255"
2103,台橡,2026/06,"203,251","-1,512,220","301,119","48,018,538","14,258,645","7,116,962","24,134,929",21C,21C,"17,092,197"
2104,國際中橡,2026/06,"84,638","-630,575","1,146,626","48,204,714","16,546,941","13,477,791","24,069,644",21C,21C,"10,093,524"
2105,正新,2026/06,"1,820,629","-1,462,865","8,350,559","148,480,417","53,288,802","29,744,923","60,790,351",21A,21A,"97,080,409"
2106,建大,2026/06,"850,112","-615,153","436,009","47,729,450","15,919,159","8,923,675","27,883,417",21A,21A,"16,089,897"
2107,厚生,2026/06,"5,004","-7,727","24,656","17,400,297","731,714","1,209,638","2,280,468",21B,21B2,"7,756,801"
2108,南帝,2026/06,"59,555","-135,551","592,931","19,199,060","2,742,256","8,499,589","2,372,632",21C,21C,"13,516,847"
2109,華豐,2026/06,"9,914","-1,230,196","299,031","8,748,023","4,001,326","2,074,685","3,761,880",21A,21A,"4,064,528"
2114,鑫永銓,2026/06,"4,380","-11,607","229,177","3,973,980","1,338,079","624,938","948,876",21B,21B1,"6,917,890"
2115,六暉-KY,2026/06,"31,314","-123,615","-17,406","5,085,601","2,031,515","874,262","1,788,920",15D,15D,"2,150,084"
2201,裕隆,2026/06,"130,224","-394,646","2,605,031","368,555,679","54,381,426","10,847,529","273,423,522",22A,22A,"29,104,027"
2204,中華,2026/06,"815,240","-757,510","757,747","55,474,518","9,833,073","4,036,931","13,323,620",22A,22A,"30,670,548"
2206,三陽工業,2026/06,"741,332","-962,630","1,819,984","97,644,816","22,626,562","7,646,550","55,699,422",22B,22B2,"47,271,604"
2207,和泰車,2026/06,"157,486","-11,598,674","24,821,984","554,762,767","81,145,348","23,944,771","430,396,951",22X,22X,"259,331,447"
2208,台船,2026/06,"134,435","-1,052,094","-7,903,899","53,344,948","14,052,512","1,347,398","45,805,019",22B,22B1,"24,598,603"
2211,長榮鋼,2026/06,0,"-243,646","1,194,267","41,801,045","4,880,004","3,416,111","10,701,084",20A,20A2,"39,164,845"
2221,大甲,2026/06,"6,477","-21,127","31,513","1,852,737","418,923","388,234","671,904",20A,20A7,"2,035,833"
2227,裕日車,2026/06,"121,728","-30,347","-785,420","22,643,465","522,128","4,830,072","4,904,920",22X,22X,"14,850,000"
2228,劍麟,2026/06,"74,685","-56,616","52,000","6,942,373","1,852,131","502,854","1,991,731",15D,15D,"6,877,036"
2230,泰茂,2026/06,"3,687","-14,445","100,820","1,940,724","431,564","312,636","862,310",15D,15D,"1,738,167"
2231,為升,2026/06,"206,864","-386,108","46,083","10,680,626","3,328,310","950,327","6,296,832",15D,15D,"13,729,132"
2233,宇隆,2026/06,"116,308","-78,659","279,153","7,388,490","2,173,464","1,112,971","3,234,260",15D,15D,"12,781,268"
2235,謚源,2026/06,"6,505","-21,787","38,107","1,438,190","547,856","57,553","242,095",15D,15D,"1,078,134"
2237,華德動能-創,2026/06,"47,564","-8,396","-554,380","4,587,849","293,829","77,886","3,101,191",22A,22A,"4,883,097"
2241,艾姆勒,2026/06,"29,002","-12,152","-14,612","2,296,366","1,309,353","166,632","796,810",15D,15D,"4,748,931"
2247,汎德永業,2026/06,0,"-952,829","4,185,896","21,615,255","7,122,816","5,126,439","8,884,411",22X,22X,"18,805,663"
2250,IKKA-KY,2026/06,"16,508","-21,606","135,749","3,634,637","642,783","1,374,622","1,619,025",15D,15D,"2,270,611"
2254,巨鎧精密-創,2026/06,"31,485","-2,808","-50,482","2,192,019","1,268,282","144,883","1,225,001",15D,15D,
2258,鴻華先進-創,2026/06,"1,575,247","-1,275,850","-2,388,799","21,363,318","6,067,947","2,645,912","9,967,393",22A,22A,
2301,光寶科,2026/06,"5,128,074","-6,667,452","-4,238,093","239,164,413","31,018,566","75,190,014","142,552,447",23D,23D3,"514,175,976"
2302,麗正,2026/06,"2,651","-11,124","75,187","2,796,026","533,226","527,032","958,796",23D,23D1,"7,957,599"
2303,聯電,2026/06,"9,322,501","-21,348,637","55,678,697","665,972,883","259,212,411","124,706,465","222,048,583",23G,23G1A,"2,068,914,033"
2305,全友,2026/06,"51,649","-3,679","44,730","3,464,447","351,658","564,163","847,099",23C,23C2,"7,917,949"
2308,台達電,2026/06,"29,438,966","-27,450,617","63,100,603","754,433,332","158,397,548","182,350,204","404,208,440",23D,23D3,"5,065,208,850"
2312,金寶,2026/06,"962,802","-1,695,539","2,843,482","144,272,249","24,096,325","27,480,134","105,682,397",23A,23A1,"52,934,248"
2313,華通,2026/06,"1,865,340","-4,728,542","834,351","100,923,381","39,421,646","11,951,079","52,344,953",23B,23B2B,"286,863,383"
2314,台揚,2026/06,"253,587","-3,050","-36,541","3,080,396","354,447","64,372","3,051,149",23K,23K2,"2,911,244"
2316,楠梓電,2026/06,"32,734","-511,274","-297,255","21,197,449","2,988,165","809,324","6,764,283",23B,23B2B,"39,654,797"
2317,鴻海,2026/06,"57,065,956","-80,886,319","-69,122,283","5,622,576,474","576,855,286","963,002,077","3,502,988,890",23A,23A1,"3,532,429,424"
2321,東訊,2026/06,"34,709","-4,695","-68,816","1,219,449","71,913","98,262","766,718",23K,23KX,"420,781"
2323,中環,2026/06,"29,285","-30,034","-2,032,916","32,085,726","2,875,033","2,241,967","11,678,179",23C,23C4A,"12,581,969"
2324,仁寶,2026/06,"9,749,093","-8,924,351","-13,657,905","521,782,740","37,859,643","82,928,768","368,220,677",23A,23A1,"155,572,289"
2327,國巨*,2026/06,"1,800,554","-2,943,267","16,478,788","507,342,236","62,413,839","147,495,485","328,393,749",23D,23D5,"2,346,953,340"
2328,廣宇,2026/06,"264,760","-396,135","59,665","25,222,126","4,231,174","4,858,327","7,963,368",23D,23D2,"25,632,210"
2329,華泰,2026/06,"227,091","-1,476,707","644,556","26,654,758","8,961,961","3,029,326","10,245,168",23G,23G2,"35,385,508"
2330,台積電,2026/06,"140,902,823","-846,764,746","1,482,341,242","9,375,654,727","4,302,880,478","3,134,218,213","2,901,183,746",23G,23G1A,"62,497,011,700"
2331,精英,2026/06,"336,674","-76,863","-405,083","21,540,346","1,984,117","3,608,606","10,715,286",23A,23A3,"11,956,294"
2332,友訊,2026/06,"232,600","-24,511","-115,299","15,876,746","2,265,739","2,970,958","5,199,813",23K,23K4,"11,019,711"
2337,旺宏,2026/06,"3,281,365","-683,393","10,033,607","96,446,487","37,118,207","22,294,578","34,502,007",23G,23G1B,"308,178,764"
2338,光罩,2026/06,"97,016","-296,371","791,155","18,364,967","8,521,115","1,556,253","12,096,297",23G,23G6,"18,635,929"
2340,台亞,2026/06,"165,130","-478,907","-220,091","14,990,617","7,216,323","2,809,774","8,234,978",23C,23C6B,"16,470,294"
2342,茂矽,2026/06,"107,088","-171,324","36,486","3,074,831","851,076","682,266","752,105",23G,23G1A,"8,913,085"
2344,華邦電,2026/06,"11,735,294","-8,088,053","35,672,052","293,034,319","103,647,372","43,014,862","119,491,802",23G,23G1B,"933,750,000"
2345,智邦,2026/06,"4,500,605","-3,650,760","-15,452,605","199,340,809","10,904,540","27,677,100","130,217,930",23K,23K4,"1,399,989,410"
2347,聯強,2026/06,0,"-23,382","-43,661,025","301,354,687","14,468,360","16,190,283","211,935,622",23T,23T1,"151,949,972"
2348,海悅,2026/06,0,-155,"-2,119,879","50,245,287","37,360","4,732,721","40,380,312",25A,25A,"10,936,728"
2349,錸德,2026/06,"98,143","-449,657","43,953","18,462,208","6,157,694","2,632,290","8,483,844",23C,23C4A,"9,121,892"
2351,順德,2026/06,"162,175","-392,551","375,089","14,685,632","5,246,561","1,320,250","6,115,629",23G,23G4,"41,168,475"
2352,佳世達,2026/06,"3,728,572","-2,101,495","-2,254,983","230,548,811","43,614,257","25,078,195","159,329,681",23C,23C1,"53,895,289"
2353,宏碁,2026/06,"1,545,211","-1,015,344","-19,557,346","308,682,307","14,709,658","31,107,363","208,887,724",23A,23A3,"100,883,967"
2354,鴻準,2026/06,"660,137","-1,170,285","2,610,356","178,687,064","3,347,907","19,708,661","64,840,480",23D,23D4,"78,221,021"
2355,敬鵬,2026/06,"156,135","-575,622","481,905","25,509,742","6,278,192","3,284,288","7,987,076",23B,23B2B,"21,544,229"
2356,英業達,2026/06,"7,608,305","-7,361,206","-25,399,083","475,331,025","47,935,505","53,919,523","397,367,413",23A,23A1,"238,925,835"
2357,華碩,2026/06,"15,112,492","-667,428","-77,332,235","868,541,957","21,227,956","86,156,490","538,556,270",23A,23A3,"519,932,000"
2359,所羅門,2026/06,"87,851","-30,241","285,057","11,276,337","468,490","2,392,595","4,309,178",23T,23T2,"22,376,966"
2360,致茂,2026/06,"1,744,862","-921,146","5,353,931","63,701,308","11,772,406","9,393,875","29,991,536",23H,23H2,"918,531,360"
2362,藍天,2026/06,"340,747","-31,387","-2,800,329","110,070,258","2,345,702","8,578,975","63,148,663",23A,23A2,"25,917,254"
2363,矽統,2026/06,"289,648",-140,"466,656","52,079,509","1,196,887","2,488,111","3,088,848",23G,23G5A,"35,534,172"
2364,倫飛,2026/06,"65,257","-8,505","116,918","1,962,164","270,579","634,935","1,093,699",23A,23A5B,"3,510,063"
2365,昆盈,2026/06,"4,054","-3,570","37,626","3,627,219","633,320","1,269,949","506,322",23C,23C3,"7,465,494"
2367,燿華,2026/06,"101,768","-2,080,258","-408,151","28,033,564","16,171,510","628,022","15,713,674",23B,23B2B,"39,973,920"
2368,金像電,2026/06,"770,328","-3,832,835","9,003,395","97,062,481","21,225,119","24,152,829","54,869,555",23B,23B2B,"627,519,600"
2369,菱生,2026/06,"61,655","-283,108","-6,683","7,766,034","3,145,273","1,247,355","2,672,239",23G,23G2,"14,899,998"
2371,大同,2026/06,"567,313","-1,070,213","-1,624,661","142,908,918","31,957,404","19,076,781","86,730,462",15B,15B1,"58,717,796"
2373,震旦行,2026/06,0,"-47,200","292,407","17,773,780","3,427,808","2,386,365","9,076,812",23T,23T1,"13,865,116"
2374,佳能,2026/06,"412,189","-152,651","-18,493","14,837,656","4,020,214","2,386,609","5,621,780",23U,23UZ,"25,349,400"
2375,凱美,2026/06,"27,016","-262,840","217,304","14,954,395","2,103,413","1,909,283","4,320,518",23D,23D5,"22,984,763"
2376,技嘉,2026/06,"2,285,802","-1,823,667","-79,384,238","271,256,869","8,510,265","33,085,558","201,983,297",23A,23A3,"230,441,816"
2377,微星,2026/06,"2,756,819","-971,939","-136,262","128,612,378","9,550,058","16,428,636","70,554,073",23A,23A3,"123,348,976"
2379,瑞昱,2026/06,"20,186,569","-1,631,862","10,935,109","147,269,310","11,630,705","6,629,743","96,827,154",23G,23G5B,"415,503,478"
2380,虹光,2026/06,"188,911","-46,650","-165,892","2,523,955","406,876","377,381","1,931,926",23C,23C2,"1,161,000"
2382,廣達,2026/06,"19,162,041","-21,595,496","45,928,980","2,062,526,949","89,722,570","268,997,147","1,806,710,619",23A,23A1,"1,421,446,736"
2383,台光電,2026/06,"1,671,024","-10,679,228","5,044,825","158,577,444","42,065,798","22,567,762","100,265,367",23B,23B3A,"1,931,350,190"
2385,群光,2026/06,"1,684,823","-260,258","536,576","110,233,627","17,382,933","29,741,277","57,363,231",23C,23C3,"79,634,984"
2387,精元,2026/06,"362,032","-453,883","438,250","20,105,864","4,071,083","4,165,312","8,572,633",23C,23C3,"7,849,090"
2388,威盛,2026/06,"1,178,057","-350,294","311,956","39,543,039","2,639,465","12,711,506","15,340,641",23G,23G5C,"40,751,575"
2390,云辰,2026/06,"21,325","-10,621","-56,617","2,727,709","219,864","306,856","371,359",23C,23C9,"2,349,952"
2392,正崴,2026/06,"1,015,153","-2,036,503","2,856,242","123,505,715","33,921,017","28,213,049","91,137,012",23D,23D2,"19,468,426"
2393,億光,2026/06,"381,323","-492,241","-566,782","31,458,456","5,302,970","4,971,205","11,669,578",23C,23C6C,"30,150,724"
2395,研華,2026/06,"3,168,493","-1,287,277","2,666,312","93,203,810","15,349,688","12,749,178","37,749,561",23A,23A5B,"427,570,632"
2397,友通,2026/06,"339,863","-160,961","-580,293","14,680,102","2,251,445","2,676,131","8,986,440",23A,23A5B,"6,502,975"
2399,映泰,2026/06,"75,343",-770,"-117,584","3,688,951","129,864","914,752","857,970",23A,23A3,"8,655,660"
2401,凌陽,2026/06,"1,132,986","-46,591","-356,118","14,958,608","1,752,224","4,527,161","4,150,475",23G,23G5C,"18,795,841"
2402,毅嘉,2026/06,"183,538","-608,399","66,714","16,768,203","4,336,307","3,157,204","9,491,436",23B,23B2C,"19,928,398"
2404,漢唐,2026/06,"19,195","-1,287,431","12,163,976","100,479,417","2,618,953","41,202,242","82,304,131",23H,23H1,"251,574,840"
2405,輔信,2026/06,"92,700","-3,039","-278,000","4,576,017","1,088,368","618,196","1,026,769",23A,23A5B,"6,009,973"
2406,國碩,2026/06,"194,510","-449,008","-666,825","17,425,086","6,527,324","1,171,466","8,640,440",23C,23C7B,"14,667,871"
2408,南亞科,2026/06,"5,338,808","-6,855,338","87,407,707","387,758,196","89,804,071","217,602,535","65,059,683",23G,23G1B,"1,561,218,215"
2409,友達,2026/06,"8,879,892","-5,550,174","6,877,414","377,676,390","152,101,891","53,791,751","210,774,202",23C,23C8A,"246,790,137"
2412,中華電,2026/06,"2,258,741","-9,847,432","31,741,601","553,627,387","280,290,197","42,222,351","171,548,938",23K,23K3,"1,097,678,751"
2413,環科,2026/06,"63,090","-1,618","203,580","4,690,106","840,042","899,533","2,428,550",23D,23D3,"6,075,024"
2414,精技,2026/06,"75,679","-26,295","-5,862,698","18,036,691","1,358,756","588,486","13,722,890",23T,23T1,"9,752,681"
2415,錩新,2026/06,"17,356","-133,400","52,626","10,904,972","485,689","893,332","7,801,364",23U,23U2,"3,375,000"
2417,圓剛,2026/06,"321,033","-38,337","200,639","5,941,584","1,383,900","1,972,168","2,102,613",23A,23A4B,"6,925,497"
2419,仲琦,2026/06,"215,610","-7,895","125,891","11,803,297","949,701","3,578,608","5,790,077",23K,23K4,"9,077,205"
2420,新巨,2026/06,"33,481","-49,020","386,428","6,067,751","1,492,939","1,005,661","2,154,621",23D,23D3,"9,265,794"
2421,建準,2026/06,"633,401","-692,598","675,589","21,135,532","3,621,394","6,538,992","10,612,980",23D,23D9B,"40,746,048"
2423,固緯,2026/06,"141,534","-29,739","347,513","4,329,873","764,044","815,627","1,339,908",23H,23H2,"10,399,870"
2424,隴華,2026/06,"20,057",-500,"-23,796","380,289","168,702","56,567","108,896",23K,23K5,"595,850"
2425,承啟,2026/06,"72,813",-448,"79,069","6,659,666","21,582","994,995","3,637,298",23A,23A4A,"4,361,755"
2426,鼎元,2026/06,"66,079","-49,866","160,568","4,744,116","1,523,274","500,274","908,978",23C,23C6B,"22,877,334"
2427,三商電,2026/06,"128,045","-13,099","494,317","7,045,640","1,337,907","1,122,452","3,558,128",23X,23X1,"4,386,121"
2428,興勤,2026/06,"211,233","-207,706","370,328","18,680,965","4,000,428","3,180,691","6,761,920",23D,23D5,"40,355,595"
2429,銘旺科,2026/06,"21,378","-44,567","-118,390","1,850,632","498,579","135,175","1,128,720",23C,23CZ2,"3,838,950"
2430,燦坤,2026/06,0,"-12,398","831,892","13,495,022","2,880,752","1,158,367","9,174,009",23T,23T1,"2,137,440"
2431,聯昌,2026/06,"11,554",-908,"-100,781","1,198,571","1,498","396,301","119,919",23D,23D3,"1,286,753"
2432,倚天酷碁-創,2026/06,"67,461","-28,296","-42,706","1,960,822","42,068","656,794","797,354",23C,23C3,
2433,互盛電,2026/06,0,"-535,511","652,007","7,463,968","2,589,610","538,876","3,403,207",23T,23T1,"6,473,421"
2434,統懋,2026/06,"1,993","-47,112","-18,147","674,199","459,644","26,578","225,704",23D,23D1,"1,607,650"
2436,偉詮電,2026/06,"255,069","-18,782","250,523","7,179,202","192,538","1,488,124","2,369,006",23G,23G5D,"14,455,802"
2438,翔耀,2026/06,"6,283","-17,542","-96,580","1,783,250","654,166","91,565","1,173,602",23C,23C8C,"1,559,192"
2439,美律,2026/06,"1,191,419","-435,042","151,411","40,825,822","5,060,718","7,333,386","22,225,310",23U,23U2,"22,878,779"
2440,太空梭,2026/06,"3,480",-531,"-114,999","3,217,043","205,078","412,156","1,409,856",23D,23D2,"2,323,254"
2441,超豐,2026/06,"184,382","-1,623,427","2,793,077","33,662,283","12,409,190","7,061,176","6,174,721",23G,23G2,"77,647,479"
2442,新美齊,2026/06,0,"-14,822","3,992,349","22,673,900","456,521","3,234,247","15,109,737",25A,25A,"6,293,239"
2444,兆勁,2026/06,"28,836","-92,114","-126,810","1,724,083","521,463","376,363","1,051,781",23K,23KX,"1,310,253"
2449,京元電子,2026/06,"622,319","-13,883,540","6,373,084","128,748,650","70,057,450","13,321,324","66,076,165",23G,23G2,"412,676,438"
2450,神腦,2026/06,0,"-11,765","54,116","10,762,952","761,274","1,678,988","4,539,381",23T,23T1,"7,450,599"
2451,創見,2026/06,"141,393","-7,397","16,852,695","53,943,484","1,481,004","18,155,376","15,470,982",23G,23G3B,"114,953,709"
2453,凌群,2026/06,"86,351","-15,589","-417,190","4,555,141","335,205","327,829","2,426,560",23X,23X1,"5,590,000"
2454,聯發科,2026/06,"77,705,854","-10,815,091","6,593,980","787,448,372","66,685,378","189,000,660","354,806,672",23G,23G5C,"6,808,534,275"
2455,全新,2026/06,"187,921","-447,984","634,003","5,716,733","2,425,220","1,649,873","2,023,624",23G,23G3A,"64,883,101"
2457,飛宏,2026/06,"412,423","-245,580","-456,347","13,424,583","4,608,877","2,866,340","4,556,995",23D,23D3,"12,445,820"
2458,義隆,2026/06,"1,126,424","-835,909","1,396,514","16,841,099","5,182,040","3,285,347","5,329,832",23G,23G5A,"57,433,320"
2459,敦吉,2026/06,"58,800","-79,213","344,722","9,717,270","1,251,454","1,074,145","3,369,255",23T,23T2,"6,779,263"
2460,建通,2026/06,"7,315","-83,476","-90,444","5,203,216","1,805,754","406,466","3,573,667",23D,23D2,"6,277,320"
2461,光群雷,2026/06,"106,209","-52,367","516,378","8,666,251","2,483,265","1,524,453","4,409,174",13A,13A8,"3,310,068"
2462,良得電,2026/06,"66,262","-28,145","-231,244","6,270,558","1,020,701","696,737","2,558,374",23D,23D2,"3,588,659"
2464,盟立,2026/06,"222,947","-24,205","-493,507","12,920,342","2,491,022","1,568,411","7,151,245",23H,23H1,"37,508,130"
2465,麗臺,2026/06,"21,008","-3,783","98,196","2,375,431","187,820","678,758","1,012,098",23A,23A4A,"6,688,955"
2466,冠西電,2026/06,"4,604","-33,143","-178,694","4,646,745","597,688","80,455","2,709,563",23C,23C6C,"11,257,489"
2467,志聖,2026/06,"347,499","-2,187,957","1,778,152","29,161,787","5,024,794","2,643,642","12,831,780",23H,23H2,"100,793,400"
2468,華經,2026/06,,-393,"-60,509","2,588,000","206,979","314,270","1,339,672",23X,23X1,"2,462,627"
2471,資通,2026/06,"58,289",0,"181,919","1,667,499","57,283","873,218","798,403",23X,23X1,"2,471,384"
2472,立隆電,2026/06,"130,528","-635,896","872,192","19,796,874","6,452,145","4,430,309","5,203,312",23D,23D5,"74,707,323"
2474,可成,2026/06,"696,362","-539,782","-1,102,803","228,984,651","14,457,821","12,412,717","87,370,822",23D,23D4,"112,613,589"
2476,鉅祥,2026/06,"96,267","-253,401","1,080,032","13,598,103","3,287,414","3,484,831","3,758,973",23D,23D9A,"28,479,100"
2477,美隆電,2026/06,"57,196","-79,137","256,794","8,677,779","1,550,140","2,730,586","4,287,632",23U,23U2,"3,377,605"
2478,大毅,2026/06,"43,103","-351,514","269,631","10,556,368","4,105,806","1,822,198","3,159,386",23D,23D5,"32,636,841"
2480,敦陽科,2026/06,"46,762","-14,412","867,116","9,472,340","748,500","1,594,408","6,196,679",23X,23X1,"16,592,160"
2481,強茂,2026/06,"456,205","-284,554","642,015","31,480,782","6,612,855","2,548,825","15,033,289",23D,23D1,"69,735,988"
2482,連宇,2026/06,"42,355","-33,960","2,318","1,376,146","224,802","545,126","270,122",23C,23C3,"1,292,858"
2483,百容,2026/06,"41,081","-108,607","40,708","4,457,637","2,348,607","502,757","1,715,019",23D,23D9A,"6,160,519"
2484,希華,2026/06,"55,938","-36,457","62,063","5,087,481","1,356,435","1,376,649","979,142",23D,23D6,"11,573,965"
2485,兆赫,2026/06,"88,607","-30,640","-324,935","6,709,842","1,441,704","1,204,840","1,195,938",23K,23K2,"17,695,277"
2486,一詮,2026/06,"106,909","-1,518,142","-268,251","15,115,892","7,179,147","1,202,790","8,706,500",23D,23D9C,"57,355,196"
2488,漢平,2026/06,"53,829","-13,757","-110,945","4,212,812","352,297","885,434","1,435,430",23U,23U2,"4,343,946"
2489,瑞軒,2026/06,"405,354","-136,552","-804,358","23,444,125","2,598,749","3,662,763","10,069,746",23C,23C1,"26,413,000"
2491,吉祥全,2026/06,"19,848",-493,"-68,422","6,314,814","7,625","130,239","1,122,792",15C,15C4,"3,292,621"
2492,華新科,2026/06,"484,593","-625,211","2,224,753","119,857,069","16,855,952","8,961,970","41,284,268",23D,23D5,"274,140,825"
2493,揚博,2026/06,"18,353","-39,175","136,700","6,320,947","1,097,079","986,031","3,237,107",23H,23H2,"37,088,123"
2495,普安,2026/06,"131,655","-2,226","-300,047","7,913,166","557,056","274,559","3,378,423",23C,23C4B,"13,759,666"
2496,卓越,2026/06,0,"-18,153","129,398","1,553,389","294,795","250,154","671,198",99Z,99ZX,"1,228,130"
2497,怡利電,2026/06,"182,501","-53,999","-79,041","6,589,689","1,709,128","953,944","3,661,972",15D,15D,"7,512,971"
2498,宏達電,2026/06,"469,863","-11,756","-1,473,348","38,869,299","6,288,307","2,195,693","12,655,766",23U,23UZ,"37,915,956"
2501,國建,2026/06,0,"-48,177","1,978,927","90,936,495","3,847,767","5,541,288","56,530,911",25A,25A,"28,641,157"
2504,國產,2026/06,"12,063","-2,362,867","1,855,352","50,232,650","22,720,735","5,707,951","23,145,912",11B,11B,"39,235,000"
2505,國揚,2026/06,0,-268,"-532,875","23,677,863","151,003","2,565,090","12,759,264",25A,25A,"6,821,000"
2506,太設,2026/06,0,"-10,201","258,080","14,512,860","1,986,244","561,947","4,700,341",25A,25A,"3,378,510"
2509,全坤建,2026/06,0,"-3,908","-544,982","14,480,591","212,495","772,735","10,336,018",25A,25A,"2,952,846"
2511,太子,2026/06,0,"-93,517","194,564","47,429,979","5,685,851","7,347,133","21,559,371",25A,25A,"13,197,640"
2514,龍邦,2026/06,"10,621","-115,972","146,377","37,755,194","10,893,119","3,223,301","17,762,102",25A,25A,"5,092,004"
2515,中工,2026/06,"16,947","-216,809","-385,782","66,153,849","3,934,750","1,576,945","42,810,258",25B,25B,"20,983,147"
2516,新建,2026/06,,"-3,721","-445,892","7,444,698","635,867","1,839,275","5,235,515",25B,25B,"3,122,636"
2520,冠德,2026/06,0,"-89,317","3,340,643","66,945,768","8,329,166","18,867,886","38,493,129",25A,25A,"20,692,084"
2524,京城,2026/06,0,"-6,989","-1,462,536","40,529,975","464,238","607,911","19,263,964",25A,25A,"12,955,834"
2527,宏璟,2026/06,0,0,"2,916,327","49,924,557","993,944","1,149,232","12,737,338",25A,25A,"11,001,454"
2528,皇普,2026/06,0,"-23,756","-171,935","21,671,508","326,808","485,381","14,142,938",25A,25A,"9,155,916"
2530,華建,2026/06,0,-733,"-1,357,050","31,018,135","114,191","2,474,867","20,807,039",25A,25A,"16,236,241"
2534,宏盛,2026/06,0,"-2,502","-483,047","32,267,147","7,571","1,168,209","17,944,870",25A,25A,"7,801,051"
2535,達欣工,2026/06,,"-3,755","1,374,349","31,048,960","845,454","6,122,693","19,888,726",25B,25B,"24,804,730"
2536,宏普,2026/06,0,-436,"2,984,473","38,823,523","104,301","4,860,417","25,169,846",25A,25A,"7,005,629"
2537,聯上發,2026/06,0,0,"224,365","18,878,323","1,289","750,344","14,320,070",25A,25A,"3,261,054"
2538,基泰,2026/06,0,0,"-268,297","17,508,853",487,"786,213","12,023,574",25A,25A,"4,387,947"
2539,櫻花建,2026/06,0,-469,"2,140,940","32,563,312","45,280","6,090,341","12,550,682",25A,25A,"46,411,707"
2540,愛山林,2026/06,"22,053","-2,626","-2,853,879","63,209,462","1,058,077","3,196,192","52,436,870",25A,25A,"51,117,683"
2542,興富發,2026/06,0,"-332,522","16,701,096","271,352,829","10,551,765","23,093,405","210,903,637",25A,25A,"92,690,266"
2543,皇昌,2026/06,0,"-2,411,110","-677,642","23,189,820","9,092,730","424,215","13,433,811",25B,25B,"20,375,294"
2545,皇翔,2026/06,0,"-6,026","-3,175,269","64,493,990","1,747,743","532,573","49,845,654",25A,25A,"14,600,811"
2546,根基,2026/06,0,"-5,394","1,111,445","17,108,383","64,789","7,166,251","10,538,457",25B,25B,"12,269,256"
2547,日勝生,2026/06,"1,545","-74,222","498,002","64,518,184","7,235,855","2,923,716","49,954,238",25A,25A,"11,386,045"
2548,華固,2026/06,0,-362,"-3,393,089","53,874,564","303,970","5,047,431","33,063,415",25A,25A,"32,611,338"
2596,綠意,2026/06,0,0,"908,168","6,189,046","42,749","627,375","3,676,184",25A,25A,"3,055,000"
2597,潤弘,2026/06,"56,907","-251,189","-445,883","29,885,109","4,700,997","1,594,987","20,552,501",25B,25B,"50,802,066"
2601,益航,2026/06,0,-486,"457,025","11,404,924","6,102,264","183,670","3,955,126",26A,26A1,"4,495,029"
2603,長榮,2026/06,0,"-13,853,147","38,779,033","968,346,673","431,494,940","174,746,741","384,906,797",26A,26A2,"399,450,434"
2605,新興,2026/06,0,"-348,689","1,662,042","26,436,554","11,110,327","10,402,444","7,105,263",26A,26A1,"17,267,914"
2606,裕民,2026/06,0,"-506,721","3,609,488","91,349,531","44,101,517","19,955,710","51,034,131",26A,26A1,"50,956,877"
2607,榮運,2026/06,0,"-4,627,696","1,254,825","48,077,377","11,334,323","4,766,276","16,396,836",26C,26C,"25,931,551"
2608,嘉里大榮,2026/06,0,"-314,544","1,158,604","25,197,938","15,343,139","2,359,479","12,349,842",26C,26C,"13,472,950"
2609,陽明,2026/06,0,"-7,481,260","23,402,620","457,760,267","129,678,550","127,083,078","129,850,099",26A,26A2,"181,589,408"
2610,華航,2026/06,,"-39,284,258","22,204,454","391,026,647","144,283,657","50,494,819","285,684,010",26D,26D,"145,636,239"
2611,志信,2026/06,0,"-2,472","234,267","3,793,400","145,012","725,425","841,077",26C,26C,"2,579,877"
2612,中航,2026/06,0,"-1,892,479","814,473","27,853,685","21,514,948","2,997,808","13,980,811",26A,26A1,"10,170,478"
2613,中櫃,2026/06,0,"-341,934","392,547","10,286,246","5,147,087","733,526","7,022,267",26C,26C,"3,228,200"
2614,東森,2026/06,0,"-1,923,949","1,027,314","23,772,531","10,303,852","2,751,693","16,792,501",29A,29A9,"6,054,403"
2615,萬海,2026/06,0,"-21,489,469","21,530,075","434,774,731","197,681,376","100,813,154","145,779,135",26A,26A2,"222,246,763"
2616,山隆,2026/06,0,"-44,492","-161,318","8,077,262","3,525,024","839,084","5,544,494",99D,99D1,"1,832,715"
2617,台航,2026/06,0,"-1,953,774","1,238,039","27,765,255","21,019,830","483,143","9,809,994",26A,26A1,"12,393,632"
2618,長榮航,2026/06,,"-11,904,205","36,653,932","394,085,119","155,739,646","98,405,681","245,838,854",26D,26D,"242,479,936"
2630,亞航,2026/06,"9,918","-72,044","-209,756","5,752,327","892,180","178,821","2,367,694",22B,22B3,"10,231,046"
2633,台灣高鐵,2026/06,,"-18,362","13,556,825","385,930,792","266,012","18,878,407","315,876,320",26B,26B2,"149,149,765"
2634,漢翔,2026/06,"232,120","-555,941","7,279,566","49,919,084","8,817,975","2,988,306","31,545,652",22B,22B3,"53,309,672"
2636,台驊控股,2026/06,0,"-29,124","-383,674","23,780,614","845,454","7,562,359","13,957,455",26C,26C,"9,942,634"
2637,慧洋-KY,2026/06,0,"-441,561","5,357,147","84,278,467","70,052,233","4,243,750","34,704,280",26A,26A1,"54,189,293"
2640,大車隊,2026/06,"38,908","-31,649","358,606","4,091,900","1,145,621","1,299,129","2,006,015",26B,26B1,"9,452,768"
2641,正德,2026/06,0,"-879,548","760,146","14,820,050","10,296,888","1,490,502","5,565,235",26A,26A1,"5,929,495"
2642,宅配通,2026/06,0,"-14,471","81,575","3,588,658","530,641","643,017","1,761,261",26C,26C,"1,971,394"
2643,捷迅,2026/06,0,"-68,055","467,196","3,184,068","306,240","749,743","1,228,165",26C,26C,"2,177,000"
2645,長榮航太,2026/06,"58,833","-317,508","1,128,018","26,445,236","5,778,014","5,955,421","13,031,596",22B,22B3,"69,482,921"
2646,星宇航空,2026/06,0,"-16,251,634","7,676,096","154,291,742","69,304,401","13,530,647","123,531,015",26D,26D,"63,484,309"
2701,萬企,2026/06,,0,"80,567","9,898,307","345,255","286,104","1,419,522",27A,27A1,"4,769,661"
2702,華園,2026/06,0,"-15,732","162,361","6,775,629","3,345,396","1,499,673","3,469,186",27A,27A1,"1,957,663"
2704,國賓,2026/06,0,"-337,566","84,798","40,904,603","2,166,890","3,871,546","8,330,470",27A,27A1,"16,383,112"
2705,六福,2026/06,,"-101,072","188,144","16,022,629","4,849,898","560,559","11,081,182",27A,27A1,"3,099,271"
2706,第一店,2026/06,,"-4,079","99,633","12,035,103","385,673","234,363","1,759,618",27A,27A1,"6,249,975"
2707,晶華,2026/06,0,"-76,846","1,658,355","9,630,287","1,783,775","871,753","5,551,629",27A,27A1,"22,741,436"
2712,遠雄來,2026/06,0,"-6,700","49,230","1,621,336","1,495,157","33,699","617,086",27A,27A1,"1,601,250"
2718,全心投控,2026/06,0,"-9,258","-297,905","7,434,287","316,968","1,182,333","1,332,568",25A,25A,"4,501,406"
2719,燦星旅,2026/06,0,0,"45,756","1,026,541","8,752","296,154","281,018",27C,27C,"1,677,688"
2722,夏都,2026/06,0,"-36,150","25,286","3,936,209","1,303,070","209,790","1,089,202",27A,27A1,"3,321,544"
2727,王品,2026/06,"14,193","-614,239","1,737,442","18,341,105","2,624,140","3,154,488","13,726,069",27A,27A2,"20,486,180"
2729,瓦城,2026/06,0,"-263,382","419,988","6,394,677","3,078,776","278,215","4,122,983",27A,27A2,"6,908,081"
2731,雄獅,2026/06,,"-52,914","723,171","13,901,384","541,622","5,971,797","9,151,050",27C,27C,"13,945,061"
2732,六角,2026/06,"6,760","-94,217","319,286","5,810,956","707,538","867,377","3,601,056",27A,27A2,"3,023,735"
2734,易飛網,2026/06,0,"-39,236","73,742","1,117,818","201,064","348,758","463,043",27C,27C,"878,941"
2736,富野,2026/06,,"-8,034","10,984","2,297,286","1,383,479","216,259","883,978",27A,27A1,"947,668"
2739,寒舍,2026/06,0,"-79,511","780,570","11,366,522","851,371","875,312","9,729,632",27A,27A1,"3,468,835"
2740,華軒,2026/06,0,0,"-18,292","173,459",801,"132,451","45,163",27A,27A2,"534,708"
2743,山富,2026/06,0,"-1,969","183,966","3,313,279","282,939","1,187,976","2,178,396",27C,27C,"3,099,153"
2745,五福,2026/06,0,"-13,534","98,387","3,035,360","108,635","1,715,634","2,117,091",27C,27C,"3,600,659"
2748,雲品,2026/06,0,"-31,379","47,200","4,855,688","1,735,839","1,220,402","1,901,777",27A,27A1,"4,231,160"
2751,王座,2026/06,543,"-33,879","149,972","1,265,062","207,089","240,624","762,787",27A,27A2,"1,040,078"
2752,豆府,2026/06,"2,836","-58,887","378,513","2,310,510","446,301","521,897","1,049,129",27A,27A2,"4,711,491"
2753,八方雲集,2026/06,"8,565","-235,323","818,886","8,444,653","3,330,631","1,608,371","4,259,417",27A,27A2,"12,495,938"
2754,亞洲藏壽司,2026/06,349,"-190,637","512,764","5,128,465","1,798,900","733,450","3,301,064",27A,27A2,"3,217,820"
2755,揚秦,2026/06,844,"-39,399","157,802","2,387,573","700,883","718,195","1,281,857",27A,27A2,"5,255,600"
2756,聯發國際,2026/06,"3,574","-12,807","89,059","1,316,319","324,119","234,747","758,133",27A,27A2,"1,468,501"
2801,彰銀,2026/06,,"-473,830","-37,473,949","3,535,310,278","21,918,841","36,889,443","3,305,610,200",28A,28A,"282,385,104"
2812,台中銀,2026/06,,"-367,815","-11,966,391","1,022,898,142","21,367,849","16,298,159","926,845,544",28A,28A,"120,733,601"
2836,高雄銀,2026/06,,"-17,114","-2,320,961","351,245,772","3,710,462","2,957,201","323,276,774",28A,28A,"22,538,983"
2851,中再保,2026/06,,"-4,803","7,635,358","65,425,176","269,841","20,106,955","39,124,095",28J,28J,"28,934,062"
2867,三商壽,2026/06,,"-140,178","-6,786,971","1,656,455,153","9,930,574","69,649,207","1,536,467,007",28I,28I,"49,201,838"
2884,玉山金,2026/06,,"-794,802","-18,019,743","4,871,065,561","33,963,918","51,676,634","4,588,895,075",28L,28L,"557,814,400"
2885,元大金,2026/06,,"-1,169,504","33,534,513","5,150,931,212","30,890,188","134,190,040","4,740,801,144",28L,28L,"875,856,555"
2890,永豐金,2026/06,,"-756,977","-24,303,953","3,995,049,075","18,794,546","58,387,904","3,727,357,090",28L,28L,"578,243,648"
2891,中信金,2026/06,,"-1,454,703","-1,584,540","10,257,539,606","55,389,483","135,612,611","9,521,518,922",28L,28L,"1,397,059,758"
2901,欣欣,2026/06,0,"-2,985","27,374","1,098,290","330,264","509,770","225,247",29A,29A1,"1,731,119"
2903,遠百,2026/06,0,"-1,972,680","-660,722","129,678,860","30,121,279","12,844,346","94,719,881",29A,29A1,"32,589,643"
2904,匯僑,2026/06,0,"-38,371","105,589","1,726,144","1,083,083","165,368","473,184",26C,26C,"1,109,135"
2905,三商,2026/06,"151,284","-524,742","-5,095,247","1,690,310,381","21,168,584","72,076,558","1,561,770,249",29A,29A9,"16,433,506"
2906,高林,2026/06,0,"-92,238","266,157","13,242,947","4,118,466","984,032","6,739,529",29B,29B,"3,042,652"
2908,特力,2026/06,0,"-140,326","1,105,096","39,555,735","5,113,581","2,416,189","30,519,433",29B,29B,"10,911,603"
2910,統領,2026/06,,"-220,575","254,055","6,809,899","1,983,894","198,837","4,042,226",29A,29A1,"3,981,648"
2911,麗嬰房,2026/06,0,"-10,232","-117,716","3,528,567","35,419","604,133","2,063,773",29A,29A9,"751,651"
2912,統一超,2026/06,0,"-8,744,291","19,841,054","304,022,909","64,339,106","52,142,812","252,667,587",29A,29A4,"231,835,706"
2913,農林,2026/06,"3,280","-1,243","1,388","21,278,164","5,956,845","67,529","8,938,635",29B,29B,"8,571,500"
2915,潤泰全,2026/06,0,"-8,647","-152,366","181,271,558","1,206,142","4,147,572","14,935,304",29A,29A2,"56,982,860"
2916,滿心,2026/06,0,"-67,453","331,773","1,967,034","460,665","159,661","427,808",29A,29A9,"2,659,401"
2923,鼎固-KY,2026/06,0,-195,"-1,156,997","118,709,276","465,760","5,122,791","69,668,005",25A,25A,"47,597,123"
2924,宏太-KY,2026/06,711,-46,"-192,077","1,034,431","33,367","119,900","582,444",25B,25B,"934,046"
2926,誠品生活,2026/06,0,"-62,056","761,460","14,765,995","2,062,191","1,433,977","14,144,506",29A,29A1,"1,601,782"
2937,集雅社,2026/06,0,0,"296,673","3,051,541","573,280","275,557","1,953,872",23T,23T1,"2,129,204"
2941,米斯特,2026/06,"11,999","-169,391","49,164","745,120","234,349","86,026","399,120",23E,23E1,"540,959"
2945,三商家購,2026/06,0,"-106,037","469,337","8,158,615","1,819,203","442,565","6,057,044",29A,29A3,"2,818,125"
2947,振宇五金,2026/06,0,"-28,263","127,384","3,096,349","582,812","236,023","2,278,485",29A,29A7,"1,706,544"
2948,寶陞,2026/06,0,-357,"131,339","2,397,618","19,766","114,332","1,377,759",99B,99B,"1,160,950"
2949,欣新網,2026/06,"8,601",-470,"-147,537","3,187,291","9,797","457,480","1,990,287",23E,23E1,"2,114,229"
3002,歐格,2026/06,"23,707","-1,770","-81,953","1,974,742","227,801","664,743","562,907",23D,23D3,"2,177,700"
3003,健和興,2026/06,"81,588","-24,984","-426,311","8,738,991","1,415,466","2,124,303","2,059,032",23D,23D2,"10,335,492"
3004,豐達科,2026/06,"80,975","-558,525","-113,787","9,043,329","4,225,325","230,661","5,268,178",22B,22B3,"8,627,322"
3005,神基,2026/06,"1,029,665","-941,390","1,722,756","51,665,768","10,788,660","10,434,623","22,821,425",23D,23D4,"63,081,570"
3006,晶豪科,2026/06,"2,601,347","-222,651","10,585,892","30,076,365","2,033,732","14,527,171","11,079,473",23G,23G5E,"67,376,928"
3008,大立光,2026/06,"2,570,344","-4,807,181","18,285,271","226,130,675","52,530,430","118,482,131","32,641,764",23U,23U1,"561,123,420"
3010,華立,2026/06,0,"-363,049","1,017,418","64,133,965","8,049,300","7,181,403","34,333,748",23T,23T2,"33,597,092"
3011,今皓,2026/06,"42,509","-10,114","-163,574","2,637,900","311,737","198,836","1,273,908",23D,23D2,"1,924,575"
3013,晟銘電,2026/06,"63,130","-367,230","328,820","10,100,642","2,907,019","1,084,428","4,384,725",23D,23D4,"22,155,012"
3014,聯陽,2026/06,"620,411","-19,740","-305,564","11,049,534","619,485","2,499,600","3,702,823",23G,23G5F,"26,390,661"
3015,全漢,2026/06,"339,711","-299,495","-258,559","21,777,778","1,829,553","2,909,972","6,321,442",23D,23D3,"11,778,780"
3016,嘉晶,2026/06,"28,805","-181,220","456,484","7,560,709","2,478,819","2,727,356","2,351,178",23G,23G3C,"38,762,660"
3017,奇鋐,2026/06,"3,209,609","-7,111,878","26,290,591","194,577,196","23,817,973","77,714,522","132,451,558",23D,23D9B,"991,491,750"
3018,隆銘綠能,2026/06,0,-493,"-80,458","1,164,655","16,872","33,566","766,327",15B,15B2,"904,536"
3019,亞光,2026/06,"457,328","-521,709","842,808","29,364,997","3,427,319","12,786,405","11,967,011",23U,23U1,"39,792,270"
3021,鴻名,2026/06,0,"-19,260","23,713","3,270,764","456,584","1,014,042","1,606,641",23D,23D2,"2,851,445"
3022,威強電,2026/06,"318,337","-41,739","-898,635","17,106,614","1,945,407","2,655,112","5,480,852",23A,23A5B,"14,798,912"
3023,信邦,2026/06,"700,977","-183,069","-57,653","35,081,604","3,872,077","6,802,266","18,547,327",23D,23D2,"78,862,667"
3024,憶聲,2026/06,"15,695","-6,853","-207,749","5,004,130","212,445","689,531","2,001,140",15C,15C1,"3,409,031"
3025,星通,2026/06,"79,838","-1,714","70,595","1,218,954","136,232","287,002","442,868",23K,23K1,"3,886,416"
3026,禾伸堂,2026/06,"137,614","-473,717","829,302","17,719,679","3,753,998","4,525,393","7,184,707",23D,23D5,"139,679,380"
3027,盛達,2026/06,"42,012","-4,108","6,462","2,991,420","476,442","505,329","714,906",23D,23D3,"2,644,686"
3028,增你強,2026/06,0,"-18,007","-6,597,719","38,247,640","421,864","4,817,153","30,994,129",23T,23T2,"19,714,727"
3029,零壹,2026/06,"11,979","-209,782","-263,012","18,018,106","989,680","3,108,734","11,491,293",23X,23X9,"16,700,500"
3030,德律,2026/06,"388,087","-31,446","1,001,121","14,814,386","4,184,855","2,241,531","5,081,461",23H,23H2,"77,360,740"
3031,佰鴻,2026/06,"7,400","-1,544","-39,625","3,623,013","325,440","790,882","648,071",23C,23C6C,"5,802,301"
3032,偉訓,2026/06,"150,651","-169,803","105,716","17,442,880","1,898,050","2,134,336","13,549,375",23D,23D4,"8,881,622"
3033,威健,2026/06,0,"-2,342","-2,561,637","58,096,179","142,142","3,711,920","45,547,272",23T,23T2,"25,518,015"
3034,聯詠,2026/06,"9,125,883","-599,185","11,826,235","119,088,269","7,233,035","53,989,829","50,127,209",23G,23G5G,"325,553,385"
3035,智原,2026/06,"1,691,269","-99,716","2,157,112","25,115,433","678,545","9,487,560","7,188,707",23G,23G5L,"54,976,050"
3036,文曄,2026/06,"357,549","-281,406","20,730,778","812,739,198","4,894,860","37,148,920","688,063,958",23T,23T2,"271,905,190"
3037,欣興,2026/06,"3,224,138","-11,685,205","13,323,412","313,242,650","125,937,420","93,096,071","185,522,162",23B,23B2A,"1,702,315,430"
3038,全台,2026/06,"70,965","-32,702","1,628","3,845,331","529,621","694,942","1,284,508",23C,23C8D,"3,478,717"
3040,遠見,2026/06,"2,376",0,"9,856","1,853,444","72,247","997,286","461,435",25F,25F,"2,516,550"
3041,揚智,2026/06,"263,537","-5,568","-269,522","4,157,712","284,604","620,539","2,665,723",23G,23G5B,"4,063,974"
3042,晶技,2026/06,"514,290","-410,831","1,167,295","23,292,602","7,128,371","4,682,118","7,419,102",23D,23D6,"64,311,188"
3043,科風,2026/06,"22,117","-1,276","46,532","1,915,150","271,860","212,931","1,204,236",23D,23D3,"865,267"
3044,健鼎,2026/06,"132,042","-7,188,174","3,594,267","108,840,124","20,249,277","13,962,751","53,117,584",23B,23B2B,"272,263,908"
3045,台灣大,2026/06,"450,724","-4,211,101","21,190,446","237,393,650","48,766,069","12,123,124","145,334,996",23K,23K3,"433,779,712"
3046,建碁,2026/06,"16,333","-1,002","2,739","4,748,740","8,535","1,862,292","3,086,582",23A,23A5B,"3,993,003"
3047,訊舟,2026/06,"201,126","-24,922","-70,556","6,363,775","2,524,831","1,536,426","3,283,678",23K,23K4,"3,517,525"
3048,益登,2026/06,0,"-23,897","648,733","39,047,552","692,917","2,346,040","31,681,784",23T,23T2,"16,972,307"
3049,精金,2026/06,0,"-39,229","153,201","14,775,441","3,610,178","2,285,913","5,817,266",23C,23C8E,"10,867,249"
3050,鈺德,2026/06,0,"-73,443","84,810","5,712,942","2,656,035","1,607,994","2,735,666",23C,23C4A,"1,968,297"
3051,力特,2026/06,"22,133","-12,090","32,794","4,065,781","1,390,556","124,472","1,492,982",23C,23C8C,"4,534,050"
3052,夆典,2026/06,812,"-1,834","305,817","11,648,485","77,570","616,220","8,028,763",25B,25B,"2,495,732"
3054,立萬利,2026/06,"5,444",0,"175,292","1,737,284","10,588","309,695","199,243",17C,17C2,"5,064,883"
3055,蔚華科,2026/06,"25,833","-18,903","-130,289","1,965,492","586,047","772,963","322,200",23H,23H3,"13,337,100"
3056,富華新,2026/06,0,"-7,340","-137,906","15,161,609","165,918","3,123,337","6,784,305",25A,25A,"6,944,020"
3057,喬鼎,2026/06,"56,489","-2,018","-93,275","885,678","14,942","294,560","262,089",23C,23C4B,"1,309,795"
3058,立德,2026/06,"66,073","-45,808","-289,930","5,172,867","1,466,916","268,807","3,493,892",23D,23D3,"1,865,938"
3059,華晶科,2026/06,"502,596","-213,928","3,483","16,671,397","2,898,706","4,820,115","5,978,434",23U,23UZ,"15,354,330"
3060,銘異,2026/06,"57,738","-14,698","-41,583","4,666,209","569,464","545,977","1,904,628",23C,23C4B,"5,055,440"
3062,建漢,2026/06,"173,448","-34,544","-227,345","6,240,295","1,857,716","785,425","2,197,516",23K,23K4,"8,252,300"
3064,泰偉,2026/06,"21,407",-115,"-4,996","303,087","208,718","22,479","247,978",23A,23A5B,"260,220"
3066,李洲,2026/06,"7,753","-1,577","36,848","2,402,489","212,217","99,369","636,122",23C,23C6C,"2,010,318"
3067,全域,2026/06,0,0,"-10,798","305,610","79,750","45,725","57,713",23U,23U2,"370,000"
3071,協禧,2026/06,"51,573","-19,721","58,766","4,224,058","538,628","1,662,508","2,216,572",23D,23D9B,"3,542,000"
3073,天方能源,2026/06,0,"-161,821","-10,510","2,349,173","1,549,311","100,236","1,679,556",99D,99D4,"867,266"
3078,僑威,2026/06,"151,304","-58,695","290,155","10,517,483","1,902,170","3,731,350","3,689,674",23D,23D3,"12,051,723"
3081,聯亞,2026/06,"115,150","-790,511","551,405","6,217,544","1,717,708","513,983","1,498,638",23G,23G3A,"186,884,340"
3083,網龍,2026/06,"94,044",-230,"15,335","1,471,945","4,485","251,406","144,607",23X,23X2,"2,412,987"
3085,新零售,2026/06,"16,499","-1,526","-17,138","488,963","76,819","248,944","102,576",23E,23E1,"842,032"
3086,華義*,2026/06,0,"-3,207","-11,127","338,491","79,975","103,963","32,257",23X,23X2,"8,849,472"
3088,艾訊,2026/06,"382,594","-23,332","-64,111","8,470,503","2,261,504","1,521,807","2,853,595",23A,23A5B,"15,930,796"
3090,日電貿,2026/06,0,"-11,207","-543,360","26,968,034","323,871","1,435,205","8,331,936",23T,23T2,"92,740,358"
3092,鴻碩,2026/06,"50,821","-56,795","-145,728","4,844,027","2,370,508","502,142","3,578,441",23D,23D2,"3,263,459"
3093,港建*,2026/06,"2,120","-2,086","38,832","2,347,613","333,033","871,019","774,439",23H,23H3,"10,451,232"
3094,聯傑,2026/06,"31,413",-254,"22,347","1,178,229","131,344","702,134","140,329",23G,23G5B,"3,278,966"
3095,及成,2026/06,0,"-17,354","11,392","1,041,497","472,164","146,430","840,302",23D,23D4,"378,000"
3105,穩懋,2026/06,"621,346","-1,012,947","-673,387","63,489,961","18,876,813","5,319,773","19,242,669",23G,23G3A,"180,598,440"
3114,好德,2026/06,0,-577,"15,537","2,696,631","107,348","865,459","1,051,644",23T,23T2,"3,168,575"
3115,富榮綱,2026/06,0,-177,"-33,241","603,488",417,"417,878","62,646",23B,23B3X,"613,683"
3118,進階,2026/06,"6,367",-664,"58,652","799,077","305,578","195,381","259,497",17G,17G3,"1,032,005"
3122,笙泉,2026/06,"43,014",-100,"-11,462","411,073","141,504","36,615","87,395",23G,23G5H,"1,251,854"
3128,昇銳,2026/06,"47,163","-64,960","85,882","1,949,408","945,947","193,652","1,150,004",23C,23C9,"1,152,169"
3130,一零四,2026/06,"131,671","-7,708","371,732","4,353,989","238,313","500,411","2,787,484",23E,23E2,"7,384,998"
3131,弘塑,2026/06,"242,535","-1,170,867","673,286","15,356,827","3,339,354","5,133,053","12,169,991",23H,23H2,"108,290,160"
3135,凌航,2026/06,"30,607","-24,712","-2,111,529","10,047,133","540,610","242,835","5,402,100",23G,23G3B,"17,440,041"
3138,耀登,2026/06,"133,611","-373,405","125,581","4,346,602","1,583,941","1,072,024","1,699,985",23K,23K2,"6,825,610"
3141,晶宏,2026/06,"184,082","-50,186","251,635","4,102,417","870,250","1,036,389","1,266,006",23G,23G5G,"5,897,409"
3147,大綜,2026/06,0,"-3,721","2,034,828","8,521,913","385,267","1,982,834","6,586,470",23X,23X1,"11,009,124"
3149,正達,2026/06,"37,730","-43,379","-296,006","5,533,078","1,007,842","1,204,782","3,164,682",23C,23C8E,"22,962,751"
3150,鈺寶-創,2026/06,"50,233",-327,"-22,221","687,076","19,879","62,640","96,927",23G,23G5B,
3152,璟德,2026/06,"46,949","-4,041","270,616","4,414,415","1,697,762","130,343","768,649",23D,23D5,"12,660,692"
3158,嘉實,2026/06,"142,213","-22,886","98,743","1,339,818","317,601","101,476","385,537",23X,23X9,"2,564,401"
3162,精確,2026/06,"123,164","-482,633","31,793","12,764,927","4,883,991","693,451","8,563,230",15D,15D,"12,409,317"
3163,波若威,2026/06,"47,142","-193,087","-176,173","4,388,671","530,385","385,386","1,102,550",23K,23K6,"63,788,472"
3164,景岳,2026/06,"21,877",-644,"41,887","1,671,139","917,966","102,700","241,978",17C,17C2,"1,367,559"
3167,大量,2026/06,"333,592","-76,434","808,320","12,098,810","1,928,409","1,440,288","7,802,996",23H,23H2,"76,142,902"
3168,眾福科,2026/06,"115,164","-19,986","-27,964","3,955,745","784,232","981,113","1,526,705",23C,23C8D,"3,191,750"
3169,亞信,2026/06,"77,406","-8,721","155,387","2,187,293","45,614","1,547,345","418,379",23G,23G5B,"6,773,849"
3171,炎洲流通,2026/06,0,"-5,714","-2,203","1,836,292","327,018","296,324","1,136,608",13A,13A9,"2,301,701"
3176,基亞,2026/06,"97,187","-375,363","-180,381","6,901,574","1,631,244","943,901","2,191,363",17C,17C1D,"4,680,715"
3178,公準,2026/06,"20,288","-39,227","98,862","2,770,801","1,394,387","292,919","1,554,687",23H,23H2,"3,031,865"
3188,鑫龍騰,2026/06,0,0,"1,211,890","10,312,110",0,"1,342,794","6,948,346",25A,25A,"4,528,658"
3189,景碩,2026/06,"1,278,752","-3,516,694","3,943,497","84,534,498","44,337,401","11,055,507","31,548,092",23B,23B2A,"469,482,156"
3191,雲嘉南,2026/06,509,"-28,033","2,670","382,150","48,423","40,348","138,158",23D,23D9D,"834,883"
3205,佰研,2026/06,"5,641","-50,868","-189,071","1,137,382","53,385","154,121","134,443",12C,12C,"3,519,147"
3206,志豐,2026/06,"66,464","-9,712","53,453","3,216,415","269,152","891,980","1,499,720",23U,23U2,"2,212,333"
3207,耀勝,2026/06,"32,261","-43,546","-51,175","6,193,893","2,422,667","634,884","2,566,580",23D,23D5,"4,350,641"
3209,全科,2026/06,"66,521","-1,373","-1,760,227","22,973,937","1,055,375","1,388,359","17,135,057",23T,23T2,"13,935,147"
3211,順達,2026/06,"251,700","-139,884","-1,311,941","18,863,760","2,743,198","2,195,081","9,903,837",23D,23D7,"63,733,334"
3213,茂訊,2026/06,"58,676","-30,043","-373,577","5,636,737","349,079","1,448,232","1,693,273",23A,23A2,"7,071,663"
3217,優群,2026/06,"127,757","-110,159","423,769","7,125,516","952,225","2,257,971","2,276,103",23D,23D2,"16,128,616"
3218,大學光,2026/06,0,"-147,499","936,666","6,399,421","1,825,608","1,004,797","2,495,761",17X,17X1,"11,607,325"
3219,倚強科,2026/06,"220,602","-14,286","-32,944","3,437,172","461,577","1,155,625","1,574,265",23H,23H2,"5,275,904"
3221,台嘉碩,2026/06,"84,184","-92,298","79,194","3,179,938","810,756","585,605","964,216",23D,23D6,"6,156,633"
3224,三顧,2026/06,"65,517","-299,257","-46,067","3,811,912","1,391,637","1,390,873","1,155,791",23T,23T2,"2,951,031"
3226,龍鋒,2026/06,"23,595","-125,181","135,253","2,468,177","676,560","600,114","610,401",15D,15D,"2,957,383"
3227,原相,2026/06,"1,428,197","-68,079","934,116","19,575,991","805,015","6,942,474","4,413,655",23G,23G5I,"36,161,244"
3228,金麗科,2026/06,"122,726","-10,248","5,741","792,626","160,067","109,241","112,038",23G,23G5L,"12,912,692"
3229,晟鈦,2026/06,858,"-8,102","1,851","1,053,445","189,196","104,626","371,931",23B,23B3X,"2,699,046"
3230,錦明,2026/06,"13,790","-25,248","-70,652","1,289,306","259,205","455,001","397,815",23D,23D4,"3,995,211"
3231,緯創,2026/06,"17,499,663","-23,556,274","-251,356,473","1,573,108,981","105,103,557","123,163,873","1,295,840,944",23A,23A1,"504,038,242"
3232,昱捷,2026/06,"6,514","-41,261","-23,451","1,194,232","261,389","193,966","503,316",23T,23T2,"1,050,108"
3234,光環,2026/06,"61,337","-38,337","-40,716","1,259,869","393,404","351,343","547,861",23K,23K6,"14,213,063"
3236,千如,2026/06,"54,986","-158,935","211,535","3,489,889","1,560,936","648,228","1,699,853",23D,23D5,"7,234,569"
3252,海灣,2026/06,0,"-56,558","28,607","3,974,381","3,152,709","119,703","1,968,959",27A,27A1,"890,979"
3257,虹冠電,2026/06,"69,884","-2,131","90,478","2,364,976","142,053","172,342","750,355",23G,23G5D,"5,404,085"
3259,鑫創,2026/06,"54,897","-2,857","-123,906","486,914","82,542","50,191","148,566",23G,23G5J,"1,203,939"
3260,威剛,2026/06,"1,043,125","-720,503","-8,392,303","110,656,822","12,420,603","6,360,331","69,608,962",23G,23G3B,"136,528,290"
3264,欣銓,2026/06,"302,690","-7,007,305","2,541,239","41,333,257","28,230,450","1,825,775","21,706,278",23G,23G2,"108,817,740"
3265,台星科,2026/06,"4,968","-1,381,110","735,430","10,770,225","5,690,008","2,876,164","4,453,508",23G,23G2,"24,459,029"
3266,昇陽,2026/06,769,"-2,912","-714,583","16,028,349","91,811","1,275,600","9,795,435",25A,25A,"4,809,086"
3268,海德威,2026/06,"14,029",-559,"-11,455","1,006,389","25,774","63,973","525,228",23G,23G5H,"723,933"
3272,東碩,2026/06,"96,254","-24,859","-140,732","4,664,553","1,702,533","605,183","3,781,638",23C,23C3,"966,597"
3276,宇環,2026/06,0,"-9,534","-6,526","1,557,622","91,397","209,614","630,742",23B,23B2C,"1,160,721"
3284,太普高,2026/06,"2,061","-5,694","-104,388","3,678,748","152,343","621,452","1,815,198",99C,99C,"3,108,009"
3285,微端,2026/06,"5,888","-1,338","95,291","1,341,454","97,721","538,359","697,962",23C,23C8D,"2,096,152"
3287,廣寰科,2026/06,"4,519","-17,699","59,951","1,319,890","124,404","141,843","439,584",23A,23A4B,"1,415,834"
3288,點晶,2026/06,"14,684",0,"8,388","192,263","2,801","4,763","86,381",23G,23G5D,"334,971"
3289,宜特,2026/06,"144,468","-258,637","490,341","8,639,062","3,990,122","657,858","3,892,083",23Z,23Z,"15,137,177"
3290,東浦,2026/06,"54,349","-150,106","23,613","6,356,475","1,755,333","1,259,804","3,857,626",23D,23D9A,"5,990,276"
3293,鈊象,2026/06,"2,687,943","-42,815","8,007,175","33,615,315","2,815,613","8,028,888","18,496,423",23X,23X2,"222,341,778"
3294,英濟,2026/06,"85,589","-187,195","187,462","5,420,348","896,663","1,272,987","3,033,483",23D,23D4,"4,877,991"
3296,勝德,2026/06,"38,951","-53,709","-48,453","2,264,530","487,524","624,755","985,409",23D,23D3,"2,795,324"
3297,杭特,2026/06,"27,916","-1,156","-42,676","750,309","273,641","57,717","144,811",23C,23C9,"1,117,519"
3303,岱稜,2026/06,"60,820","-93,595","135,555","4,326,292","1,215,367","876,033","1,936,184",13A,13A8,"5,466,687"
3305,昇貿,2026/06,"53,850","-53,002","-1,204,516","15,068,826","1,690,778","2,093,832","8,988,219",23B,23B3X,"19,928,986"
3306,鼎天,2026/06,"89,632","-2,248","15,546","4,493,023","14,278","241,611","448,023",23K,23K5,"2,441,836"
3308,聯德,2026/06,"2,362","-29,805","-1,393","2,177,996","503,679","448,752","1,018,445",23D,23D3,"1,284,000"
3310,佳穎,2026/06,"38,434","-13,106","180,954","6,651,483","457,062","805,046","4,842,862",23D,23D9A,"4,924,084"
3311,閎暉,2026/06,"23,801","-88,929","-80,862","5,207,220","506,473","617,061","1,551,629",23D,23D9A,"3,790,000"
3312,弘憶股,2026/06,"15,790","-1,799","-75,669","12,917,645","323,423","2,514,834","8,896,319",23T,23T2,"10,884,569"
3313,斐成,2026/06,0,0,"10,019","3,711,107","3,214","804,868","1,524,735",25B,25B,"2,487,758"
3317,尼克森,2026/06,"106,573","-18,009","249,743","4,197,171","355,711","2,058,086","817,668",23G,23G5K,"8,046,000"
3321,同泰,2026/06,"43,714","-34,043","8,313","2,054,239","380,663","127,342","1,382,872",23B,23B2C,"2,023,679"
3322,建舜電,2026/06,"90,287","-95,129","-46,330","3,563,453","1,567,500","272,636","1,982,364",23D,23D2,"1,967,423"
3323,加百裕,2026/06,"95,041","-22,590","-90,512","4,558,377","388,238","928,410","2,095,309",23D,23D7,"3,326,406"
3324,雙鴻,2026/06,"933,983","-1,976,616","376,071","33,901,834","7,551,545","4,572,028","20,049,278",23D,23D9B,"94,007,770"
3325,旭品,2026/06,"6,534","-16,343","-132,385","1,748,580","395,769","332,514","723,149",23D,23D4,"1,465,248"
3332,幸康,2026/06,"99,636","-34,038","109,870","2,617,425","621,825","911,798","727,374",23D,23D3,"3,107,518"
3338,泰碩,2026/06,"92,055","-25,674","-75,239","3,745,875","532,364","649,978","1,785,882",23D,23D9B,"6,241,468"
3339,泰谷,2026/06,"61,001","-141,492","-56,898","1,532,864","280,075","328,571","795,351",23C,23C6B,"2,855,767"
3346,麗清,2026/06,"184,504","-93,007","-140,763","10,468,549","1,574,541","2,721,636","6,886,110",23C,23C6C,"3,291,340"
3349,寶德,2026/06,"22,445",-577,"9,586","541,211","20,615","209,722","234,770",23C,23C3,"838,510"
3354,律勝,2026/06,"28,122","-2,778","-2,594","875,718","353,640","117,823","98,565",23B,23B3C,"1,910,552"
3356,奇偶,2026/06,"70,828",-485,"21,190","3,457,335","2,017","722,559","614,747",23C,23C9,"5,049,983"
3357,臺慶科,2026/06,"123,106","-288,095","343,756","16,713,384","4,474,649","2,591,072","4,999,667",23D,23D5,"37,127,134"
3360,尚立,2026/06,"14,968","-5,527","-52,649","5,000,333","382,908","949,652","4,183,342",23T,23T2,"1,734,325"
3362,先進光,2026/06,"257,114","-501,561","2,918","10,872,031","5,167,675","1,035,279","6,954,093",23U,23U1,"27,867,105"
3363,上詮,2026/06,"116,605","-171,274","-151,980","6,430,987","760,855","4,269,781","713,835",23K,23K6,"65,684,498"
3372,典範,2026/06,"5,813","-49,122","-12,697","1,850,077","886,987","223,756","366,347",23G,23G2,"4,741,779"
3373,熱映,2026/06,"30,470","-2,448","-24,636","859,520","88,555","109,458","72,496",17G,17G1,"788,094"
3374,精材,2026/06,"160,619","-1,617,766","1,650,325","18,395,515","10,048,653","6,124,816","8,535,572",23G,23G2,"77,745,786"
3376,新日興,2026/06,"337,386","-250,405","72,537","22,829,406","6,971,641","1,804,658","6,287,555",23D,23D9A,"38,960,220"
3379,彬台,2026/06,0,-242,"-140,803","1,178,171","177,090","171,245","572,572",15H,15H,"1,226,855"
3380,明泰,2026/06,"932,734","-49,157","-869,662","25,777,401","3,596,678","5,320,783","12,890,194",23K,23K4,"18,445,498"
3388,崇越電,2026/06,0,"-501,772","-166,389","7,664,931","944,903","2,714,143","2,548,040",23T,23T2,"6,445,724"
3390,旭軟,2026/06,"24,476","-149,540","-8,644","2,166,237","790,572","511,671","732,692",23B,23B2C,"2,205,374"
3402,漢科,2026/06,"10,026","-128,769","62,416","6,991,305","1,389,343","2,470,583","4,876,471",23H,23H1,"10,811,104"
3406,玉晶光,2026/06,"1,165,285","-699,534","2,916,924","44,636,723","18,365,775","13,193,797","17,597,964",23U,23U1,"74,297,637"
3413,京鼎,2026/06,"439,984","-1,440,970","-98,720","30,321,786","10,465,951","6,514,513","12,291,275",23H,23H2,"36,660,713"
3416,融程電,2026/06,"131,746","-9,442","13,505","5,539,798","1,609,656","710,790","1,969,960",23A,23A5B,"14,288,040"
3419,譁裕,2026/06,"81,544","-13,178","-110,168","1,888,297","665,715","186,327","995,671",23K,23K2,"1,668,648"
3430,奇鈦科,2026/06,"17,361","-160,728","124,591","1,850,051","576,121","399,065","664,501",17Z,17Z,"4,855,104"
3432,台端,2026/06,"2,479",-128,"-69,965","441,803","67,448","179,275","147,606",23D,23D2,"768,586"
3434,哲固,2026/06,"19,210","-7,039","35,191","713,286","243,672","107,943","247,183",23C,23C1,"1,054,773"
3437,榮創,2026/06,"49,335","-37,796","-150,664","2,789,301","570,832","891,258","496,752",23C,23C6C,"3,180,056"
3438,類比科,2026/06,"120,884","-5,386","34,139","3,346,184","491,273","946,639","585,810",23G,23G5D,"3,287,470"
3441,聯一光,2026/06,"2,534","-1,293","46,894","1,150,436","43,814","637,839","306,452",23U,23U1,"3,203,200"
3443,創意,2026/06,"2,059,611","-848,752","5,223,546","37,385,404","2,216,193","10,034,146","23,920,056",23G,23G5L,"649,288,140"
3444,利機,2026/06,"15,472","-12,875","-7,346","1,664,912","297,451","707,777","615,530",23T,23T2,"4,090,227"
3447,展達,2026/06,"53,713","-18,339","298,887","3,139,385","184,378","942,563","1,898,360",23K,23K4,"2,861,741"
3450,聯鈞,2026/06,"171,490","-783,537","1,021,541","15,550,708","5,561,664","3,087,311","6,965,105",23K,23K6,"77,502,292"
3455,由田,2026/06,"118,283","-25,175","-117,942","4,151,583","1,342,037","604,696","1,751,995",23H,23H2,"14,064,985"
3465,進泰電子,2026/06,"29,675","-158,715","-495,360","2,649,406","647,052","76,836","1,829,398",23U,23U2,"1,261,281"
3466,德晉,2026/06,"1,351","-48,651","-131,953","1,796,386","474,853","1,031,282","384,694",23K,23K2,"2,332,865"
3467,台灣精材,2026/06,"23,785","-76,449","34,953","956,620","337,623","216,687","352,798",23G,23G3C,"1,925,523"
3479,安勤,2026/06,"188,534","-188,139","-630,248","9,178,765","2,108,487","1,438,272","5,267,683",23A,23A5B,"10,313,744"
3481,群創,2026/06,"5,883,847","-5,194,751","14,334,953","402,705,327","98,732,956","84,407,916","175,275,668",23C,23C8A,"548,857,834"
3483,力致,2026/06,"350,558","-289,919","313,741","9,517,162","2,168,185","1,848,399","4,644,368",23D,23D9B,"8,934,220"
3484,崧騰,2026/06,"118,846","-21,160","122,733","5,330,289","1,089,319","1,885,968","2,041,620",23D,23D2,"4,043,876"
3485,敘豐,2026/06,"13,146","-1,603","85,865","2,918,059","165,546","2,180,523","512,639",23H,23H2,"11,300,044"
3489,森寶,2026/06,0,0,"-207,338","4,227,585",285,"395,575","3,291,165",25A,25A,"2,071,351"
3490,單井,2026/06,0,"-56,203","13,448","2,474,655","1,015,619","179,968","893,138",23H,23H2,"1,696,935"
3491,昇達科,2026/06,"144,515","-433,967","132,311","7,243,612","2,176,028","1,979,339","2,702,360",23K,23K2,"91,854,675"
3492,長盛,2026/06,"2,685","-5,344","11,611","1,000,931","131,923","261,619","357,747",23D,23D2,"801,247"
3494,誠研,2026/06,"19,666","-29,467","-71,154","1,832,625","1,203,740","46,701","1,216,741",23T,23T1,"748,920"
3498,陽程,2026/06,"128,453","-9,929","727,446","5,350,957","582,778","1,339,685","2,857,413",23H,23H2,"7,260,851"
3499,環天科,2026/06,"20,565","-2,896","-33,069","671,763","215,745","187,892","243,785",23K,23K5,"808,074"
3501,維熹,2026/06,"16,681","-172,123","-288,110","9,931,242","3,112,015","1,368,437","2,898,111",23D,23D2,"4,819,014"
3504,揚明光,2026/06,"128,933","-103,606","126,954","4,455,284","1,452,426","1,256,838","1,609,497",23C,23CZ1,"9,147,612"
3508,位速,2026/06,"41,116","-7,071","-69,561","2,765,048","942,645","457,148","2,301,135",23D,23D4,"1,981,379"
3511,矽瑪,2026/06,"37,628","-27,466","37,774","2,528,323","712,521","332,628","764,400",23D,23D2,"1,931,348"
3512,皇龍,2026/06,300,-125,"-1,220,506","6,328,310","49,819","632,870","3,825,994",25A,25A,"2,295,362"
3515,華擎,2026/06,"1,114,435","-25,106","-3,717,285","31,675,274","1,443,332","3,017,932","16,603,317",23A,23A3,"28,909,296"
3516,亞帝歐,2026/06,"18,767","-286,496","208,304","2,988,333","1,594,805","228,299","1,288,839",15C,15C4,"1,727,269"
3518,柏騰,2026/06,"18,369","-64,379","49,191","2,439,565","905,310","587,651","733,989",23Z,23Z,"3,053,517"
3520,華盈,2026/06,"5,897","-16,751","44,311","1,551,385","442,949","206,719","755,972",23D,23D2,"1,080,898"
3521,台鋼建設,2026/06,0,-181,"-488,972","2,303,668","1,613","794,858","48,727",25A,25A,"2,247,769"
3522,御嵿,2026/06,0,"-59,907","3,542","2,368,233","506,833","375,742","1,649,604",27A,27A2,"1,457,344"
3523,迎輝,2026/06,"12,539","-5,813","-33,298","1,809,570","537,980","52,423","1,436,526",23C,23C8C,"1,092,386"
3526,凡甲,2026/06,"50,583","-119,706","424,681","7,644,768","902,008","1,763,194","3,508,557",23D,23D2,"20,761,427"
3527,聚積,2026/06,"188,586","-5,327","68,512","2,711,726","169,487","1,229,191","467,718",23G,23G5Z,"2,902,259"
3528,安馳,2026/06,"36,269","-3,292","-1,941,931","14,651,854","26,125","948,831","12,376,626",23T,23T2,"6,657,236"
3529,力旺,2026/06,"559,654","-54,215","1,376,566","6,247,855","472,148","4,750,919","2,693,979",23G,23G5L,"218,456,550"
3530,晶相光,2026/06,"145,047","-15,103","-59,692","2,952,435","31,793","1,105,783","474,766",23G,23G5I,"5,384,582"
3531,先益,2026/06,"30,038","-17,869","24,056","2,285,043","204,231","1,232,117","399,080",23C,23C8B,"1,388,673"
3532,台勝科,2026/06,0,"-713,817","968,188","51,283,543","41,141,714","1,977,652","26,988,973",23G,23G3C,"141,176,672"
3533,嘉澤,2026/06,"2,121,871","-3,090,908","4,593,369","58,133,282","15,260,666","13,982,858","15,024,280",23D,23D2,"237,448,850"
3535,晶彩科,2026/06,"100,806","-6,634","64,090","1,632,466","413,245","154,880","508,184",23H,23H2,"9,170,032"
3537,堡達,2026/06,0,0,"294,616","2,119,719","214,663","510,292","830,084",23T,23T2,"4,426,324"
3540,曜越,2026/06,"75,917","-5,200","136,403","5,625,857","120,470","796,702","3,711,075",23D,23D3,"2,204,380"
3541,西柏,2026/06,"90,138","-5,708","-42,993","2,253,535","383,877","1,044,623","1,526,970",23C,23C3,"1,231,226"
3543,州巧,2026/06,"23,835","-215,039","-263,359","5,552,175","1,530,097","1,091,737","1,879,360",23D,23D9A,"3,203,140"
3545,敦泰,2026/06,"1,082,390","-127,736","362,809","13,385,717","2,636,040","4,118,222","4,488,126",23G,23G5G,"12,368,554"
3546,宇峻,2026/06,"240,828","-114,768","200,541","2,516,083","796,805","529,087","941,216",23X,23X2,"4,907,868"
3548,兆利,2026/06,"119,230","-149,154","53,409","12,028,949","3,007,342","3,445,035","5,843,191",23D,23D9A,"5,758,240"
3550,聯穎,2026/06,"64,735","-12,958","-232,109","4,408,185","1,082,505","859,328","2,637,223",23D,23D2,"3,420,090"
3551,世禾,2026/06,"54,376","-84,374","243,671","6,531,084","2,633,856","1,087,113","1,527,204",23H,23H2,"12,704,100"
3552,同致,2026/06,"498,149","-222,856","-153,097","11,800,753","1,524,482","2,236,850","7,396,957",15D,15D,"4,670,689"
3555,博士旺,2026/06,"3,553","-16,007","173,892","984,523","24,103","262,186","146,776",23X,23X1,"8,059,799"
3556,禾瑞亞,2026/06,"134,083","-5,873","235,118","1,717,996","7,151","909,096","469,193",23G,23G5A,"4,567,505"
3557,嘉威,2026/06,"39,800","-286,162","396,940","6,356,008","2,478,243","281,701","3,806,656",99B,99B,"2,150,033"
3558,神準,2026/06,"532,788","-340,421","-548,609","14,486,922","4,475,563","2,348,681","8,207,436",23K,23K4,"8,002,766"
3563,牧德,2026/06,"177,658","-99,487","453,464","7,915,065","253,212","1,419,437","2,232,949",23H,23H2,"45,284,388"
3564,其陽,2026/06,"168,098","-50,722","-290,990","3,510,392","890,224","430,785","2,127,792",23A,23A5B,"2,604,368"
3567,逸昌,2026/06,"3,771","-32,648","41,800","629,837","356,887","149,216","73,476",23G,23G2,"1,018,620"
3570,大塚,2026/06,"48,661","-16,198","-22,457","1,784,473","45,984","602,124","716,662",23X,23X9,"2,983,427"
3576,聯合再生,2026/06,"24,328","-100,854","-167,309","24,182,413","7,984,075","5,716,875","11,249,187",23C,23C7C,"28,323,633"
3577,泓格,2026/06,"119,632","-14,167","140,986","2,038,844","685,408","292,501","565,226",23A,23A5B,"7,579,971"
3580,友威科,2026/06,"17,546","-165,108","58,987","1,953,052","857,574","464,888","917,629",23H,23H2,"3,745,798"
3581,博磊,2026/06,"48,711","-2,130","-19,910","2,469,552","132,025","598,593","1,402,246",23H,23H2,"7,217,349"
3583,辛耘,2026/06,"314,230","-260,422","1,213,434","29,898,314","3,359,187","7,428,601","19,373,138",23H,23H2,"75,582,536"
3587,閎康,2026/06,"130,575","-240,199","896,032","9,787,750","3,171,979","3,483,055","3,846,638",23Z,23Z,"20,932,020"
3588,通嘉,2026/06,"142,980","-17,527","32,180","2,176,138","434,094","541,893","362,446",23G,23G5D,"4,184,528"
3591,艾笛森,2026/06,"61,265","-373,179","-23,531","4,689,701","1,993,936","999,670","1,609,826",23C,23C6C,"3,794,601"
3592,瑞鼎,2026/06,"1,995,290","-105,187","136,695","21,622,341","605,960","2,906,019","10,233,644",23G,23G5G,"21,125,618"
3593,力銘,2026/06,0,"-86,509","-43,360","1,137,774","160,166","91,126","929,822",23D,23D4,"939,746"
3594,磐儀,2026/06,"163,822","-24,123","-150,506","5,543,638","589,536","515,406","2,898,166",23A,23A5B,"4,912,538"
3596,智易,2026/06,"1,434,898","-289,637","-3,287,238","54,210,955","5,731,193","6,954,312","37,666,699",23K,23K4,"42,307,968"
3597,映興,2026/06,"3,351","-6,635","3,398","1,649,172","771,307","232,520","1,056,524",23D,23D2,"1,022,098"
3605,宏致,2026/06,"324,920","-510,667","555,623","16,115,993","5,007,730","2,664,104","7,184,188",23D,23D2,"13,653,533"
3607,谷崧,2026/06,"1,567","-12,852","-21,036","3,125,090","502,109","529,948","1,403,139",23D,23D4,"2,043,922"
3609,三一東林,2026/06,"10,253","-15,053","-35,296","1,018,691","96,446","185,721","571,853",15C,15C4,"1,000,815"
3611,鼎翰,2026/06,"329,930","-125,279","-42,975","14,075,635","1,601,409","958,612","7,697,705",23A,23A5A,"9,606,110"
3615,安可,2026/06,"9,533","-12,535","55,615","3,114,790","925,283","563,456","577,046",23C,23C8E,"3,615,058"
3617,碩天,2026/06,"236,602","-355,155","909,732","15,852,753","1,675,395","4,769,604","5,864,280",23D,23D3,"20,185,158"
3622,洋華,2026/06,"18,230","-15,219","8,807","9,317,460","748,447","563,237","1,330,394",23C,23C8E,"8,792,157"
3623,富晶通,2026/06,"5,012","-1,868","-8,799","466,206","5,052","136,156","90,100",23C,23C8E,"691,708"
3624,光頡,2026/06,"38,610","-137,490","310,155","4,547,308","1,162,913","701,616","949,578",23D,23D5,"17,894,503"
3625,西勝,2026/06,"44,984","-40,290","-28,636","1,623,214","802,736","176,218","1,104,099",23D,23D7,"1,810,815"
3628,盈正,2026/06,"112,073","-10,032","71,116","3,774,636","726,568","408,458","2,169,320",23D,23D3,"3,150,000"
3629,地心引力,2026/06,0,0,"4,381","55,626","2,265","38,775","12,491",23X,23X2,"491,030"
3630,新鉅科,2026/06,"126,053","-216,266","-103,245","4,265,642","1,460,923","1,160,546","1,333,496",23U,23U1,"6,146,179"
3631,晟楠,2026/06,0,"-21,912","-29,475","2,497,409","756,834","211,803","1,040,088",23B,23B3X,"2,814,642"
3632,研勤,2026/06,"21,038","-1,956","-17,800","343,238","63,430","7,238","215,855",23K,23K5,"324,258"
3645,達邁,2026/06,"105,776","-313,258","396,503","5,253,946","3,037,909","614,735","1,898,230",23B,23B2C,"12,499,316"
3646,艾恩特,2026/06,"11,710","-20,054","-55,813","1,049,837","130,131","216,304","567,390",23D,23D2,"927,409"
3652,精聯,2026/06,"75,679","-22,312","-50,788","2,742,418","349,276","493,116","807,137",23A,23A5A,"2,876,253"
3653,健策,2026/06,"431,593","-948,278","2,774,875","33,382,738","8,807,704","11,390,346","9,576,127",23D,23D9B,"503,294,190"
3661,世芯-KY,2026/06,"1,249,942","-961,052","-3,863,029","89,633,514","1,257,321","39,405,227","29,290,317",23G,23G5L,"360,324,360"
3663,鑫科,2026/06,"28,184","-58,849","129,230","5,418,606","622,762","648,003","1,670,826",99L,99L1,"8,408,285"
3665,貿聯-KY,2026/06,"1,099,303","-1,851,774","1,831,961","92,190,032","18,530,632","12,906,862","42,631,108",23D,23D2,"373,574,370"
3666,光耀,2026/06,"8,398","-12,771","-100,789","2,134,741","31,264","1,230,291","456,140",23C,23C8C,"3,473,750"
3669,圓展,2026/06,"239,178","-33,350","130,497","4,872,433","1,098,052","1,260,164","1,367,301",23C,23CZ2,"3,159,280"
3672,康聯訊,2026/06,"28,415",-292,"-7,043","537,596","93,053","141,758","245,371",23K,23K6,"477,243"
3675,德微,2026/06,"148,575","-120,161","149,140","5,264,078","2,294,980","1,082,063","1,937,645",23D,23D1,"20,055,924"
3679,新至陞,2026/06,"53,528","-233,779","321,475","9,477,024","1,543,552","4,332,301","4,638,060",23D,23D9A,"6,774,865"
3680,家登,2026/06,"306,606","-1,327,187","669,618","27,755,813","10,312,922","5,612,325","13,061,655",23H,23H2,"48,846,740"
3684,榮昌,2026/06,"33,254","-11,049","-82,021","1,460,300","434,052","323,752","752,386",23K,23K2,"1,591,013"
3685,元創精密,2026/06,"10,445","-4,584","65,117","2,291,639","657,501","366,134","1,103,033",15D,15D,"2,307,646"
3686,達能,2026/06,0,-92,"-7,794","666,378",115,"79,171","7,591",23C,23C7B,"1,323,364"
3687,歐買尬,2026/06,"66,691","-4,097","144,768","9,459,253","1,613,203","1,352,360","5,368,868",23E,23E2,"2,253,275"
3689,湧德,2026/06,"201,209","-260,085","489,155","8,879,321","1,706,398","1,794,538","3,772,849",23D,23D2,"10,735,080"
3691,碩禾,2026/06,"173,686","-423,270","-615,193","13,307,353","4,810,472","983,834","6,143,143",23C,23C7F,"13,966,216"
3693,營邦,2026/06,"224,824","-509,135","-238,416","10,038,079","2,417,597","1,758,387","4,713,117",23D,23D4,"21,538,491"
3694,海華,2026/06,"305,578","-135,685","3,367","8,160,359","744,199","2,238,044","4,499,273",23K,23K4,"9,636,584"
3701,大眾控,2026/06,"255,810","-392,265","-70,640","14,825,249","1,557,679","2,484,864","8,166,679",23A,23A1,"10,590,938"
3702,大聯大,2026/06,0,"-173,469","-98,898,501","617,874,428","11,731,833","28,753,050","518,933,855",23T,23T2,"180,154,616"
3703,欣陸,2026/06,0,"-249,811","2,486,374","97,827,175","10,400,562","11,134,031","69,007,908",25B,25B,"17,822,626"
3704,合勤控,2026/06,"946,112","-216,673","-2,203,648","28,977,474","2,531,778","2,779,708","16,605,778",23K,23K4,"19,338,965"
3705,永信,2026/06,"188,088","-245,070","541,969","13,176,178","3,826,024","1,681,311","4,592,273",17C,17C1B,"14,333,557"
3706,神達,2026/06,"2,073,849","-3,448,105","-27,508,282","180,018,053","11,527,270","18,644,962","102,159,905",23A,23A1,"115,865,608"
3707,漢磊,2026/06,"101,395","-526,241","308,484","14,843,140","5,771,186","4,094,217","3,671,280",23G,23G1A,"34,802,060"
3708,上緯投控,2026/06,"60,248","-90,510","-213,152","25,209,881","1,817,611","4,459,174","3,470,149",17F,17F,"10,021,603"
3709,鑫聯大投控,2026/06,0,"-3,967","-6,289,622","40,241,637","41,953","1,958,803","36,008,202",23T,23T1,"10,859,447"
3710,連展投控,2026/06,"249,186","-261,776","-36,004","8,365,574","2,595,832","583,461","6,899,140",23D,23D2,"1,709,143"
3711,日月光投控,2026/06,"19,438,533","-127,470,420","83,401,251","1,071,334,427","517,815,729","91,292,321","652,136,648",23G,23G2,"3,039,988,960"
3712,永崴投控,2026/06,"132,060","-556,102","1,820,466","54,070,942","15,827,038","4,119,923","49,684,271",23C,23C2,"4,530,853"
3713,新晶投控,2026/06,0,"-103,630","129,940","2,819,090","1,855,173","160,936","2,118,720",23C,23C7E,"1,299,460"
3714,富采,2026/06,"881,496","-790,968","157,485","54,424,632","11,794,770","13,580,743","10,037,205",23C,23C6B,"47,818,512"
3715,定穎投控,2026/06,"611,243","-5,337,009","-1,772,878","48,891,843","20,167,797","7,163,220","36,710,498",23B,23B2B,"49,909,200"
3716,中化控股,2026/06,"239,932","-91,170","615,981","12,331,047","3,895,500","659,756","4,653,584",17C,17C1B,"5,234,322"
3717,聯嘉投控,2026/06,"101,087","-314,711","526,367","9,127,359","2,643,624","1,163,553","5,604,338",23C,23C6C,"5,790,523"
4102,永日,2026/06,"15,736","-5,114","31,622","951,870","394,110","90,370","271,942",17C,17C1A,"811,443"
4104,佳醫,2026/06,"1,011","-64,857","545,610","21,155,881","920,960","3,335,734","7,951,661",17G,17G2,"12,940,813"
4105,東洋,2026/06,"96,593","-61,954","863,703","11,825,563","2,129,687","2,924,257","4,076,937",17C,17C1B,"18,822,805"
4106,雃博,2026/06,"72,140","-10,596","153,767","3,314,657","696,346","903,103","782,776",17G,17G2,"2,386,569"
4107,邦特,2026/06,"42,190","-73,144","379,399","4,881,033","1,918,952","1,032,808","1,352,883",17G,17G2,"7,969,270"
4108,懷特,2026/06,"57,869",-572,"-20,395","2,411,578","160,216","84,248","58,220",17C,17C1E,"2,403,290"
4109,加捷生醫,2026/06,"3,302","-8,853","1,434","1,879,222","487,596","240,827","223,602",17C,17C2,"1,341,728"
4111,濟生,2026/06,"9,262","-57,793","91,120","2,035,952","815,998","472,286","634,639",17C,17C1B,"1,791,968"
4113,聯上,2026/06,0,"-6,405","-403,730","16,599,237","2,906","312,504","12,418,823",25A,25A,"3,513,298"
4114,健喬,2026/06,"154,637","-88,332","191,309","15,275,114","5,847,185","1,729,898","5,408,578",17C,17C1B,"15,994,018"
4116,明基醫,2026/06,"15,995","-19,421","178,466","5,518,169","505,645","821,161","3,244,956",17G,17G2,"1,715,791"
4119,旭富,2026/06,"19,218","-168,337","193,642","6,925,446","5,108,845","83,053","1,615,065",17C,17C1A,"5,354,003"
4120,友華,2026/06,"266,601","-159,202","-289,315","11,750,301","3,452,437","1,545,691","5,411,781",17C,17C1B,"3,951,326"
4121,優盛,2026/06,"25,959","-20,998","142,700","4,004,188","834,562","521,620","2,093,444",17X,17X2,"1,109,532"
4123,晟德,2026/06,"44,832","-55,479","141,846","23,966,166","1,832,387","3,354,171","6,810,599",17C,17C1B,"29,358,104"
4126,太醫,2026/06,"39,412","-31,716","263,559","4,190,059","1,550,342","886,517","1,333,583",17G,17G2,"5,829,780"
4127,天良,2026/06,713,"-11,645","47,227","1,223,350","338,498","167,105","704,100",17C,17C2,"3,125,408"
4128,中天,2026/06,"226,886","-23,623","-145,146","12,829,815","1,018,400","572,673","2,140,934",17C,17C1E,"9,440,145"
4129,聯合,2026/06,"157,360","-385,939","190,638","8,510,774","2,065,851","579,929","4,505,750",17G,17G4,"8,843,365"
4131,浩泰,2026/06,"4,598","-46,055","-29,083","581,032","142,207","76,269","274,158",17G,17G4,"1,335,947"
4133,亞諾法,2026/06,"24,144","-3,047","35,585","1,352,893","238,796","405,280","79,679",17G,17G3,"1,238,329"
4138,曜亞,2026/06,0,"-29,346","40,020","2,961,334","145,303","598,396","1,174,152",17Y,17Y,"2,036,430"
4142,國光生,2026/06,"75,987","-104,324","-503,212","8,112,825","3,979,012","1,789,511","3,407,897",17C,17C1D,"7,559,341"
4147,中裕,2026/06,"222,248","-30,362","13,873","4,500,968","789,069","996,458","824,485",17C,17C1D,"17,758,130"
4153,鈺緯,2026/06,"39,289","-2,505","55,840","1,465,931","212,847","549,137","498,702",23C,23C1,"1,760,040"
4155,訊映,2026/06,"24,058","-94,893","191,598","3,993,724","1,944,003","370,136","1,419,403",17G,17G3,"2,177,494"
4160,訊聯基因,2026/06,"32,703","-11,952","8,996","717,862","53,140","83,533","224,197",17H,17H2,"1,067,600"
4161,聿新科,2026/06,"37,110","-6,691","19,927","1,622,863","491,141","410,291","630,279",17G,17G3,"1,381,565"
4162,智擎,2026/06,"152,271",-224,"359,380","5,422,065","2,191","1,176,771","512,252",17C,17C1C,"8,886,358"
4163,鐿鈦,2026/06,"135,832","-27,936","254,370","4,761,182","1,965,770","814,049","1,999,535",17G,17G2,"6,182,960"
4164,承業醫,2026/06,0,"-323,633","-308,154","16,182,096","6,122,931","1,367,423","8,319,042",17G,17G2,"5,634,722"
4166,友霖,2026/06,"46,045","-59,602","127,170","3,011,929","624,200","575,250","353,900",17C,17C1C,"6,331,062"
4167,松瑞藥,2026/06,"35,036","-40,281","-432,580","5,163,841","803,469","979,925","768,964",17C,17C1A,"6,348,580"
4168,醣聯,2026/06,"114,572","-2,679","-121,102","1,391,330","773,771","435,016","540,595",17C,17C1D,"2,880,538"
4169,泰宗,2026/06,"69,010",-892,"-49,189","2,104,265","264,846","896,730","149,823",17C,17C1C,"14,448,960"
4171,瑞基,2026/06,"27,303","-8,793","4,106","858,119","189,660","151,332","276,640",17G,17G3,"984,066"
4173,久裕,2026/06,0,"-17,581","447,823","5,178,133","57,341","725,648","3,287,437",17X,17X9,"1,338,603"
4174,浩鼎,2026/06,"438,865","-7,145","-642,042","2,689,941","602,707","313,264","495,559",17C,17C1D,"3,960,558"
4175,杏一,2026/06,0,"-86,138","472,990","7,307,122","2,041,056","479,083","5,777,313",17X,17X2,"2,230,422"
4183,福永生技,2026/06,"14,820","-5,988","18,935","503,190","79,873","131,563","235,840",17G,17G3,"316,540"
4188,安克,2026/06,"23,903",0,"-27,994","617,376","69,422","15,994","29,334",17G,17G1,"687,163"
4192,杏國,2026/06,"12,370",-20,"-13,702","239,776",643,"138,689","20,599",17C,17C1C,"705,058"
4195,基米-創,2026/06,"41,128","-12,926","-56,453","1,451,102","604,484","155,468","702,592",17H,17H2,
4198,欣大健康,2026/06,"3,765","-2,443","-26,412","353,988","17,357","73,466","101,621",17G,17G1,"945,034"
4205,中華食,2026/06,"1,333","-16,734","155,923","2,866,071","1,073,189","1,298,228","699,066",12Z,12Z,"7,108,847"
4207,環泰,2026/06,"6,745","-147,591","238,210","6,605,232","2,623,937","860,847","2,534,988",12Z,12Z,"3,841,710"
4303,信立,2026/06,"19,545","-169,340","-251,883","4,894,043","2,238,830","109,727","1,032,861",13A,13A6,"4,384,942"
4304,勝昱,2026/06,55,"-5,227","-75,560","657,370","75,405","38,289","345,955",13A,13A8,"1,263,487"
4305,世坤,2026/06,"7,986","-2,398","90,109","1,569,823","285,067","247,765","362,980",13A,13A8,"2,527,893"
4306,炎洲,2026/06,"52,623","-339,572","-151,313","39,748,141","7,671,131","2,799,841","25,050,537",13A,13A9,"10,760,436"
4401,東隆興,2026/06,"9,476","-143,121","332,663","5,759,936","2,750,921","840,727","3,002,617",14A,14A7,"1,705,419"
4402,郡都開發,2026/06,0,0,"-4,028","619,553","54,341","176,194","45,793",25A,25A,"1,230,655"
4406,新昕纖,2026/06,636,-119,"59,502","839,686","271,002","131,599","232,298",14A,14A2,"513,929"
4413,飛寶企業,2026/06,0,-444,"78,266","497,342","128,329","218,851","155,391",14C,14C2,"472,857"
4414,如興,2026/06,0,"-167,735","246,859","13,681,595","2,490,530","373,929","9,256,897",14C,14C1,"2,447,633"
4416,三圓,2026/06,0,-774,"626,702","13,457,244",838,"17,412","11,513,212",25A,25A,"849,918"
4417,金洲,2026/06,454,"-57,453","87,597","5,330,903","1,450,004","959,031","1,754,337",14Z,14Z,"4,022,211"
4419,皇家美食,2026/06,0,"-26,277","98,369","2,914,014","499,045","261,876","1,936,366",27A,27A2,"8,458,150"
4420,光明,2026/06,0,-298,"218,071","1,612,706","98,757","118,309","192,009",14C,14C2,"1,426,039"
4426,利勤,2026/06,"4,629","-23,501","-35,271","4,115,633","2,670,905","207,988","2,372,027",14C,14C2,"1,362,422"
4430,耀億,2026/06,"31,960","-59,347","96,095","3,571,448","1,614,805","366,952","1,818,588",14Z,14Z,"984,795"
4432,銘旺實,2026/06,0,"-7,101","35,465","1,845,843","210,540","809,303","268,771",14C,14C1,"779,071"
4433,興采,2026/06,"20,492","-78,661","320,566","6,478,659","4,123,482","899,171","4,563,342",14C,14C2,"1,299,560"
4438,廣越,2026/06,"128,685","-150,573","-3,250,889","21,501,727","3,536,427","1,984,972","10,777,292",14C,14C1,"6,737,445"
4439,冠星-KY,2026/06,"3,005","-254,210","-49,329","7,306,550","2,521,305","405,994","3,869,258",14C,14C2,"3,476,088"
4440,宜新實業,2026/06,"1,462","-5,630","288,414","2,076,626","1,091,387","52,425","740,768",14A,14A2,"1,166,066"
4441,振大環球,2026/06,"3,643","-47,844","375,749","9,901,399","481,052","853,302","3,021,068",14C,14C1,"12,817,088"
4502,健信,2026/06,"8,421","-11,122","-77,376","2,371,778","917,226","93,987","1,839,360",15D,15D,"905,153"
4503,金雨,2026/06,"14,429","-2,982","63,060","2,514,875","349,126","1,111,924","647,949",23A,23A5A,"3,265,652"
4506,崇友,2026/06,"24,078","-10,447","581,223","11,763,838","1,048,949","3,686,161","6,063,691",15Z,15Z,"21,329,946"
4510,高鋒,2026/06,"29,449","-8,844","-194,675","5,572,787","1,534,402","498,027","3,422,387",15A,15A1,"4,555,280"
4513,福裕,2026/06,"20,429","-1,294","-209,675","4,254,506","233,748","424,655","2,695,932",15A,15A1,"2,372,073"
4523,永彰,2026/06,"12,308","-36,665","-67,521","3,135,800","697,280","908,116","1,249,126",15D,15D,"1,954,965"
4526,東台,2026/06,"90,127","-77,696","-538,024","13,778,473","1,797,568","1,158,164","8,700,457",15A,15A1,"10,511,573"
4527,方土霖,2026/06,"31,776","-34,813","284,676","3,102,755","636,182","790,845","1,290,334",15C,15C2,"3,027,042"
4528,江興鍛,2026/06,"37,039","-9,124","60,500","3,593,597","1,788,862","556,206","1,324,231",15D,15D,"1,287,740"
4529,淳紳,2026/06,0,"-186,378","-27,204","491,701","357,041","7,368","279,157",22A,22A,"354,260"
4530,天意能創,2026/06,0,"-2,276",516,"1,192,782","267,576","454,954","584,450",27A,27A2,"941,409"
4532,瑞智,2026/06,"335,208","-116,695","2,242,617","31,953,556","5,416,603","3,866,460","20,245,311",15C,15C2,"13,931,294"
4533,協易機,2026/06,"71,970","-15,452","207,170","6,299,745","712,272","1,781,888","3,729,098",15A,15A1,"4,475,761"
4534,慶騰,2026/06,"8,797","-24,949","-15,528","1,480,520","397,778","377,739","765,802",15A,15A2,"2,629,707"
4535,至興,2026/06,"11,468","-18,591","84,665","3,196,837","888,881","1,269,324","444,941",15D,15D,"2,046,657"
4536,拓凱,2026/06,"280,650","-181,912","753,491","15,101,465","4,675,564","6,224,804","5,168,038",99Z,99ZC,"15,166,940"
4538,大詠城,2026/06,"3,725","-14,220","56,298","938,484","407,497","57,619","111,863",15A,15A2,"1,121,010"
4540,全球傳動,2026/06,"68,884","-123,733","-508,691","7,979,309","2,573,788","277,544","4,487,454",15A,15A2,"6,392,879"
4541,晟田,2026/06,"27,211","-88,484","104,166","4,063,272","1,382,662","476,845","2,315,365",22B,22B3,"3,510,879"
4542,科嶠,2026/06,"38,551","-27,489","37,004","2,078,496","422,910","442,999","1,110,653",23H,23H2,"15,846,673"
4543,萬在,2026/06,"13,683",-107,"7,557","2,676,148","1,016,671","532,897","811,146",15D,15D,"2,100,986"
4545,銘鈺,2026/06,"27,949","-54,618","-74,813","3,346,483","1,241,525","597,587","1,404,139",23D,23D9A,"2,868,250"
4549,桓達,2026/06,"37,417","-12,371","150,013","2,834,662","705,329","939,987","945,720",15H,15H,"5,671,699"
4550,長佳,2026/06,0,"-1,534","43,156","1,589,297","365,431","429,140","651,953",15B,15B2,"927,056"
4551,智伸科,2026/06,"125,343","-109,019","742,662","14,832,818","3,539,181","5,807,669","5,577,989",15D,15D,"25,924,950"
4554,橙的,2026/06,"34,665","-13,271","23,994","880,754","17,851","397,663","364,532",15D,15D,"830,617"
4555,氣立,2026/06,"61,115","-23,560","95,463","4,595,349","1,955,618","601,865","1,559,283",15A,15A2,"3,338,428"
4556,旭然,2026/06,"5,613","-8,068","63,031","1,735,726","737,835","406,233","906,166",15Z,15Z,"3,071,198"
4558,寶緯,2026/06,"12,495","-258,450","102,691","3,154,821","1,356,630","425,968","2,254,275",20A,20A5,"927,500"
4561,健椿,2026/06,"13,539","-12,089","207,331","2,346,267","1,233,287","720,154","931,813",15A,15A2,"2,291,136"
4562,穎漢,2026/06,"23,079",-803,"-28,603","2,241,846","804,260","224,448","1,323,621",15A,15A1,"2,932,791"
4563,百德,2026/06,"73,810","-42,810","-157,676","4,389,584","382,029","761,606","2,923,068",15A,15A1,"2,239,213"
4564,元翎,2026/06,"20,547","-2,779","98,838","6,425,999","3,730,604","831,539","2,473,149",20B,20B,"3,736,247"
4566,時碩工業,2026/06,"136,781","-604,513","274,905","11,251,294","4,697,703","2,001,382","6,102,691",15D,15D,"6,998,155"
4568,科際精密,2026/06,"55,310","-30,652","44,437","1,717,022","416,178","537,144","653,043",15Z,15Z,"1,333,072"
4572,駐龍,2026/06,"11,293","-137,807","80,074","3,159,027","805,720","278,169","1,257,410",22B,22B3,"5,802,755"
4576,大銀微系統,2026/06,"150,510","-80,243","211,052","7,563,155","3,671,848","871,825","2,884,823",15A,15A2,"25,278,222"
4577,達航科技,2026/06,"42,152","-8,901","83,707","1,906,612","839,041","162,732","954,092",15A,15A1,"4,530,524"
4580,捷流閥業,2026/06,"11,356","-18,472","94,236","4,039,621","882,045","1,234,368","1,292,102",15Z,15Z,"3,837,846"
4582,聚恆-創,2026/06,"3,517","-29,908","-252,075","4,035,446","968,838","722,848","2,528,504",23C,23C7E,
4583,台灣精銳,2026/06,"24,507","-25,209","752,756","11,130,876","3,090,296","2,041,713","1,197,503",15A,15A2,"47,621,574"
4584,君帆,2026/06,"25,256","-83,764","35,734","2,033,052","920,322","293,591","981,613",15Z,15Z,"1,203,080"
4585,達明,2026/06,"214,319","-15,164","-14,152","7,795,135","59,319","361,565","806,933",15A,15A1,"31,435,005"
4588,玖鼎電力,2026/06,"22,300",-677,"-157,351","2,397,589","836,636","413,620","1,538,824",15B,15B1,"2,527,518"
4590,富田-創,2026/06,"91,880","-20,098","456,326","6,282,844","2,180,404","2,500,744","2,708,482",15B,15B1,
4609,唐鋒,2026/06,"9,356","-2,044","21,905","618,816","76,729","252,717","487,944",15C,15C1,"242,132"
4702,中美實,2026/06,0,-29,"-31,344","1,634,357","74,247","483,161","312,145",17B,17B,"730,563"
4706,大恭,2026/06,"15,639","-17,465","32,872","1,739,500","165,945","181,814","191,222",17B,17B,"2,560,572"
4707,磐亞,2026/06,0,"-3,060","8,858","10,888,590","674,268","509,031","2,620,881",17E,17E1,"11,828,850"
4711,永純,2026/06,"3,519","-3,635","1,348","1,262,510","355,846","361,188","231,403",17F,17F,"1,034,899"
4714,永捷,2026/06,"24,247","-175,196","-100,019","11,811,877","3,102,562","1,329,796","3,819,595",17F,17F,"2,795,159"
4716,大立,2026/06,"15,755","-25,448","51,011","1,733,858","582,963","386,902","594,250",17F,17F,"2,252,084"
4720,德淵,2026/06,"54,339","-42,112","-142,390","3,797,805","1,205,007","540,943","2,007,364",17F,17F,"2,902,981"
4721,美琪瑪,2026/06,"8,637","-113,847","-191,723","2,869,718","528,615","545,378","1,422,833",17Z,17Z,"6,913,709"
4722,國精化,2026/06,"19,561","-434,320","-769,490","8,308,421","3,688,066","642,814","4,848,217",17F,17F,"29,832,438"
4726,永昕,2026/06,"24,824","-98,704","85,665","3,279,204","1,865,959","263,738","1,871,132",17C,17C1D,"5,299,763"
4728,雙美,2026/06,"20,538","-35,826","538,918","2,001,368","785,662","430,469","570,434",17G,17G4,"20,614,246"
4729,熒茂,2026/06,"24,670","-4,775","89,234","3,165,492","434,414","357,715","1,787,308",23C,23C8E,"1,798,453"
4735,豪展,2026/06,"36,318","-50,435","29,195","1,804,073","564,493","238,016","673,528",17G,17G1,"1,296,953"
4736,泰博,2026/06,"148,751","-170,231","387,895","14,377,537","3,676,775","2,487,042","3,018,741",17G,17G3,"11,874,063"
4737,華廣,2026/06,"195,064","-30,458","-82,984","5,648,539","2,473,467","383,708","3,536,642",17G,17G3,"4,303,329"
4739,康普,2026/06,"10,664","-221,498","-193,283","13,628,181","5,208,626","3,387,144","6,191,962",17Z,17Z,"14,272,540"
4741,泓瀚,2026/06,"27,227","-11,348","16,295","1,154,332","539,127","265,674","219,379",17B,17B,"1,949,472"
4743,合一,2026/06,"303,101","-11,229","-157,082","11,266,282","579,593","361,534","872,671",17C,17C1E,"25,083,823"
4744,皇將,2026/06,"30,014","-4,655","67,304","2,271,943","635,012","531,524","1,059,919",15H,15H,"1,440,784"
4746,台耀,2026/06,"408,350","-675,908","246,928","13,907,693","6,602,909","863,133","5,611,724",17C,17C1A,"6,481,798"
4747,強生,2026/06,"7,349","-20,347","-6,312","2,558,703","616,943","261,729","820,262",17C,17C1B,"2,216,224"
4749,新應材,2026/06,"262,630","-939,968","436,117","14,568,742","4,546,247","1,887,114","4,211,598",17Z,17Z,"82,891,375"
4754,國碳科,2026/06,"25,383","-1,198","48,475","1,058,652","376,333","57,299","523,340",17Z,17Z,"1,117,443"
4755,三福化,2026/06,"64,712","-190,846","322,430","10,586,304","3,147,123","961,352","3,556,204",17Z,17Z,"14,048,487"
4760,勤凱,2026/06,"24,623","-104,875","-434,363","2,864,093","283,613","212,597","1,515,884",23D,23D5,"11,082,992"
4764,雙鍵,2026/06,"32,334","-8,798","159,369","5,402,062","1,733,932","695,233","2,845,293",17Z,17Z,"25,748,142"
4766,南寶,2026/06,"295,209","-291,117","976,409","31,118,967","5,802,874","8,165,765","15,262,917",17F,17F,"41,416,139"
4767,誠泰科技,2026/06,"18,022",-142,"19,589","1,372,866","170,662","453,388","398,196",17F,17F,"854,488"
4768,晶呈科技,2026/06,"77,601","-191,812","160,536","4,438,549","2,482,537","813,317","2,737,834",17Z,17Z,"17,879,232"
4770,上品,2026/06,"71,377","-60,795","440,872","10,292,383","1,783,319","2,267,155","1,906,099",17F,17F,"17,154,852"
4771,望隼,2026/06,"104,479","-1,118,116","676,113","8,160,088","4,714,537","1,035,790","3,545,540",17G,17G4,"11,514,216"
4772,台特化,2026/06,"19,254","-870,254","733,081","8,522,268","2,870,360","2,475,723","3,910,162",17Z,17Z,"40,095,663"
4806,桂田文創,2026/06,0,"-15,079","-69,303","858,599","83,154","302,695","221,341",99H,99H,"1,039,449"
4807,日成-KY,2026/06,"36,399","-24,889","-78,958","1,727,637","342,968","89,447","652,182",99Z,99ZC,"1,778,555"
4903,聯光通,2026/06,0,"-4,054","-55,049","1,919,763","53,831","219,250","751,651",23K,23K1,"4,266,432"
4904,遠傳,2026/06,0,"-2,648,638","17,192,360","186,038,830","40,081,772","7,301,190","95,962,513",23K,23K3,"378,809,025"
4905,台聯電,2026/06,"23,121","-179,626","-21,366","4,925,090","491,466","208,043","1,585,867",17G,17G9,"1,989,680"
4906,正文,2026/06,"525,451","-670,355","-1,461,053","19,256,597","3,435,433","3,767,336","7,633,741",23K,23K4,"19,293,824"
4907,富宇,2026/06,0,0,"1,307,712","8,335,780",429,"517,470","5,267,592",25A,25A,"4,843,986"
4908,前鼎,2026/06,"77,605","-9,420","104,615","2,112,194","324,488","198,448","347,730",23K,23K6,"14,783,013"
4909,新復興,2026/06,"6,479","-4,110","-44,397","2,680,249","236,312","1,126,830","143,665",23B,23B2B,"4,187,061"
4911,德英,2026/06,"8,984","-2,337","-1,706","977,350","363,070","143,924","100,809",17C,17C1E,"2,035,854"
4915,致伸,2026/06,"1,726,958","-1,174,057","-785,442","54,653,215","9,554,099","11,331,278","34,238,218",23C,23C3,"31,144,146"
4916,事欣科,2026/06,"11,253","-53,639","-209,605","5,356,138","235,369","714,559","1,748,505",23A,23A5B,"12,718,508"
4919,新唐,2026/06,"4,868,006","-477,206","-449,455","31,257,407","5,512,542","7,463,701","14,534,969",23G,23G5H,"78,491,053"
4923,力士,2026/06,"49,611","-3,219","5,795","885,968","11,724","213,997","352,470",23G,23G5K,"2,205,318"
4927,泰鼎-KY,2026/06,"31,835","-320,590","-382,315","19,060,739","11,743,303","462,353","14,840,540",23B,23B2B,"12,770,012"
4930,燦星網,2026/06,"132,659","-105,791","-218,927","11,219,197","936,852","2,537,720","4,915,109",15C,15C1,"1,352,000"
4931,新盛力,2026/06,"48,642","-105,853","46,542","3,753,010","220,948","945,694","2,142,217",23D,23D7,"15,670,274"
4933,友輝,2026/06,"131,246","-87,878","286,852","5,180,512","469,570","1,653,302","1,312,280",23C,23C8C,"5,530,155"
4934,太極,2026/06,"70,419","-24,695","61,800","2,939,303","622,860","1,101,281","680,279",23C,23C7C,"4,140,000"
4938,和碩,2026/06,"8,179,980","-9,974,666","-37,820,192","671,460,526","90,260,722","108,848,258","417,462,836",23A,23A1,"224,755,287"
4939,亞電,2026/06,"43,043","-58,289","-109,568","3,029,281","849,130","410,591","1,512,029",23B,23B3C,"6,314,324"
4942,嘉彰,2026/06,"73,176","-81,346","134,627","11,333,133","3,912,200","1,537,681","2,093,591",23D,23D9A,"5,360,155"
4946,辣椒,2026/06,0,-807,"-29,575","299,449","7,452","146,667","126,583",23X,23X2,"925,139"
4949,有成精密,2026/06,"30,658","-36,591","-130,401","2,802,140","81,325","762,159","1,038,310",23C,23C7D,"5,250,780"
4950,金耘國際,2026/06,0,"-1,243","-103,460","1,328,155","144,299","123,798","568,818",99B,99B,"923,664"
4951,精拓科,2026/06,"51,798","-1,045","139,942","1,109,628","415,683","293,537","172,182",23G,23G5F,"3,288,549"
4952,凌通,2026/06,"257,079","-9,495","91,926","3,198,306","432,262","878,226","985,305",23G,23G5H,"6,256,920"
4953,緯致,2026/06,"25,973","-35,395","-329,930","6,769,318","746,691","1,323,564","2,674,729",23X,23X1,"8,997,081"
4956,光鋐,2026/06,"37,940","-58,503","-91,994","2,952,488","1,073,072","258,559","1,260,888",23C,23C6B,"3,855,667"
4958,臻鼎-KY,2026/06,"7,794,271","-29,198,852","12,012,424","349,706,317","149,656,039","96,919,778","138,872,149",23B,23B2C,"698,599,440"
4960,誠美材,2026/06,"199,195","-758,750","230,917","12,848,656","4,413,009","1,632,720","5,777,000",23C,23C8C,"14,950,086"
4961,天鈺,2026/06,"1,429,771","-570,218","2,112,663","28,622,054","1,409,374","1,797,284","5,924,703",23G,23G5G,"20,006,910"
4966,譜瑞-KY,2026/06,"1,477,151","-123,235","784,447","25,939,462","335,552","10,407,260","3,789,406",23G,23G5F,"49,664,582"
4967,十銓,2026/06,"82,733","-35,328","-4,583,853","22,589,964","411,307","979,317","11,446,552",23G,23G3B,"25,489,673"
4968,立積,2026/06,"336,251","-22,290","17,500","3,598,717","106,269","1,038,570","900,583",23G,23G5B,"10,650,255"
4972,湯石照明,2026/06,"36,128","-15,082","-49,051","1,830,772","380,554","525,993","394,656",15C,15C4,"958,580"
4973,廣穎,2026/06,"62,300","-12,204","-292,951","6,839,228","245,805","744,227","3,373,345",23G,23G3B,"11,328,336"
4974,亞泰,2026/06,"32,581","-2,886","340,194","4,797,876","113,091","3,294,833","1,515,022",23C,23C2,"5,089,500"
4976,佳凌,2026/06,"46,597","-22,105","-139,707","2,352,956","806,923","744,751","328,939",23U,23U1,"5,300,663"
4979,華星光,2026/06,"32,795","-235,138","527,866","6,267,442","1,102,907","2,987,573","1,815,302",23K,23K6,"67,688,148"
4989,榮科,2026/06,"12,629","-9,097","-293,001","2,535,151","315,298","169,518","1,039,201",23B,23B3X,"15,083,432"
4991,環宇-KY,2026/06,"167,538","-206,292","429,527","5,113,130","802,946","2,232,034","649,982",,,
4994,傳奇,2026/06,"152,099",-112,"41,922","1,472,350","2,050","1,075,737","603,476",23X,23X2,"6,113,874"
4995,晶達,2026/06,"40,361","-9,533","45,614","1,767,250","742,434","236,350","819,874",23C,23C1,"1,908,122"
4999,鑫禾,2026/06,"41,799","-63,267","55,914","3,755,089","1,078,275","570,107","626,487",23D,23D9A,"1,495,782"
5007,三星,2026/06,"17,491","-30,345","603,077","8,471,321","2,995,570","1,446,021","1,264,589",20A,20A1,"16,634,616"
5009,榮剛,2026/06,"25,752","-1,041,646","1,548,142","33,912,649","9,571,927","2,121,944","16,108,976",20A,20A6,"19,038,084"
5011,久陽,2026/06,0,"-9,944","180,699","5,571,682","738,420","762,392","2,961,273",20A,20A1,"2,461,479"
5013,強新,2026/06,"2,263","-140,582","192,248","9,033,810","3,248,591","951,860","3,696,874",20A,20A1,"3,588,890"
5014,建錩,2026/06,0,"-28,323","-287,743","9,115,521","2,731,372","514,403","6,458,649",20A,20A6,"1,997,589"
5015,華祺,2026/06,"18,692","-11,836","-4,114","2,558,384","356,611","1,100,210","1,354,027",20A,20A1,"1,376,505"
5016,松和,2026/06,"2,218","-22,114","71,081","2,660,267","827,278","440,514","1,151,051",20A,20A1,"1,218,220"
5201,凱衛,2026/06,"27,442","-12,029","-15,191","955,316","287,379","177,217","315,427",23X,23X1,"1,042,291"
5202,力新,2026/06,"31,603","-1,220","-42,432","1,130,707","48,108","98,090","79,063",23X,23X9,"1,305,227"
5203,訊連,2026/06,"367,915","-6,486","252,977","6,085,477","414,776","674,961","1,705,239",23X,23X9,"5,343,149"
5205,中茂,2026/06,0,0,"-22,921","107,792","4,567","23,236","32,332",99L,99L2,"325,350"
5206,坤悅,2026/06,0,"-2,434","260,388","17,586,671","9,476","1,179,432","13,491,342",25A,25A,"3,902,035"
5209,新鼎,2026/06,"5,223","-2,315","1,106,100","4,890,780","95,086","2,257,951","3,854,856",25C,25C,"4,856,390"
5210,寶碩,2026/06,"40,973","-1,206","37,931","1,009,030","322,700","396,472","163,637",23X,23X1,"2,337,964"
5211,蒙恬,2026/06,"13,764",-945,"-13,896","391,786","109,388","48,115","40,566",23X,23X9,"693,341"
5212,凌網,2026/06,"101,362","-2,050","-87,021","1,204,430","80,224","271,953","633,918",23X,23X1,"1,627,751"
5213,亞昕,2026/06,0,"-37,928","3,617,280","70,028,942","2,473,760","1,849,834","54,169,654",25A,25A,"16,121,815"
5220,萬達光電,2026/06,"18,835","-2,518","46,254","1,244,363","511,220","299,028","499,219",23C,23C8E,"833,007"
5222,全訊,2026/06,"41,211","-11,676","164,790","3,468,608","520,953","416,820","544,016",23K,23K2,"11,526,554"
5223,安力-KY,2026/06,"31,792","-26,677","-2,006","3,702,005","1,410,465","460,403","1,330,495",23D,23D9A,"1,113,750"
5225,東科-KY,2026/06,0,"-86,616","-243,630","6,516,441","828,217","898,454","3,350,484",23U,23U2,"5,689,878"
5227,立凱-KY,2026/06,"53,942","-41,663","-115,251","878,572","222,642","338,250","246,508",23D,23D7,"3,264,000"
5228,鈺鎧,2026/06,"13,503","-12,879","69,056","1,248,245","777,528","92,660","668,368",23D,23D5,"2,557,363"
5230,雷笛克光學,2026/06,"41,229","-31,102","83,135","2,338,284","1,008,244","289,742","1,037,774",23C,23C6C,"1,200,707"
5234,達興材料,2026/06,"309,681","-187,119","410,615","4,840,797","1,541,749","110,430","1,525,520",23C,23C8C,"40,110,598"
5236,凌陽創新,2026/06,"207,188","-2,178","-294,484","3,556,920","7,571","2,042,815","1,084,437",23G,23G5Z,"10,110,674"
5244,弘凱,2026/06,"35,608","-37,392","-5,496","2,762,251","919,755","1,055,715","1,001,708",23C,23C6C,"2,449,888"
5245,智晶,2026/06,"25,185","-17,286","-7,767","1,632,562","676,624","273,903","1,025,898",23C,23C8A,"1,231,967"
5251,天鉞電,2026/06,"16,350",-495,"-13,916","510,092","37,381","132,909","78,683",23C,23C9,"1,082,829"
5258,虹堡,2026/06,"351,742","-34,944","-703,719","9,300,503","465,705","1,494,835","4,669,671",23A,23A5A,"5,391,330"
5263,智崴,2026/06,"92,301","-188,165","83,758","6,489,748","1,326,386","836,904","2,655,522",23Z,23Z,"7,282,795"
5269,祥碩,2026/06,"1,172,403","-212,350","2,011,243","43,295,941","519,889","5,351,204","7,428,873",23G,23G5F,"109,010,790"
5272,笙科,2026/06,"69,949",-832,"-74,488","988,691","416,246","57,307","166,115",23G,23G5B,"1,171,851"
5274,信驊,2026/06,"778,463","-318,383","3,154,941","14,326,796","475,871","6,743,438","6,509,687",23G,23G5Z,"623,560,485"
5278,尚凡*,2026/06,"20,212",-322,"124,689","8,260,585","3,874","7,067,608","3,071,872",23E,23E2,"7,440,000"
5283,禾聯碩,2026/06,"33,005","-7,882","-357,202","9,441,806","1,408,712","921,754","4,406,724",15C,15C1,"4,625,333"
5284,jpp-KY,2026/06,"15,212","-302,764","766,177","8,241,290","2,659,215","1,618,040","4,493,977",23D,23D9A,"20,443,145"
5285,界霖,2026/06,"62,330","-43,440","-3,398","5,680,788","1,257,882","1,360,180","2,597,970",23G,23G4,"9,826,548"
5287,數字,2026/06,"52,807","-8,826","330,457","4,617,164","987,053","1,179,143","1,821,877",23E,23E1,"8,926,028"
5288,豐祥-KY,2026/06,"59,897","-184,271","128,215","8,625,479","2,055,274","1,666,168","2,265,721",15D,15D,"12,476,121"
5289,宜鼎,2026/06,"696,158","-206,426","928,573","46,097,307","3,171,581","9,477,319","22,584,370",23G,23G3B,"155,623,015"
5291,邑昇,2026/06,"11,439","-54,132","-21,391","2,276,078","622,055","187,267","1,279,357",23B,23B2B,"2,488,325"
5292,華懋,2026/06,"19,356","-10,533","397,334","4,590,062","369,223","1,548,513","2,678,150",23H,23H1,"9,242,706"
5299,杰力,2026/06,"102,897","-9,122","187,440","4,138,952","162,790","253,248","816,966",23G,23G5K,"6,259,347"
5301,寶得利,2026/06,0,-98,"-6,282","739,993","52,571","6,006","217,721",29B,29B,"415,107"
5302,太欣,2026/06,"6,342",-443,"-1,171","1,736,341","164,444","15,004","493,591",23G,23G5H,"2,022,583"
5306,桂盟,2026/06,"22,312","-108,684","450,296","14,529,608","3,587,685","2,044,694","5,028,835",15E,15E,"10,773,086"
5309,系統電,2026/06,"229,109","-257,841","-27,103","8,450,731","2,110,877","3,336,203","2,786,304",15D,15D,"14,550,921"
5310,天剛,2026/06,0,0,"-34,956","361,825",0,"76,710","27,212",23X,23X1,"683,078"
5312,寶島科,2026/06,0,"-88,364","415,402","9,972,761","1,286,456","162,730","5,686,319",17X,17X2,"5,291,286"
5314,世紀*,2026/06,"31,428","-43,419","-69,310","7,967,940","1,698,615","1,377,957","3,949,706",99Z,99ZX,"19,505,600"
5315,光聯,2026/06,"13,556","-5,047","217,682","2,290,679","137,571","732,845","560,434",23C,23C8D,"2,456,731"
5321,美而快,2026/06,0,"-32,291","-7,354","4,864,763","1,555,111","442,571","4,021,766",23E,23E1,"3,745,255"
5324,士開,2026/06,0,"-4,657","-681,733","11,099,183","257,514","518,551","9,508,292",25A,25A,"2,773,143"
5328,華容,2026/06,"4,638",-345,"426,443","2,919,635","93,815","629,356","643,889",23D,23D5,"12,279,752"
5340,建榮,2026/06,"8,485","-162,513","149,325","3,132,401","1,454,052","245,341","759,762",23B,23B3B,"18,651,356"
5344,立衛,2026/06,"2,158","-15,510","4,674","633,094","291,025","54,062","127,719",23G,23G2,"1,239,373"
5345,馥鴻,2026/06,802,0,"16,076","214,753","1,457","135,160","1,889",23Z,23Z,"1,009,127"
5347,世界,2026/06,"1,290,335","-38,447,545","17,191,258","219,186,834","132,304,812","37,866,080","126,275,603",23G,23G1A,"405,986,688"
5348,正能量智能,2026/06,"8,442","-5,229","-6,413","233,618","10,048","60,790","100,313",29A,29A9,"243,804"
5351,鈺創,2026/06,"782,138","-115,330","2,236,426","12,284,340","681,932","3,167,699","4,986,306",23G,23G5E,"28,525,692"
5353,台林,2026/06,"53,114","-8,171","89,819","2,288,544","405,857","629,812","826,684",23K,23K4,"2,413,115"
5355,佳總,2026/06,"6,909","-8,694","-70,893","1,057,283","333,092","173,086","334,960",23B,23B2B,"1,031,624"
5356,協益,2026/06,"8,525","-108,579","-179,636","6,088,279","880,574","827,290","1,700,593",13B,13B,"2,843,904"
5364,力麗店,2026/06,0,0,"-46,255","1,111,104","546,035","62,281","399,833",27A,27A1,"548,472"
5371,中光電,2026/06,"1,384,550","-1,064,597","2,412,056","62,249,038","11,775,978","9,830,089","27,687,733",23C,23C8B,"33,976,249"
5381,光譜,2026/06,76,"-40,017","200,994","5,127,042","1,795,209","607,042","2,752,342",15B,15B1,"5,825,733"
5386,青雲,2026/06,"3,412",-129,"-1,814,761","9,163,568","2,175","432,632","5,964,979",23T,23T2,"17,030,232"
5388,中磊,2026/06,"1,765,591","-374,784","-3,461,479","58,212,114","6,420,360","5,560,434","42,014,232",23K,23K4,"24,590,914"
5392,能率,2026/06,"36,784","-338,937","209,203","15,595,856","2,780,871","3,144,943","7,442,942",23D,23D4,"8,077,712"
5398,慕康生醫,2026/06,681,-63,"46,964","570,737","10,594","105,110","52,064",17C,17C1B,"835,959"
5403,中菲,2026/06,"128,838","-21,330","-63,360","4,616,161","983,951","509,014","2,085,090",23X,23X1,"7,231,280"
5410,國眾,2026/06,"30,109","-4,041","694,452","10,284,352","67,720","1,911,625","8,680,783",23T,23T1,"4,115,073"
5425,台半,2026/06,"399,866","-236,757","180,595","22,063,492","4,147,020","3,368,463","11,159,358",23D,23D1,"31,749,943"
5426,振發,2026/06,"21,863","-153,170","36,616","3,175,146","974,426","635,815","871,704",23D,23D4,"4,500,940"
5432,新門,2026/06,0,0,"-80,678","633,594",75,"133,816","115,016",23D,23D3,"3,444,552"
5434,崇越,2026/06,"30,133","-224,270","887,401","48,203,493","9,988,929","7,107,668","25,964,074",23T,23T2,"106,510,392"
5438,東友,2026/06,"42,461","-1,965","-46,622","3,693,113","34,368","383,179","451,991",23C,23C2,"2,087,561"
5439,高技,2026/06,"29,448","-589,688","829,383","12,481,572","3,191,869","2,488,777","8,446,600",23B,23B2B,"28,869,359"
5443,均豪,2026/06,"171,672","-28,176","103,133","30,699,041","1,431,559","1,320,509","8,142,583",23H,23H2,"19,028,279"
5450,南良,2026/06,"33,134","-41,328","67,502","3,570,554","895,670","766,960","1,772,122",17Z,17Z,"1,823,805"
5452,佶優,2026/06,"4,817","-58,452","-303,687","4,652,517","554,146","977,847","2,214,444",23T,23TZ,"5,087,729"
5455,昇益,2026/06,0,-112,"-902,418","5,419,761",838,"195,775","4,056,796",25A,25A,"1,768,554"
5457,宣德,2026/06,"626,150","-1,129,024","1,144,495","34,159,389","8,594,597","6,973,081","22,112,192",23D,23D2,"6,710,304"
5460,同協,2026/06,"4,064","-5,560","14,475","823,163","194,574","29,698","78,737",23D,23D9A,"922,815"
5464,霖宏,2026/06,"11,777","-24,378","-46,342","4,151,062","1,378,824","416,424","2,830,263",23B,23B2B,"7,036,029"
5465,富驊,2026/06,"40,744","-55,865","730,049","4,903,865","639,916","518,960","1,787,644",23D,23D4,"3,677,307"
5468,凱鈺,2026/06,"2,493",-80,"25,263","692,737","79,672","76,251","129,128",23G,23G5B,"1,803,044"
5469,瀚宇博,2026/06,"257,253","-2,812,003","93,775","152,283,947","21,489,249","23,690,680","66,753,431",23B,23B2B,"43,414,624"
5471,松翰,2026/06,"421,200","-54,831","282,830","4,444,985","685,654","1,556,226","833,421",23G,23G5H,"10,341,223"
5474,聰泰,2026/06,"101,004","-2,728","125,244","2,588,543","11,807","598,020","629,325",23A,23A4B,"6,679,176"
5475,德宏,2026/06,"44,266","-42,984","142,028","2,973,635","1,023,201","151,404","1,892,928",23B,23B3B,"31,082,552"
5478,智冠,2026/06,"157,051","-19,745","1,857,338","20,089,140","332,601","4,447,473","10,091,993",23X,23X2,"16,309,733"
5481,新華,2026/06,0,0,"-6,156","1,502,839","134,045","215,505","330,687",99Z,99ZX,"1,506,603"
5483,中美晶,2026/06,"1,637,576","-6,942,492","5,366,003","270,496,442","126,750,797","36,736,775","147,767,732",23G,23G3C,"115,419,960"
5484,慧友,2026/06,"46,044",-716,"172,694","1,084,890","13,988","82,273","532,183",23C,23C9,"3,052,806"
5487,通泰,2026/06,"13,724",-609,"-6,476","573,035","74,353","238,888","51,134",23G,23G5H,"673,399"
5488,松普,2026/06,"3,941","-1,711","-52,410","1,445,841","152,344","288,242","431,197",23D,23D2,"1,190,618"
5489,彩富,2026/06,"110,792","-7,648","-105,269","2,930,390","622,668","675,346","694,762",23C,23C9,"6,491,019"
5490,同亨,2026/06,"165,968","-2,526","113,583","1,992,951","55,390","603,829","643,956",23A,23A5A,"2,745,140"
5493,三聯,2026/06,"10,785","-65,303","317,999","6,655,118","972,396","1,474,699","3,591,146",23H,23H2,"3,975,699"
5498,凱崴,2026/06,"2,086","-7,225","-119,185","4,343,304","1,326,250","331,755","2,132,861",23B,23B3X,"11,767,779"
5508,永信建,2026/06,0,-174,"730,208","19,260,878","17,047","186,094","13,798,906",25A,25A,"11,588,912"
5511,德昌,2026/06,0,"-63,252","1,061,228","16,627,266","633,655","3,593,639","9,281,341",25B,25B,"8,961,760"
5512,力麒,2026/06,"3,647","-10,969","-741,474","46,055,196","5,329,256","4,964,786","27,486,593",25A,25A,"6,237,780"
5514,三豐,2026/06,0,0,"-134,775","7,366,675","42,384","365,204","3,942,195",25A,25A,"3,329,264"
5515,建國,2026/06,0,"-78,595","700,342","12,825,850","145,659","2,970,146","6,980,491",25B,25B,"8,316,000"
5516,雙喜,2026/06,0,-499,"-15,079","3,177,605","341,492","208,815","2,712,426",25B,25B,"566,995"
5519,隆大,2026/06,0,-223,"-279,630","13,826,482","48,021","2,141,799","8,153,889",25A,25A,"7,562,297"
5520,力泰,2026/06,0,"-32,733","412,757","4,748,546","1,040,133","482,792","1,292,475",11B,11B,"5,007,913"
5521,工信,2026/06,0,"-15,909","-272,544","13,151,255","490,406","1,584,569","7,308,429",25B,25B,"5,070,484"
5522,遠雄,2026/06,0,"-9,912","-3,405,843","108,998,476","78,932","6,019,765","61,328,333",25A,25A,"50,491,102"
5523,豐謙,2026/06,0,0,"-569,751","5,839,983","37,778","26,110","2,998,541",25A,25A,"4,712,030"
5525,順天,2026/06,0,-985,"1,413,433","19,184,904","237,297","378,875","13,248,155",25A,25A,"6,855,163"
5529,鉅陞,2026/06,0,0,"-201,592","5,134,185","171,955","128,416","3,528,843",25A,25A,"2,284,610"
5530,龍巖,2026/06,0,"-74,685","-453,811","83,329,993","7,426,820","739,766","52,041,614",25E,25E,"20,290,057"
5531,鄉林,2026/06,0,"-6,052","-230,355","46,807,011","9,496,306","146,291","37,089,091",25A,25A,"7,771,833"
5533,皇鼎,2026/06,,"-3,269","-36,099","11,822,622","2,114,287","2,263,472","2,307,257",25A,25A,"4,007,692"
5534,長虹,2026/06,0,0,"-71,681","48,765,892","78,451","1,704,270","27,430,578",25A,25A,"24,690,026"
5536,聖暉*,2026/06,"174,984","-348,407","3,592,886","52,968,353","1,180,888","15,700,720","29,407,728",23H,23H1,"160,064,490"
5547,久舜,2026/06,0,"-14,026","-243,248","2,061,396","248,328","294,306","1,233,369",25B,25B,"1,032,566"
5548,安倉,2026/06,0,"-106,776","-202,015","2,383,515","227,079","247,013","1,248,439",25B,25B,"1,355,579"
5601,台聯櫃,2026/06,0,0,"20,965","1,885,122","237,270","64,123","508,360",26C,26C,"2,125,440"
5603,陸海,2026/06,0,"-30,827","-18,136","2,744,080","1,134,009","149,370","796,397",26C,26C,"1,552,180"
5604,中連,2026/06,0,0,"55,052","2,486,763","4,749","4,234","533,215",25F,25F,"3,355,956"
5607,遠雄港,2026/06,0,"-142,691","1,165,775","27,127,826","3,213,311","1,039,661","15,933,805",26C,26C,"18,898,203"
5608,四維航,2026/06,0,"-248,934","646,091","17,081,989","14,398,091","1,063,738","7,256,716",26A,26A1,"5,547,183"
5609,中菲行,2026/06,0,"-7,915","189,959","11,148,963","542,185","4,859,320","4,735,832",26C,26C,"10,987,780"
5701,劍湖山,2026/06,0,"-16,885","-5,876","2,331,200","1,840,407","40,745","1,889,807",27A,27A1,"726,440"
5703,亞都,2026/06,0,"-1,742","32,016","996,911","562,767","209,937","444,391",27A,27A1,"962,288"
5704,老爺知,2026/06,0,"-346,388","-53,114","1,111,359","706,958","223,052","131,239",27A,27A1,"1,256,704"
5706,鳳凰,2026/06,0,"-75,985","188,580","3,586,028","1,240,132","236,017","1,824,174",27C,27C,"3,937,096"
5864,致和證,2026/06,,"-26,902","-734,630","19,400,794","698,542","31,896","6,504,885",30A,30A,"21,384,037"
5878,台名,2026/06,0,-691,"42,051","737,146","40,185","52,091","218,146",28N,28N,"969,680"
5902,德記,2026/06,"1,341","-3,197","16,213","1,845,738","5,747","502,370","609,883",29B,29B,"3,203,550"
5903,全家,2026/06,0,"-1,696,242","7,325,105","81,635,037","23,725,855","9,066,633","71,705,595",29A,29A4,"41,965,360"
5904,寶雅*,2026/06,0,"-748,158","3,362,361","34,432,061","4,723,874","5,288,509","27,180,442",29A,29A9,"70,998,148"
5905,南仁湖,2026/06,0,"-17,224","1,186,197","6,990,259","1,116,803","469,963","3,778,940",27B,27B,"2,329,022"
5906,台南-KY,2026/06,"13,438","-45,784","118,241","1,787,146","182,619","187,461","1,192,864",29A,29A9,"1,358,158"
6021,美好證,2026/06,,"-24,382","-1,561,270","41,196,639","2,449,697","1,066,316","28,310,044",30A,30A,"12,567,298"
6023,元大期,2026/06,,"-57,547","3,260,114","315,532,878","800,594","21,015,703","295,554,399",30C,30C,"31,805,614"
6026,福邦證,2026/06,,"-3,811","326,836","17,386,050","15,652","713,214","11,084,339",30A,30A,"6,180,127"
6028,公勝保經,2026/06,0,"-12,158","251,179","1,853,081","218,470","739,141","938,262",28N,28N,"1,970,000"
6101,寬魚國際,2026/06,0,"-5,596","238,603","1,994,390","203,783","919,988","629,106",99H,99H,"5,469,202"
6103,合邦,2026/06,"1,883",0,"7,440","154,148",0,"71,808","4,340",23T,23TZ,"423,116"
6104,創惟,2026/06,"482,165","-43,452","396,091","3,341,870","924,223","884,044","1,179,645",23G,23G5F,"9,340,723"
6108,競國,2026/06,0,"-94,064","-563,615","7,310,720","1,206,450","2,565,736","4,067,772",23B,23B2B,"2,904,487"
6109,亞元,2026/06,"40,972","-11,718","-13,624","1,096,200","77,291","379,582","343,675",23D,23D3,"1,141,725"
6111,光聚晶電,2026/06,"382,930","-286,952","96,171","31,257,042","11,411,297","3,012,572","20,922,240",23X,23X2,"4,796,186"
6112,邁達特,2026/06,"39,367","-9,434","-2,279,317","15,378,509","586,262","1,289,477","9,980,410",23X,23X1,"8,476,065"
6113,亞矽,2026/06,0,-98,"-15,339","909,334","3,896","149,027","375,628",23T,23T2,"1,442,470"
6114,久威,2026/06,0,0,"35,800","2,278,502","212,877","728,294","670,396",23B,23B2B,"1,345,903"
6115,鎰勝,2026/06,"49,179","-18,481","-200,209","8,632,888","689,390","1,550,141","3,456,604",23D,23D2,"9,054,692"
6116,彩晶,2026/06,"233,254","-280,298","128,208","47,050,177","13,604,447","3,869,443","9,772,813",23C,23C8A,"56,029,638"
6117,迎廣,2026/06,"57,615","-490,038","340,240","6,591,874","2,919,230","765,140","4,370,116",23D,23D4,"6,805,145"
6118,建達,2026/06,0,-373,"-323,491","3,732,764","130,471","243,302","2,603,959",23T,23T1,"1,536,041"
6120,達運,2026/06,"188,096","-567,183","-207,601","17,398,565","3,979,573","5,474,521","7,480,889",23C,23C8B,"8,865,200"
6121,新普,2026/06,"1,255,850","-1,193,296","2,781,296","83,863,074","10,262,277","27,399,550","36,141,238",23D,23D7,"77,225,393"
6122,擎邦,2026/06,0,"-1,639","394,602","4,821,346","370,840","589,930","3,073,973",25C,25C,"3,724,988"
6123,上奇,2026/06,"5,352",-897,"352,549","4,220,251","122,278","2,155,338","1,999,318",23T,23T1,"2,592,216"
6124,業強,2026/06,"10,781","-66,591","135,502","4,666,857","1,803,395","707,516","1,450,892",23D,23D9B,"5,538,268"
6125,廣運,2026/06,"211,589","-130,874","-333,687","12,441,993","3,857,139","2,716,288","5,763,782",23H,23H1,"15,411,155"
6126,信音,2026/06,"102,836","-171,692","-180,022","11,701,930","1,379,182","1,523,259","5,064,876",23D,23D2,"4,655,826"
6127,九豪,2026/06,"34,576","-41,767","20,810","3,581,488","1,577,741","147,751","2,439,567",23D,23D5,"10,040,632"
6128,上福,2026/06,"63,715","-29,620","57,103","6,540,996","1,975,973","522,636","3,722,282",23C,23C3,"2,653,851"
6129,普誠,2026/06,"202,966","-21,233","15,723","2,192,030","441,526","291,316","526,553",23G,23G5G,"3,311,275"
6130,上亞科技,2026/06,"7,415","-3,867","-23,539","735,886","208,562","75,442","147,180",23G,23G5D,"1,099,625"
6133,金橋,2026/06,"19,695","-9,154",-755,"2,475,696","232,138","401,236","949,546",23D,23D2,"2,615,084"
6134,萬旭,2026/06,"64,097","-46,739","92,640","2,734,320","212,757","194,881","1,439,066",23D,23D2,"2,964,128"
6136,富爾特,2026/06,551,-535,"-35,781","4,996,866","93,070","291,008","408,001",23T,23TZ,"2,911,507"
6138,茂達,2026/06,"403,427","-97,896","877,913","7,551,430","775,715","1,566,718","2,777,781",23G,23G5D,"27,834,048"
6139,亞翔,2026/06,"117,772","-49,248","-4,903,156","120,520,807","924,657","37,511,348","91,538,629",23H,23H1,"217,436,648"
6140,訊達,2026/06,0,0,"-42,910","1,762,258","1,985","69,331","1,221,091",23X,23X1,"1,125,409"
6141,柏承,2026/06,"32,117","-107,886","9,187","5,385,096","3,789,347","143,188","4,835,599",23B,23B2B,"4,375,464"
6142,友勁,2026/06,"100,151","-57,982","-59,441","3,981,317","1,283,071","653,859","1,161,777",23K,23K4,"3,109,323"
6143,振曜,2026/06,"131,479","-29,183","-118,623","8,291,915","800,456","2,236,849","3,594,808",23C,23C3,"8,089,546"
6144,得利影,2026/06,0,"-1,211","2,555","367,432","22,761","29,682","53,246",23E,23E1,"568,369"
6146,耕興,2026/06,"33,675","-137,900","-325,338","8,975,831","1,964,093","2,685,339","3,096,448",23Z,23Z,"19,456,597"
6147,頎邦,2026/06,"362,162","-1,472,192","272,728","67,311,530","14,535,519","6,078,590","8,804,729",23G,23G2,"157,481,631"
6148,驊宏資,2026/06,53,"-1,192","62,520","1,190,368","3,211","336,229","633,928",23X,23X1,"1,442,394"
6150,撼訊,2026/06,"24,307","-20,398","26,268","3,842,069","856,207","644,663","2,130,512",23A,23A4A,"3,007,121"
6151,晉倫,2026/06,"36,081","-6,033","38,078","1,679,610","488,963","109,941","650,508",13A,13A8,"2,157,786"
6152,百一,2026/06,"101,876","-7,257","-250,305","3,589,635","259,938","780,297","2,243,082",23K,23K2,"2,289,624"
6153,嘉聯益,2026/06,"243,576","-42,307","-474,719","16,332,898","5,378,282","3,200,170","7,781,041",23B,23B2C,"13,646,018"
6154,順發,2026/06,"2,665","-8,092","-33,631","2,034,595","363,437","148,251","752,013",23T,23T1,"1,105,104"
6155,鈞寶,2026/06,"7,267","-20,512","39,770","2,373,765","404,532","386,286","741,297",23D,23D5,"8,089,406"
6156,松上,2026/06,"40,077","-96,699","-42,254","7,465,347","1,434,669","1,283,155","4,116,393",23B,23B2B,"3,106,800"
6158,禾昌,2026/06,"89,483","-66,195","19,443","2,351,678","784,452","430,788","1,229,534",23D,23D2,"960,791"
6160,欣技,2026/06,"85,544","-5,121","-84,182","1,133,955","110,255","67,913","543,981",23A,23A5B,"1,116,371"
6161,捷波,2026/06,"50,595","-2,198","156,414","1,938,273","292,075","587,634","596,462",23A,23A4A,"2,884,958"
6163,華電網,2026/06,"35,288","-66,119","-736,399","7,275,894","286,132","1,497,478","4,288,684",23K,23K1,"7,367,135"
6164,華興,2026/06,"13,400","-7,541","57,981","1,537,103","454,122","469,176","576,038",23C,23C6C,"1,052,000"
6165,浪凡,2026/06,"74,861","-9,311","159,510","3,034,497","1,354,846","837,010","1,730,739",23E,23E2,"3,697,155"
6166,凌華,2026/06,"817,720","-79,776","163,366","16,591,949","4,299,585","2,350,571","10,418,784",23A,23A5B,"30,378,776"
6167,久正,2026/06,"33,943","-16,447","-21,228","2,035,754","534,708","460,235","325,236",23C,23C8D,"1,781,200"
6168,宏齊,2026/06,"90,761","-110,375","84,556","4,554,701","644,382","463,783","783,078",23C,23C6C,"6,388,910"
6169,昱泉,2026/06,"13,967",0,"-30,247","469,952",149,"39,889","267,759",23X,23X2,"349,755"
6170,統振,2026/06,0,"-3,296","54,599","5,316,318","416,571","161,119","3,345,744",23T,23TZ,"5,086,698"
6171,大城地產,2026/06,0,0,"-161,556","4,659,448","1,833","190,711","2,287,907",25A,25A,"2,380,000"
6173,信昌電,2026/06,"32,640","-193,281","409,207","12,240,805","1,362,873","1,134,288","2,092,735",23D,23D5,"53,157,600"
6174,安碁,2026/06,"15,801","-59,964","20,131","1,075,415","336,484","74,994","407,050",23D,23D6,"2,490,000"
6175,立敦,2026/06,"68,436","-307,624","266,239","7,067,267","2,861,646","1,067,131","1,755,236",23D,23D5,"16,888,725"
6176,瑞儀,2026/06,"1,700,641","-1,802,571","299,546","70,233,786","5,989,168","34,219,641","33,934,408",23C,23C8B,"40,457,349"
6177,達麗,2026/06,0,0,"-1,475,368","46,751,946","1,552,420","1,424,511","34,465,980",25A,25A,"21,282,284"
6179,亞通,2026/06,0,"-13,822","-563,020","14,648,152","426,491","1,866,926","10,515,274",25C,25C,"4,521,788"
6180,橘子,2026/06,"419,349","-41,385","122,845","8,160,179","2,827,295","1,638,009","3,912,593",23X,23X2,"8,704,502"
6182,合晶,2026/06,"367,910","-4,018,559","857,647","42,540,905","26,595,351","5,106,461","14,444,812",23G,23G3C,"76,907,718"
6183,關貿,2026/06,"23,267","-64,548","516,808","5,333,909","789,208","804,436","2,647,567",23X,23X9,"13,395,000"
6184,大豐電,2026/06,0,"-139,544","316,476","9,075,791","2,183,842","2,747,232","3,277,392",99G,99G,"7,052,568"
6185,幃翔,2026/06,"34,915","-7,141","-76,904","2,488,946","486,933","434,099","363,241",23D,23D2,"2,143,112"
6186,新潤,2026/06,0,-110,"211,814","16,169,698","21,707","1,544,844","11,578,576",25A,25A,"8,176,391"
6187,萬潤,2026/06,"456,976","-1,017,207","1,447,057","13,516,570","2,440,417","4,550,104","4,749,277",23H,23H2,"98,066,474"
6188,廣明,2026/06,"346,993","-524,475","4,007,575","21,668,319","3,725,713","4,090,553","6,576,525",23C,23C3,"21,572,823"
6189,豐藝,2026/06,"72,022","-10,152","436,547","17,259,608","366,874","3,108,791","10,728,146",23T,23T2,"13,286,384"
6190,萬泰科,2026/06,"37,777","-213,634","-892,974","9,756,969","2,039,177","979,939","5,242,191",23D,23D2,"16,411,584"
6191,精成科,2026/06,"64,326","-1,390,331","-115,267","73,547,122","14,223,682","10,660,354","36,641,680",23B,23B1,"53,175,770"
6192,巨路,2026/06,"85,392","-90,570","684,599","12,552,673","1,527,783","2,020,015","5,016,633",23T,23T2,"11,827,188"
6194,育富,2026/06,0,"-6,958","5,463","2,364,577","109,789","1,000,248","412,884",23B,23B2B,"1,545,600"
6195,詩肯,2026/06,0,"-19,545","235,644","3,581,640","1,300,047","274,382","2,246,481",29A,29A9,"1,262,354"
6196,帆宣,2026/06,"148,368","-290,675","4,894,836","66,282,258","4,298,252","15,932,142","48,223,161",23H,23H1,"122,062,820"
6197,佳必琪,2026/06,"160,733","-80,917","588,921","10,430,607","946,717","2,428,764","4,518,062",23D,23D2,"43,203,650"
6198,瑞築,2026/06,0,0,"-438,773","6,642,787","3,263","718,523","1,911,368",25A,25A,"3,513,700"
6199,天品,2026/06,0,-815,"-56,508","1,933,638","5,088","796,701","850,815",25E,25E,"6,268,640"
6201,亞弘電,2026/06,"49,452","-19,088","34,896","3,969,284","660,931","728,570","1,277,487",23U,23U2,"4,286,060"
6202,盛群,2026/06,"335,983","-17,299","218,796","5,864,113","367,321","548,530","1,740,306",23G,23G5H,"14,998,259"
6203,海韻電,2026/06,"50,287","-7,955","246,375","3,864,558","228,556","1,980,562","921,396",23D,23D3,"5,479,667"
6204,艾華,2026/06,"8,189","-2,639","11,678","522,015","119,763","199,918","162,483",23D,23D5,"2,876,199"
6205,詮欣,2026/06,"34,923","-26,437","158,787","3,947,972","779,503","756,138","1,314,619",23D,23D2,"6,151,253"
6206,飛捷,2026/06,"158,174","-70,143","-97,618","7,537,331","1,081,125","2,427,726","2,231,184",23A,23A5A,"18,454,998"
6207,雷科,2026/06,"21,917","-12,517","129,404","4,581,695","616,965","1,015,550","1,783,091",23H,23H2,"13,556,231"
6208,日揚,2026/06,"73,653","-58,378","211,650","7,174,424","2,904,725","629,653","3,903,268",23H,23H2,"9,162,814"
6209,今國光,2026/06,"103,062","-276,237","201,322","5,467,991","1,611,580","424,601","1,775,223",23U,23U1,"14,678,362"
6210,慶生,2026/06,0,"-2,570","-24,047","539,262","224,315","101,634","198,925",23B,23B2B,"699,208"
6212,理銘,2026/06,0,0,"268,163","11,254,919","29,894","294,075","7,430,026",25A,25A,"2,907,000"
6213,聯茂,2026/06,"410,458","-882,345","-999,018","43,289,926","8,796,872","2,821,893","20,695,915",23B,23B3A,"134,701,574"
6214,精誠,2026/06,"397,436","-119,699","-4,074,518","45,407,816","2,253,638","5,677,236","26,001,573",23X,23X1,"36,480,562"
6215,和椿,2026/06,"22,383","-11,620","106,164","3,180,674","318,027","508,265","1,505,379",23H,23H2,"8,568,765"
6216,居易,2026/06,"89,827","-1,445","-45,306","1,910,711","197,685","356,247","264,363",23K,23K4,"2,208,619"
6217,中探針,2026/06,"127,157","-229,538","-168,624","7,294,249","2,585,777","904,776","4,378,035",23B,23B2D,"30,005,760"
6218,豪勉,2026/06,0,"-1,045","-82,375","1,590,188","204,539","192,809","589,182",23X,23X1,"2,364,842"
6219,富旺,2026/06,0,"-6,307","469,215","14,528,697","58,507","652,424","12,545,698",25A,25A,"1,612,074"
6220,岳豐,2026/06,"28,685","-63,925","-1,051,304","10,124,554","1,090,236","980,733","6,931,448",23D,23D2,"4,928,480"
6221,晉泰,2026/06,"11,126","-2,219","311,137","6,475,508","413,231","2,306,345","3,433,959",23X,23X1,"3,768,232"
6222,立軒,2026/06,0,0,"-119,607","1,707,086","67,189","933,548","493,995",25A,25A,"1,966,409"
6223,旺矽,2026/06,"697,065","-3,154,745","2,646,835","35,415,477","11,824,325","9,879,943","19,510,842",23B,23B2D,"596,704,290"
6224,聚鼎,2026/06,"115,745","-63,919","-55,833","4,366,431","1,014,034","730,150","2,110,601",23D,23D5,"6,611,794"
6225,天瀚,2026/06,"3,893","-9,327","-9,609","158,349","11,268","26,277","73,275",23K,23K5,"565,730"
6226,光鼎,2026/06,"12,343","-12,475","-92,506","2,042,904","510,965","235,848","790,669",23C,23C6C,"2,547,547"
6227,茂綸,2026/06,"83,304","-5,328","-1,344,640","11,854,658","32,169","1,356,396","8,636,334",23T,23T2,"9,247,608"
6228,全譜,2026/06,"3,092",-22,"-12,330","408,754","220,993","43,371","172,935",23C,23C2,"512,200"
6229,研通,2026/06,"19,176",-65,"-24,470","1,810,179","55,734","186,494","1,093,361",23G,23G5H,"1,071,585"
6230,尼得科超眾,2026/06,"355,459","-69,219","-130,552","10,466,780","1,830,069","3,425,643","4,660,064",23D,23D9B,"10,706,532"
6231,系微,2026/06,"304,621","-595,054","290,365","2,390,980","691,292","1,173,880","1,309,901",23X,23X9,"12,851,038"
6233,旺玖,2026/06,"57,304","-4,233","19,757","1,716,639","91,437","628,518","211,999",23G,23G5F,"2,066,061"
6234,高僑,2026/06,639,"-4,787","-8,901","4,243,268","891,399","794,482","1,436,663",23H,23H2,"4,878,760"
6235,華孚,2026/06,"296,096","-260,139","36,191","10,526,227","5,137,297","895,185","5,499,292",23D,23D4,"8,016,231"
6236,中湛,2026/06,"4,622",0,-804,"166,792","1,502","138,973","11,016",23X,23X1,"787,261"
6237,驊訊,2026/06,"74,579",-275,"-4,965","1,648,306","252,371","331,774","190,065",23G,23G5J,"3,560,132"
6239,力成,2026/06,"1,762,060","-11,218,567","10,074,675","130,960,034","74,345,432","17,625,079","58,760,702",23G,23G2,"256,212,113"
6240,松崗,2026/06,0,0,"5,303","887,961",514,"115,326","534,930",99F,99F,"403,603"
6241,鑫永洋,2026/06,"14,424",-797,"-22,117","602,176","13,414","13,421","233,393",23K,23K4,"723,195"
6242,立康,2026/06,0,"-29,100","15,033","1,138,028","702,646","60,022","295,168",17C,17C2,"1,156,184"
6243,迅杰,2026/06,"61,839","-7,300","55,572","1,109,824","35,311","583,326","373,378",23G,23G5H,"1,806,233"
6244,茂迪,2026/06,"19,165","-251,727","131,573","9,819,852","3,930,705","2,657,701","5,178,790",23C,23C7C,"10,721,063"
6245,立端,2026/06,"287,392","-19,866","-956,632","10,222,702","1,191,542","925,310","4,274,885",23A,23A5B,"12,051,178"
6246,臺龍,2026/06,"21,913","-5,377","-82,507","1,217,851","79,240","408,777","803,912",23C,23C8B,"609,401"
6248,沛波,2026/06,0,"-6,475","300,488","4,026,108","927,391","275,100","1,841,910",20A,20A2,"1,819,199"
6257,矽格,2026/06,"258,383","-6,093,438","4,015,889","50,284,418","21,605,974","12,084,450","22,016,417",23G,23G2,"114,687,144"
6259,百徽,2026/06,"1,504","-9,999","-17,779","599,301","14,716","184,840","178,692",23T,23T2,"1,004,405"
6261,久元,2026/06,"251,067","-277,517","590,035","8,706,534","2,554,816","1,847,262","1,718,479",23G,23G2,"12,014,563"
6263,普萊德,2026/06,"56,142","-2,522","282,569","2,553,292","12,795","1,880,508","996,259",23K,23K4,"10,187,663"
6264,富裔,2026/06,0,0,"-236,356","5,024,948","118,778","44,786","3,984,783",25A,25A,"838,583"
6265,方土昶,2026/06,0,0,"-706,060","2,959,851","85,220","190,136","754,430",23T,23T2,"6,310,385"
6266,泰詠,2026/06,"15,028","-46,381","109,552","3,799,874","578,982","660,502","1,348,994",23B,23B1,"3,800,638"
6269,台郡,2026/06,"1,311,848","-574,653","-1,186,893","34,180,592","13,493,668","2,740,587","12,036,858",23B,23B2C,"22,992,001"
6270,倍微,2026/06,"17,469",-353,"-77,530","3,923,279","46,566","738,632","1,191,863",23T,23T2,"2,810,087"
6271,同欣電,2026/06,"228,343","-396,638","898,165","35,969,231","11,281,681","4,712,633","8,687,211",23G,23G6,"55,818,486"
6272,驊陞,2026/06,"108,642","-336,360","147,591","4,164,809","1,583,023","336,908","2,179,317",23D,23D2,"2,518,331"
6274,台燿,2026/06,"213,000","-1,637,452","-2,282,493","46,942,730","5,670,801","5,513,383","22,788,654",23B,23B3A,"502,884,480"
6275,元山,2026/06,"121,028","-101,438","33,143","3,807,312","1,247,729","286,284","2,131,769",23D,23D9B,"3,989,129"
6276,安鈦克,2026/06,"13,608","-8,571","-80,283","435,856","25,593","114,962","309,975",23D,23D3,"506,989"
6277,宏正,2026/06,"280,153","-66,547","219,723","7,358,924","2,937,618","911,547","2,485,714",23C,23C3,"8,374,917"
6278,台表科,2026/06,"375,667","-1,630,204","2,130,976","57,011,392","13,443,516","12,695,864","33,840,757",23B,23B1,"62,280,774"
6279,胡連,2026/06,"278,149","-776,387","792,603","15,892,191","5,887,017","941,657","6,777,518",15D,15D,"13,984,380"
6281,全國電,2026/06,0,"-65,971","652,157","9,977,591","390,890","1,143,421","7,190,349",23T,23T1,"5,077,658"
6282,康舒,2026/06,"1,542,339","-495,300","344,830","53,591,070","8,143,191","6,747,969","30,562,485",23D,23D3,"49,825,195"
6283,淳安,2026/06,"67,880","-45,919","48,775","2,702,985","320,855","898,905","807,232",23C,23C3,"3,413,326"
6284,佳邦,2026/06,"177,994","-181,300","560,456","15,423,165","3,824,427","2,549,325","6,746,594",23D,23D5,"14,972,490"
6285,啟碁,2026/06,"2,557,328","-1,482,868","-10,466,046","105,237,591","12,288,709","13,111,784","69,437,049",23K,23K4,"125,510,808"
6290,良維,2026/06,"76,945","-51,923","151,190","13,583,350","1,792,244","2,786,149","5,445,194",23D,23D2,"52,333,632"
6291,沛亨,2026/06,"41,234","-6,325","95,408","2,401,353","64,873","470,677","880,441",23G,23G5Z,"24,150,000"
6292,迅德,2026/06,"6,301","-3,120","37,332","1,966,884","172,815","524,913","772,343",23D,23D5,"2,903,242"
6294,智基,2026/06,0,"-8,431","54,348","1,289,252","20,090","404,398","732,309",99Z,99ZX,"711,083"
6405,悅城,2026/06,"12,835","-52,782","-23,279","3,328,858","828,446","238,098","17,370",23C,23C8C,"4,033,540"
6409,旭隼,2026/06,"418,651","-43,214","682,547","19,290,617","4,179,405","7,400,533","11,337,348",23D,23D3,"95,755,590"
6411,晶焱,2026/06,"232,745","-1,939","212,136","6,744,440","1,010,671","833,364","1,620,675",23G,23G5Z,"9,871,491"
6412,群電,2026/06,"933,188","-262,691","-193,150","35,034,764","6,095,208","4,776,701","19,587,117",23D,23D3,"38,193,286"
6414,樺漢,2026/06,"5,399,190","-863,686","1,094,636","185,059,142","12,991,516","29,408,057","119,653,447",23A,23A5B,"55,910,893"
6416,瑞祺電通,2026/06,"137,637","-3,807","-514,160","6,919,794","758,979","451,807","3,181,364",23A,23A5B,"5,875,175"
6417,韋僑,2026/06,"46,758","-40,150","206,668","3,068,300","1,367,865","684,838","1,295,336",23K,23KX,"5,580,168"
6418,詠昇,2026/06,"4,583","-1,485","-14,855","1,048,346","123,016","226,117","533,159",23D,23D2,"1,070,182"
6419,京晨科,2026/06,"2,716","-1,602","-167,221","1,231,526","6,261","97,061","517,304",23C,23C9,"1,888,317"
6423,億而得,2026/06,"72,047","-122,192","34,486","741,256","394,105","289,738","222,277",23G,23G5L,"2,555,718"
6425,易發,2026/06,"101,938","-40,875","-83,510","3,488,649","1,031,493","525,629","2,144,709",23H,23H2,"3,759,186"
6426,統新,2026/06,"31,628","-35,628","52,837","1,112,443","102,736","328,526","113,751",23K,23K6,"7,393,728"
6432,今展科,2026/06,"20,365","-1,792","60,452","1,466,436","166,027","464,220","396,210",23D,23D5,"2,951,462"
6435,大中,2026/06,"104,730","-20,983","339,699","3,260,929","246,095","593,955","1,019,219",23G,23G5K,"13,617,074"
6438,迅得,2026/06,"234,916","-116,930","31,615","11,237,102","2,747,467","1,990,337","4,759,672",23H,23H2,"12,947,445"
6441,廣錠,2026/06,"16,935","-2,396","-141,839","1,579,187","826,294","156,275","669,107",23D,23D7,"1,194,323"
6442,光聖,2026/06,"64,233","-78,809","1,236,035","19,984,668","1,245,722","8,557,221","6,394,070",23K,23K6,"134,181,520"
6443,元晶,2026/06,"24,918","-37,563","-241,771","6,330,501","3,671,370","406,385","2,992,753",23C,23C7C,"18,178,654"
6446,藥華藥,2026/06,"1,923,980","-959,461","4,128,873","44,110,958","4,907,912","24,470,683","7,294,881",17C,17C1D,"511,350,700"
6449,鈺邦,2026/06,"117,122","-674,611","314,247","11,612,274","2,334,104","1,620,450","4,613,892",23D,23D5,"31,700,670"
6456,GIS-KY,2026/06,"1,134,334","-1,271,225","101,832","56,443,823","13,366,739","11,589,283","26,942,573",23C,23C8E,"23,486,830"
6461,益得,2026/06,"76,024","-22,668","-169,633","2,295,483","1,379,967","95,420","1,401,085",17C,17C1B,"2,693,115"
6462,神盾,2026/06,"1,203,338","-61,188","-314,236","20,563,854","197,575","2,758,777","6,773,250",23G,23G5Z,"10,721,993"
6464,台數科,2026/06,0,"-123,118","644,221","18,141,168","2,211,204","1,071,861","9,370,333",99G,99G,"10,044,996"
6465,威潤,2026/06,"28,259",-498,"4,541","661,201","218,675","86,471","81,719",23K,23K5,"3,638,958"
6469,大樹,2026/06,0,"-166,959","168,110","14,021,734","1,030,949","1,454,018","10,282,514",17X,17X2,"11,241,441"
6470,宇智,2026/06,"42,761",-326,"103,643","1,736,731","14,295","1,042,865","605,767",23K,23K4,"1,843,237"
6472,保瑞,2026/06,"358,676","-552,266","1,324,837","52,077,131","10,771,669","8,431,018","34,541,633",17C,17C1B,"54,037,944"
6474,華豫寧,2026/06,"27,624","-5,831","89,384","3,490,751","508,130","381,336","1,796,215",23G,23G5H,"1,943,462"
6477,安集,2026/06,"5,185","-93,702","307,205","8,057,302","3,852,394","575,254","4,698,333",23C,23C7D,"4,134,486"
6482,弘煜科,2026/06,"18,583",-92,"14,264","543,494","57,614","383,191","153,980",23X,23X2,"797,457"
6485,點序,2026/06,"297,480","-31,434","-386,519","2,622,596","936,959","484,046","652,712",23G,23G5E,"3,950,324"
6486,互動,2026/06,0,"-8,106","-419,331","4,236,288","741,981","424,477","2,459,876",23K,23K1,"4,137,601"
6488,環球晶,2026/06,"997,259","-5,661,847","2,812,066","219,220,426","107,864,332","23,776,098","122,499,929",23G,23G3C,"480,504,570"
6491,晶碩,2026/06,"300,140","-1,003,429","914,096","16,961,595","8,532,026","744,989","5,294,926",17G,17G4,"26,910,000"
6492,生華科,2026/06,"119,749",-228,"-132,809","679,251","1,300","636,924","62,613",17C,17C1C,"3,829,910"
6494,九齊,2026/06,"114,637","-8,069","247,340","1,316,998","42,352","531,311","288,931",23G,23G5H,"2,038,776"
6496,科懋,2026/06,"45,739","-4,774","-60,087","1,417,786","171,309","141,099","728,800",17C,17C1B,"1,196,437"
6498,久禾光,2026/06,"39,032","-101,840","214,555","2,660,469","358,633","1,531,281","1,114,956",23U,23U1,"4,405,211"
6499,益安,2026/06,"187,354","-4,683","-233,611","1,551,305","145,660","452,475","282,140",17G,17G2,"6,834,623"
6504,南六,2026/06,"19,827","-60,120","-138,277","9,648,156","3,911,719","939,503","6,175,881",14F,14F,"2,613,600"
6505,台塑化,2026/06,"168,877","-5,770,739","5,435,396","590,457,205","87,207,713","49,680,830","98,037,336",13C,13C,"524,880,396"
6506,雙邦,2026/06,"11,700","-34,027","121,215","2,713,332","1,550,627","155,160","1,396,651",17F,17F,"1,519,560"
6508,惠光,2026/06,"17,002","-3,014","59,981","2,776,188","588,066","725,803","336,994",17C,17C3,"2,111,552"
6509,聚和,2026/06,"72,262","-212,311","396,928","8,256,058","2,888,071","1,815,799","2,685,489",17Z,17Z,"9,735,801"
6510,精測,2026/06,"408,075","-158,463","634,963","14,080,198","3,813,783","5,438,584","3,948,111",23B,23B2D,"99,939,515"
6512,啟發電,2026/06,"22,496",-647,"-13,214","356,125","82,223","221,673","24,625",23C,23C3,"503,937"
6515,穎崴,2026/06,"303,993","-651,856","1,024,552","15,643,215","2,535,781","2,974,229","7,022,897",23B,23B2D,"294,657,825"
6516,勤崴國際,2026/06,"56,234","-5,152","54,461","1,195,056","27,675","101,031","248,878",23K,23K5,"3,188,674"
6517,保勝光學,2026/06,"20,329","-1,096","54,896","820,730","111,261","478,861","161,670",23U,23U1,"2,232,267"
6523,達爾膚,2026/06,"4,025","-1,779","168,965","1,644,393","6,293","248,275","370,500",17Y,17Y,"4,414,704"
6525,捷敏-KY,2026/06,"21,578","-184,670","614,363","7,228,736","2,384,061","1,415,525","2,515,469",23G,23G2,"19,486,097"
6526,達發,2026/06,"3,441,180","-391,514","1,268,849","30,716,625","3,934,242","13,576,611","9,526,784",23G,23G5B,"112,229,020"
6527,明達醫,2026/06,"27,517","-109,465","41,335","1,355,368","735,962","84,015","323,957",17G,17G1,"1,861,053"
6530,創威,2026/06,"9,862",-879,"35,154","636,795","6,623","469,881","174,929",23K,23K6,"2,953,125"
6531,愛普*,2026/06,"587,067","-114,775","1,296,229","16,883,261","158,470","9,708,479","4,131,371",23G,23G5E,"162,822,702"
6532,瑞耘,2026/06,"8,774","-20,553","69,173","1,652,959","770,833","445,938","417,030",23H,23H2,"3,366,306"
6533,晶心科,2026/06,"837,135","-11,312","-121,310","6,058,454","1,263,946","754,993","1,774,116",23G,23G5L,"9,978,247"
6534,正瀚-創,2026/06,"200,770","-92,160","779,536","3,805,458","2,482,405","640,732","1,170,872",17C,17C3,
6535,順藥,2026/06,"167,870",0,"-168,260","1,368,911","5,574","125,316","123,578",17C,17C1C,"16,868,021"
6538,倉和,2026/06,"62,462","-84,160","72,037","3,000,515","1,164,850","932,293","1,080,591",23C,23C7F,"4,985,598"
6541,泰福-KY,2026/06,"44,101","-220,606","-547,239","7,634,753","1,549,905","592,561","2,669,236",17C,17C1D,"10,626,219"
6542,隆中,2026/06,"195,940","-15,794","25,906","941,188","20,152","630,823","156,329",23X,23X2,"1,915,246"
6546,正基,2026/06,"84,035",-765,"2,346","3,682,754","635,372","1,317,046","1,527,585",23K,23K4,"4,659,306"
6547,高端疫苗,2026/06,"51,185","-136,373","-147,350","4,760,764","1,030,133","259,042","1,205,424",17C,17C1D,"14,950,505"
6548,長科*,2026/06,"212,338","-348,385","195,033","26,672,357","3,037,852","4,843,572","13,167,119",23G,23G4,"79,744,014"
6552,易華電,2026/06,"27,825","-6,744","-33,952","3,891,157","390,331","266,276","1,231,284",23B,23B2C,"2,490,000"
6556,勝品,2026/06,"34,995","-15,454","124,608","2,280,300","732,864","456,299","632,373",23C,23C9,"2,084,375"
6558,興能高,2026/06,"59,880","-40,225","-16,094","1,883,071","639,652","457,306","553,114",23D,23D7,"2,757,397"
6560,欣普羅,2026/06,"27,664",0,"28,507","705,323",694,"254,094","51,889",23C,23C9,"1,264,901"
6561,是方,2026/06,"10,932","-118,896","704,537","7,031,980","3,703,960","536,370","3,762,539",23K,23K3,"25,882,056"
6568,宏觀,2026/06,"104,067","-2,327","154,490","1,843,210","285,955","373,281","276,419",23G,23G5B,"5,005,000"
6569,醫揚,2026/06,"56,022","-11,670","-126,207","2,364,560","346,128","260,773","813,544",23A,23A5B,"4,539,026"
6570,維田,2026/06,"43,164","-9,295","-14,369","1,453,612","756,149","133,390","610,047",23A,23A5B,"1,867,086"
6574,霈方,2026/06,438,"-46,042","172,461","1,351,436","119,046","246,552","283,840",17Y,17Y,"2,506,860"
6576,逸達,2026/06,"337,408","-46,498","-152,197","1,858,424","163,160","877,823","585,567",17C,17C1C,"12,729,313"
6577,勁豐,2026/06,"55,231","-10,272","143,225","2,607,124","46,847","914,886","1,193,511",23A,23A5B,"4,378,374"
6578,達邦蛋白,2026/06,"6,597","-1,154","17,888","1,120,739","807,207","139,812","111,380",12B,12B,"1,190,640"
6579,研揚,2026/06,"432,703","-85,935","-715,660","16,407,596","1,409,031","2,381,454","4,281,673",23A,23A5B,"26,688,533"
6581,鋼聯,2026/06,0,"-418,551","600,126","5,376,293","4,256,616","391,257","993,088",99L,99L2,"11,905,997"
6582,申豐,2026/06,"13,655","-27,534","-6,289","7,194,414","2,387,390","51,523","330,071",21C,21C,"3,503,742"
6584,南俊國際,2026/06,"35,014","-485,267","220,944","5,485,449","2,881,845","762,224","1,763,899",20B,20B,"52,297,500"
6585,鼎基,2026/06,"51,833","-58,339","289,714","5,339,640","2,965,979","769,696","1,416,296",17F,17F,"9,377,420"
6588,東典光電,2026/06,"15,633","-74,364","-34,520","1,286,596","658,244","335,820","363,183",23K,23K6,"3,060,628"
6589,台康生技,2026/06,"460,340","-242,426","-10,205","10,603,673","4,935,732","2,859,101","2,811,347",17C,17C1D,"15,387,314"
6590,普鴻,2026/06,"20,890","-2,483","4,374","1,223,800","357,690","160,281","391,654",23X,23X1,"1,635,142"
6591,動力-KY,2026/06,"52,801","-207,705","98,114","3,389,851","1,572,268","1,005,647","1,228,611",23D,23D9B,"2,200,027"
6592,和潤企業,2026/06,0,"-382,864","3,197,760","331,732,335","7,241,098","4,931,503","288,745,851",28K,28K,"37,676,302"
6593,台灣銘板,2026/06,"9,837","-16,467","-15,180","1,011,547","484,630","206,110","155,183",23Z,23Z,"1,064,024"
6596,寬宏藝術,2026/06,0,"-31,204","-281,134","1,954,550","428,408","317,123","722,529",99E,99E,"3,526,400"
6597,立誠,2026/06,"19,305","-1,047,305","12,561","2,277,634","1,587,791","124,980","1,508,319",23D,23D5,"2,012,814"
6598,ABC-KY,2026/06,"152,703","-4,687","-5,927","1,073,322","81,524","449,173","371,792",17G,17G3,"2,349,414"
6603,富強鑫,2026/06,"69,145","-40,038","-36,864","8,509,884","2,180,221","696,453","5,665,697",15A,15A1,"3,834,445"
6605,帝寶,2026/06,"382,414","-1,107,919","2,636,082","33,821,885","13,425,207","3,270,291","13,208,337",15D,15D,"22,550,976"
6606,建德工業,2026/06,"5,532","-53,384","167,444","2,340,887","929,966","258,988","647,865",15A,15A1,"2,746,570"
6609,瀧澤科,2026/06,"50,243","-9,525","121,470","3,793,032","918,816","502,093","1,412,381",15A,15A1,"2,883,749"
6612,奈米醫材,2026/06,"71,938","-23,388","45,840","3,202,431","369,504","350,165","1,206,774",17G,17G4,"3,440,086"
6613,朋億*,2026/06,"102,224","-330,840","-104,308","15,208,196","814,593","3,459,703","6,955,958",23H,23H1,"28,358,465"
6614,資拓宏宇,2026/06,"29,603","-22,415","-502,560","4,356,018","108,047","315,118","2,834,084",23X,23X1,"3,210,308"
6615,慧智,2026/06,"2,666","-1,480","12,103","735,616","31,165","97,423","87,738",17H,17H2,"782,746"
6616,特昇-KY,2026/06,"6,454",-643,"-5,531","723,452","114,295","313,396","304,573",99B,99B,"323,914"
6620,漢達,2026/06,"161,665","-21,115","490,106","5,580,856","44,809","1,496,763","557,908",17C,17C1C,"16,166,620"
6624,萬年清,2026/06,"3,039",-19,"-99,619","768,520","249,790","73,962","268,528",99L,99L2,"914,450"
6625,必應,2026/06,0,"-125,548","181,857","3,737,397","1,536,812","1,068,923","1,841,772",99H,99H,"4,568,194"
6637,醫影,2026/06,0,"-134,552","60,568","1,922,241","350,878","208,932","848,393",17G,17G1,"1,689,030"
6640,均華,2026/06,"109,893","-26,354","185,301","9,146,824","483,509","838,468","4,003,642",23H,23H2,"29,634,800"
6641,基士德-KY,2026/06,"49,105","-3,606","-13,284","2,246,393","503,011","326,908","739,616",99L,99L2,"657,000"
6642,富致,2026/06,"20,244","-344,962","42,495","1,797,701","1,132,099","158,786","711,013",23D,23D5,"2,947,120"
6643,M31,2026/06,"658,258","-23,362","-128,200","2,107,100","583,668","355,260","229,936",23G,23G5L,"20,034,840"
6645,金萬林-創,2026/06,"13,090","-18,374","-76,179","1,042,663","441,293","86,006","604,358",17G,17G3,
6649,台生材,2026/06,"11,946","-5,574","-49,815","731,115","222,886","184,268","87,268",17G,17G2,"1,596,000"
6651,全宇昕,2026/06,"24,793","-88,002","150,269","1,757,211","133,566","483,371","445,590",23G,23G5K,"5,311,407"
6654,天正國際,2026/06,"23,466","-12,812","16,573","2,447,152","812,054","191,312","1,097,163",23H,23H2,"6,893,655"
6655,科定,2026/06,"3,070","-118,548","138,517","10,314,970","2,381,661","162,101","7,043,102",99Z,99ZC,"9,910,356"
6657,華安,2026/06,"147,774",-817,"-145,790","784,063","63,790","567,382","71,136",17C,17C1C,"3,232,611"
6658,聯策,2026/06,"25,057","-100,548","90,489","3,529,481","1,044,100","830,278","2,057,434",23H,23H2,"8,510,580"
6661,威健生技,2026/06,"11,822","-92,566","-13,453","658,591","271,981","168,287","380,961",17H,17H2,"419,472"
6662,樂斯科,2026/06,0,"-5,832","16,400","597,686","248,650","85,571","170,240",17H,17H1,"765,799"
6664,群翊,2026/06,"54,697","-14,733","522,258","9,629,859","1,205,475","775,045","5,443,872",23H,23H2,"23,910,041"
6667,信紘科,2026/06,"32,429","-154,068","266,151","7,297,989","654,531","1,827,132","4,783,101",23H,23H1,"13,206,772"
6668,中揚光,2026/06,"64,096","-38,092","-113,568","3,754,864","1,831,718","319,713","1,502,352",23U,23U1,"4,172,168"
6669,緯穎,2026/06,"6,128,480","-11,851,624","-61,567,715","556,925,715","28,848,583","85,330,206","419,663,002",23A,23A2,"865,002,240"
6670,復盛應用,2026/06,"477,014","-398,786","3,485,201","31,228,263","7,122,352","10,088,998","12,544,435",99Z,99Z2,"35,613,379"
6672,騰輝電子-KY,2026/06,"135,278","-179,704","207,806","6,807,405","1,231,324","1,254,829","2,002,909",23B,23B3A,"24,486,000"
6674,鋐寶科技,2026/06,"88,806","-9,696","-220,796","1,105,286","91,574","120,753","325,304",23K,23K4,"1,185,932"
6679,鈺太,2026/06,"128,514","-4,599","470,305","6,302,608","59,573","640,716","403,940",23G,23G5J,"14,485,913"
6680,鑫創電子,2026/06,"38,476","-1,994","-99,855","1,524,732","545,484","199,215","976,490",23A,23A5B,"1,156,978"
6683,雍智科技,2026/06,"168,383","-53,283","168,535","3,773,939","881,599","1,599,494","946,436",23B,23B2D,"47,535,825"
6684,安格,2026/06,"63,273","-44,844","-28,448","1,658,161","25,718","255,840","107,775",23G,23G5F,"2,615,613"
6689,伊雲谷,2026/06,"73,044","-1,604","111,869","6,446,279","5,480","1,445,904","3,328,512",23X,23X1,"4,318,000"
6690,安碁資訊,2026/06,"176,794","-59,825","550,570","4,805,895","1,333,340","1,353,625","1,783,022",23X,23X1,"4,860,000"
6691,洋基工程,2026/06,0,"-75,756","2,998,654","26,516,068","810,255","8,327,992","19,101,288",23H,23H1,"92,451,607"
6692,進能服,2026/06,"3,505","-13,029","-287,152","1,977,669","156,867","457,252","1,007,910",23C,23C7E,"1,550,539"
6693,廣閎科,2026/06,"85,714","-86,289","61,532","2,038,366","411,182","470,205","791,809",23G,23G5K,"10,721,340"
6695,芯鼎,2026/06,"298,782","-16,134","-33,813","2,198,065","101,614","1,161,171","340,737",23G,23G5Z,"6,374,101"
6697,東捷資訊,2026/06,"3,208","-4,010","-33,098","933,963","26,071","390,524","331,088",23X,23X1,"1,131,172"
6698,旭暉應材,2026/06,"51,827","-105,991","73,593","2,628,098","1,081,216","535,727","950,772",23C,23C8C,"2,874,687"
6703,軒郁,2026/06,"27,010","-5,228","-7,394","2,392,988","407,142","643,783","1,062,727",17Y,17Y,"3,611,748"
6706,惠特,2026/06,"127,398","-49,111","-379,300","7,646,219","3,080,228","827,417","3,937,067",23H,23H2,"11,743,076"
6708,天擎,2026/06,"51,026","-3,631","-31,879","435,298","4,594","242,485","50,665",23G,23G5B,"1,164,711"
6712,長聖,2026/06,"123,448",-186,"382,765","3,537,350","31,051","549,790","723,800",17H,17H1,"16,129,594"
6715,嘉基,2026/06,"111,700","-30,604","27,831","4,700,981","1,514,703","1,477,549","947,062",23D,23D2,"29,733,327"
6716,應廣,2026/06,"121,943","-6,435","157,431","1,318,827","19,273","626,041","469,860",23G,23G5H,"2,806,458"
6719,力智,2026/06,"274,338","-15,496","148,077","17,324,950","409,817","958,481","3,217,179",23G,23G5D,"28,489,590"
6720,久昌,2026/06,"19,905","-7,786","12,603","1,006,322","47,937","316,417","143,150",23G,23G5Z,"4,231,640"
6721,信實,2026/06,0,"-19,138","-67,750","1,196,674","133,901","333,078","541,316",99Z,99ZX,"1,359,750"
6722,輝創,2026/06,"227,112","-59,063","118,049","4,804,381","1,749,854","1,140,717","2,254,535",15D,15D,"3,085,160"
6725,矽科宏晟,2026/06,"14,401","-276,198","-417,784","4,611,639","463,759","602,959","2,239,232",23H,23H1,"12,958,370"
6727,亞泰金屬,2026/06,"17,955","-8,309","1,289,773","6,156,977","587,764","2,079,683","4,702,174",23H,23H2,"11,519,794"
6728,上洋,2026/06,"9,593","-144,216","244,446","4,568,545","1,507,429","245,519","2,598,372",15C,15C1,"3,237,900"
6730,常廣,2026/06,"29,565","-19,414","44,639","1,167,233","815,014","113,931","427,488",17G,17G2,"1,379,324"
6732,昇佳電子,2026/06,"247,031","-52,796","187,580","5,737,198","539,065","656,463","1,103,487",23G,23G5I,"8,144,015"
6733,博晟生醫,2026/06,"60,176","-1,069","-24,654","1,125,376","34,013","149,789","45,703",17G,17G4,"3,250,447"
6735,美達科技,2026/06,"37,984","-1,760","127,489","1,195,282","396,472","373,051","248,330",23H,23H2,"4,017,834"
6739,竹陞科技,2026/06,"25,687","-58,152","340,013","1,680,088","155,523","686,927","648,491",23H,23H2,"24,328,720"
6741,91APP*-KY,2026/06,"133,539","-2,722","385,962","5,112,551","21,162","1,212,468","2,112,336",23E,23E2,"7,319,085"
6742,澤米,2026/06,"11,528","-82,497","-19,427","1,664,060","524,548","677,823","463,880",23U,23U1,"4,831,970"
6743,安普新,2026/06,"97,398","-109,230","168,449","9,360,412","2,913,500","240,663","7,079,677",23U,23U2,"4,545,000"
6751,智聯服務,2026/06,"16,972","-13,976","-33,714","1,446,785","180,132","233,378","462,872",23X,23X1,"996,780"
6752,叡揚,2026/06,"122,187",-750,"-289,611","2,653,114","926,908","178,132","1,297,237",23X,23X9,"3,677,256"
6753,龍德造船,2026/06,"23,636","-136,222","-624,579","10,836,426","3,888,879","2,512,563","5,517,056",22B,22B1,"16,005,171"
6754,匯僑設計,2026/06,0,"-8,196","-167,005","4,363,403","799,743","1,777,209","2,188,471",25C,25C,"2,937,000"
6756,威鋒電子,2026/06,"361,194","-20,560","66,430","4,214,003","84,827","832,391","1,145,875",23G,23G5F,"6,852,021"
6757,台灣虎航,2026/06,0,"-618,683","4,219,233","28,694,769","2,103,761","13,228,981","20,809,268",26D,26D,"28,628,719"
6761,穩得,2026/06,"22,081","-224,397","-27,558","3,130,418","891,194","381,934","1,415,664",23Z,23Z,"6,484,338"
6762,達亞,2026/06,"19,978","-10,263","83,178","2,748,622","1,898,535","177,644","1,445,186",17G,17G2,"6,260,616"
6763,綠界科技*,2026/06,"50,304","-2,735","191,282","7,399,218","1,106,604","1,180,376","4,381,893",23E,23E2,"8,732,651"
6767,台微醫,2026/06,"19,293","-25,533","-7,298","696,300","150,833","52,605","124,145",17G,17G4,"965,886"
6768,志強-KY,2026/06,"273,880","-868,606","467,949","24,001,389","7,290,680","5,817,279","9,292,326",99K,99K,"14,947,097"
6770,力積電,2026/06,"2,998,764","-3,356,968","15,058,597","197,059,525","83,217,060","40,117,988","68,182,634",23G,23G1A,"375,098,964"
6771,平和環保-創,2026/06,"7,546","-10,879","45,029","1,418,149","820,089","132,319","580,006",99L,99L2,
6776,展碁國際,2026/06,0,"-11,862","95,237","13,969,341","1,455,861","1,068,229","10,692,044",23T,23T1,"4,936,216"
6782,視陽,2026/06,"121,372","-862,746","590,826","6,861,625","2,737,855","542,618","2,402,991",17G,17G4,"12,348,000"
6785,昱展新藥,2026/06,"53,799",-188,"-52,428","2,449,286","12,104","1,801,996","72,342",17C,17C1D,"7,782,200"
6788,華景電,2026/06,"110,271","-17,082","412,854","3,906,855","753,375","1,278,726","1,259,231",23H,23H2,"16,677,570"
6789,采鈺,2026/06,"591,293","-632,378","1,716,094","22,653,944","8,044,698","11,897,943","4,200,503",23G,23G6,"163,287,387"
6790,永豐實,2026/06,"25,310","-95,829","1,193,778","10,869,438","4,086,070","1,589,604","5,281,395",19A,19A,"10,898,863"
6791,虎門科技,2026/06,"21,658","-2,577","43,623","859,496","94,469","285,260","355,016",23X,23X9,"2,188,935"
6792,詠業,2026/06,"74,070","-30,771","82,158","2,116,824","272,079","770,452","529,942",23D,23D5,"3,016,125"
6794,向榮生技,2026/06,"43,537","-1,176","-38,273","895,465","74,268","46,551","76,833",17H,17H1,"5,064,707"
6796,晉弘,2026/06,"74,040","-14,594","-33,127","1,654,251","419,616","445,459","801,985",17G,17G1,"2,289,315"
6799,來頡,2026/06,"68,274","-25,363","57,980","1,943,797","157,315","374,679","296,301",23G,23G5D,"4,312,818"
6803,崑鼎,2026/06,0,"-207,338","-158,578","18,101,840","6,740,882","2,199,870","10,511,464",99L,99L2,"21,032,264"
6804,明係,2026/06,"10,284","-7,934","92,076","1,781,503","819,572","215,207","509,153",99Z,99Z1,"764,750"
6805,富世達,2026/06,"345,433","-145,089","2,146,423","15,984,393","841,767","9,547,265","7,630,650",23D,23D9A,"115,170,720"
6807,峰源-KY,2026/06,"61,501","-15,853","2,496","3,425,168","1,024,301","1,012,457","915,749",99B,99B,"1,806,300"
6811,宏碁資訊,2026/06,"38,261","-1,234","343,967","7,225,248","1,786,753","1,263,471","4,901,613",23X,23X1,"8,621,392"
6821,聯寶,2026/06,"23,864","-12,706","76,953","1,210,728","161,200","610,304","403,427",23D,23D5,"2,300,264"
6823,濾能,2026/06,"26,634","-12,986","-160,539","1,218,215","579,165","92,864","719,770",23H,23H2,"2,048,831"
6829,千附精密,2026/06,"19,054","-415,041","138,427","3,590,554","2,135,911","209,402","1,679,983",23H,23H2,"13,165,103"
6830,汎銓,2026/06,"49,520","-600,253","361,812","6,583,423","3,958,455","682,361","3,188,210",23Z,23Z,"27,016,551"
6831,邁科,2026/06,"79,275","-236,321","354,597","5,443,884","1,151,209","1,195,341","2,698,954",23D,23D9B,"58,927,500"
6834,天二科技,2026/06,"27,639","-48,047","-12,949","2,603,940","766,303","387,988","1,061,000",23D,23D5,"10,528,049"
6835,圓裕,2026/06,"44,637","-83,681","29,065","4,131,873","889,039","1,619,345","2,368,835",23B,23B2C,"2,289,551"
6838,台新藥,2026/06,"101,833","-6,698","-184,697","1,925,904","21,637","106,755","554,094",17C,17C1C,"3,676,290"
6840,東研信超,2026/06,"17,814","-87,278","46,149","1,844,603","850,877","206,999","764,406",23Z,23Z,"1,922,500"
6841,長佳智能,2026/06,"31,929","-6,366","-13,144","2,877,999","29,968","974,842","570,554",17G,17G1,"5,799,081"
6843,進典,2026/06,"14,601","-5,522","77,387","1,500,073","217,254","382,706","668,091",15Z,15Z,"1,365,464"
6844,諾貝兒,2026/06,0,"-11,404","181,581","5,059,506","959,268","722,041","1,946,516",17X,17X2,"2,432,820"
6846,綠茵,2026/06,"28,275","-330,100","48,306","2,471,415","704,555","684,174","1,553,456",17C,17C2,"1,802,596"
6854,錼創科技-KY創,2026/06,"218,376","-573,907","77,865","5,563,869","632,490","2,267,194","2,154,233",23C,23C6B,
6855,數泓科,2026/06,"12,347",-477,"68,657","1,473,179","66,754","197,965","589,920",15A,15A1,"2,836,500"
6856,鑫傳,2026/06,0,"-8,392","41,930","1,056,437","185,376","426,380","296,604",99H,99H,"1,280,280"
6859,伯特光,2026/06,"19,636","-139,700","87,073","2,508,714","979,459","526,279","403,734",23U,23U1,"5,198,625"
6861,睿生光電,2026/06,"118,339","-10,395","40,612","2,977,754","130,534","867,461","1,419,855",17G,17G1,"13,852,467"
6862,三集瑞-KY,2026/06,"44,563","-202,738","110,426","5,217,563","2,048,423","1,316,618","2,319,518",23D,23D5,"10,075,000"
6863,永道-KY,2026/06,"78,001","-414,581","190,303","10,417,676","2,503,437","2,509,816","4,187,032",23K,23KX,"6,874,718"
6865,偉康科技,2026/06,"29,450","-1,506","54,712","460,299","9,004","146,705","120,232",23X,23X1,"460,181"
6869,雲豹能源,2026/06,0,"-167,201","-136,468","16,583,922","4,498,685","2,017,322","11,142,101",99D,99D4,"9,992,675"
6870,騰雲,2026/06,"134,714","-48,479","-38,279","2,964,417","697,040","643,618","1,681,515",23E,23E2,"6,229,931"
6872,浩宇生醫,2026/06,"67,940","-10,174","-44,176","571,512","144,091","112,653","75,485",17G,17G2,"1,202,767"
6873,泓德能源,2026/06,"84,341","-1,417,840","-870,960","33,492,920","15,781,353","1,639,526","22,078,104",23C,23C7E,"11,740,013"
6874,倍力,2026/06,"13,537","-1,172","-179,082","1,576,445","17,568","233,451","1,106,027",23X,23X9,"1,832,600"
6875,國邑*,2026/06,"179,750","-140,866","-196,062","1,782,810","495,828","733,278","416,597",17C,17C1C,"4,973,546"
6877,鏵友益,2026/06,"43,303",-836,"-91,946","1,157,696","225,694","254,180","322,313",23H,23H2,"5,729,974"
6881,潤德,2026/06,0,"-32,506","593,953","2,463,418","267,463","467,813","1,694,648",25C,25C,"3,480,000"
6884,海柏特,2026/06,0,"-4,815","47,583","801,059","13,685","380,918","481,617",23T,23T1,"599,514"
6885,全福生技,2026/06,"97,466","-1,589","-157,736","1,663,150","7,794","299,024","42,912",17C,17C1C,"2,840,852"
6894,衛司特,2026/06,"12,511","-163,473","240,681","3,366,061","923,153","714,887","1,364,384",99L,99L2,"8,651,300"
6895,宏碩系統,2026/06,"29,396","-93,723","81,438","1,061,510","246,980","237,383","166,176",23H,23H2,"4,978,600"
6899,創為精密,2026/06,"27,662","-12,992","34,083","2,402,209","639,720","763,622","544,917",23C,23C8E,"2,437,885"
6901,鑽石投資,2026/06,0,0,"-218,863","12,436,225","18,696","2,533,476","125,995",31B,31B,"16,043,168"
6902,GOGOLOOK,2026/06,"50,966",-847,"38,966","1,429,656","32,393","401,781","615,059",23X,23X9,"4,565,605"
6903,巨漢,2026/06,0,"-176,872","860,093","6,532,188","142,268","2,294,188","2,890,943",23H,23H1,"25,870,288"
6904,伯鑫,2026/06,"18,736","-5,157","39,185","1,775,995","786,981","378,554","768,094",15A,15A1,"2,340,250"
6906,現觀科,2026/06,"65,908",-729,"158,446","989,009","2,346","295,711","294,211",23X,23X9,"2,978,086"
6907,雅特力-KY,2026/06,"222,645","-4,685","457,400","2,529,194","7,875","1,708,553","912,466",23G,23G5H,"9,159,913"
6908,宏碁遊戲-創,2026/06,"23,049","-23,108","110,339","3,551,625","75,286","918,755","1,501,522",23T,23TZ,
6909,創控,2026/06,"46,502","-2,913","-74,772","1,161,547","37,284","99,955","138,539",23H,23H2,"3,715,834"
6910,德鴻,2026/06,"11,331","-1,563","6,615","587,429","5,465","142,496","136,362",23X,23X9,"834,749"
6913,鴻呈,2026/06,"77,977","-132,767","68,927","3,755,295","806,823","372,979","1,925,282",23D,23D2,"5,239,956"
6914,阜爾運通,2026/06,"23,698","-211,244","1,615,823","11,243,823","1,189,252","1,656,284","7,636,726",23X,23X1,"9,470,318"
6916,華凌,2026/06,"83,882","-55,236","-24,142","2,628,488","554,996","391,487","1,577,542",23C,23C8D,"1,377,000"
6918,愛派司,2026/06,"26,030","-131,468","101,811","1,548,404","358,286","475,558","345,577",17G,17G4,"2,499,483"
6919,康霈*,2026/06,"423,072","-9,961","-151,774","9,430,858","45,000","3,047,114","223,877",17C,17C1C,"155,408,660"
6921,嘉雨思-創,2026/06,"27,758",-527,"-7,490","301,247","121,292","68,117","33,776",23G,23G5F,
6922,宸曜,2026/06,"58,643","-14,743","203,162","2,419,235","841,006","511,839","1,336,824",23A,23A5B,"4,724,970"
6923,中台,2026/06,"1,548","-52,883","244,105","4,220,957","3,287,420","97,186","1,719,470",99L,99L2,"6,788,410"
6924,榮惠-KY創,2026/06,"1,374","-3,588","42,172","1,231,763","42,333","423,234","674,652",23B,23B2B,
6925,意藍,2026/06,"19,129","-9,971","36,937","506,786","28,814","175,418","117,685",23X,23X9,"1,190,000"
6928,攸泰科技,2026/06,"113,898","-8,275","14,482","2,710,912","55,929","792,652","698,374",23A,23A5B,"4,687,000"
6929,佑全,2026/06,0,"-17,383","184,299","2,807,459","448,238","223,715","1,799,153",17X,17X2,"1,070,888"
6931,青松健康,2026/06,0,"-68,769","-31,153","2,795,166","598,463","234,201","1,465,055",17X,17X1,"2,632,850"
6934,心誠鎂,2026/06,"22,173","-52,403","-111,009","667,688","124,354","168,887","138,117",17G,17G2,"2,348,450"
6936,永鴻生技,2026/06,"21,862","-13,695","62,814","1,775,117","588,982","137,370","449,670",17C,17C1F,"2,384,331"
6937,天虹,2026/06,"127,812","-15,391","120,964","5,211,314","1,376,649","1,120,979","1,621,333",23H,23H2,"18,131,540"
6944,兆聯實業,2026/06,"44,527","-674,967","2,372,343","18,226,346","2,770,085","7,448,057","9,762,543",99L,99L2,"74,924,176"
6945,圓祥生技,2026/06,"204,413","-5,291","-178,188","2,412,242","45,056","294,516","86,645",17C,17C1D,"9,817,402"
6947,台鎔科技,2026/06,350,"-60,739","469,599","7,992,906","6,478,278","669,425","5,722,358",99L,99L2,"8,574,870"
6949,沛爾生醫-創,2026/06,"98,724","-78,107","-241,764","3,155,578","599,052","1,852,469","333,591",17H,17H1,
6951,青新-創,2026/06,136,"-244,082","113,182","1,709,867","980,306","150,915","596,846",99L,99L2,
6952,大武山,2026/06,"14,223","-227,765","170,769","3,842,935","2,889,174","142,551","2,013,082",99Z,99ZA4,"2,453,586"
6953,家碩,2026/06,"79,563","-163,978","370,102","3,183,997","445,135","1,587,905","1,539,367",23H,23H2,"6,963,480"
6955,邦睿生技-創,2026/06,"35,496","-13,469","34,935","722,889","12,552","196,640","66,173",17G,17G3,
6958,日盛台駿,2026/06,0,"-2,057,315","4,535,694","74,000,586","11,469,437","1,946,876","63,283,797",28K,28K,"6,661,397"
6961,旅天下,2026/06,0,"-1,073","-9,784","1,547,051","28,896","888,471","608,413",27C,27C,"1,454,403"
6962,奕力-KY,2026/06,"987,663","-32,073","743,106","25,650,489","754,837","3,807,149","5,747,922",23G,23G5G,"19,031,144"
6967,汎瑋材料,2026/06,"22,055","-6,492","78,518","1,311,569","119,195","321,866","495,099",23Z,23Z,"1,810,521"
6968,萬達寵物,2026/06,0,"-53,286","325,493","3,533,148","364,408","282,377","2,214,469",29A,29A9,"2,091,608"
6969,成信實業*-創,2026/06,"11,933","-4,247","-10,001","1,118,148","593,083","102,622","632,988",99L,99L2,
6971,惠民實業,2026/06,"1,455","-12,716","-231,702","3,194,443","763,964","343,575","2,297,719",99L,99L2,"1,080,771"
6982,大井泵浦,2026/06,"38,199","-62,606","95,193","2,962,208","1,565,738","211,631","2,089,053",15Z,15Z,"2,241,360"
6983,華洋精機,2026/06,"20,980",-347,"-43,727","1,038,116","320,310","486,837","137,309",23H,23H2,"6,388,090"
6986,和迅,2026/06,"47,034","-13,164","66,920","1,178,887","113,541","417,818","109,950",17H,17H1,"2,416,411"
6988,威力暘-創,2026/06,"50,204","-169,530","-8,976","1,263,459","534,596","274,784","568,498",23B,23B1,
6994,富威電力,2026/06,"15,173","-92,128","80,993","7,183,896","2,525,964","269,457","4,508,845",99D,99D4,"3,570,900"
6996,力領科技,2026/06,"218,191","-101,115","411,993","3,465,726","119,477","638,872","763,476",23G,23G5G,"8,189,610"
6997,博弘,2026/06,"12,462",0,"95,701","2,315,928","1,717","664,060","1,810,344",23X,23X1,"1,613,373"
7402,邑錡,2026/06,"29,968","-20,788","-7,014","1,178,620","391,642","500,985","552,778",23U,23UZ,"4,057,315"
7547,碩網,2026/06,"23,964",-921,"30,577","1,156,655","1,730","78,265","181,354",23X,23X1,"1,916,278"
7556,意德士,2026/06,"7,725","-91,638","107,518","2,483,217","595,989","714,949","732,338",23H,23H2,"7,762,720"
7584,樂意,2026/06,"20,185",-169,"21,380","762,111","134,655","37,576","325,019",23X,23X2,"510,353"
7610,聯友金屬-創,2026/06,"5,350","-681,489","38,384","6,578,665","1,842,931","803,675","3,447,835",99L,99L1,
7631,聚賢研發-創,2026/06,"9,172","-80,022","-346,059","1,896,260","220,629","450,246","974,008",23H,23H1,
7642,昶瑞機電,2026/06,"10,350","-54,296","-93,913","1,528,024","1,020,543","239,933","576,888",15C,15C1,"2,185,875"
7689,大鵬科CLMX,2026/06,"186,343","-83,436","122,994","6,048,739","2,241,942","404,528","4,362,221",23C,23C9,"12,466,958"
7703,銳澤,2026/06,"5,164","-313,654","-187,635","3,461,402","570,542","913,871","1,437,984",23H,23H1,"6,966,373"
7704,明遠精密,2026/06,"19,832","-5,585","96,519","1,349,136","274,780","464,869","175,285",23H,23H2,"2,107,248"
7705,三商餐飲,2026/06,"4,021","-86,588","383,304","3,945,936","1,617,530","422,148","2,445,996",27A,27A2,"2,094,324"
7708,全家餐飲,2026/06,"2,152","-42,344","215,583","2,029,710","224,557","663,514","1,026,088",27A,27A2,"2,409,750"
7709,榮田,2026/06,"18,454","-62,647","-126,180","2,786,184","838,696","694,230","1,088,761",15A,15A1,"3,401,961"
7711,永擎,2026/06,"640,971","-5,976","-3,642,362","15,980,163","38,636","1,485,237","10,554,557",23A,23A3,"22,979,850"
7712,博盛半導體,2026/06,"56,528","-9,302","172,228","2,763,385","1,254,780","1,019,840","878,140",23G,23G5K,"6,463,557"
7713,威力德生醫,2026/06,0,"-28,110","148,559","2,520,380","654,849","90,318","1,319,902",17G,17G3,"3,238,105"
7714,創泓科技,2026/06,"16,495","-6,602","192,202","1,154,930","12,634","384,793","569,494",23X,23X1,"3,181,500"
7715,裕山,2026/06,"10,181","-19,922","40,546","1,567,585","156,260","198,252","667,163",99L,99L2,"1,146,495"
7716,昱臺國際,2026/06,0,-900,"-7,072","765,599","148,942","196,536","285,934",26C,26C,"580,500"
7718,友鋮,2026/06,"4,600","-22,342","153,270","2,234,587","711,206","657,545","680,261",20A,20A1,"2,178,732"
7721,微程式,2026/06,"43,685","-307,955","74,386","1,705,106","516,201","251,018","416,008",23X,23X1,"3,964,492"
7722,LINEPAY,2026/06,"56,494","-9,952","267,502","25,342,990","369,764","9,828,215","14,337,396",23E,23E2,"21,998,000"
7723,築間,2026/06,"15,821","-152,625","62,579","3,624,794","1,626,385","102,674","2,987,377",27A,27A2,"1,131,336"
7728,光焱科技,2026/06,"36,679","-6,196","12,517","957,676","44,544","729,315","235,813",23H,23H2,"9,226,764"
7730,暉盛-創,2026/06,"14,303","-1,192","39,804","1,285,386","259,634","471,152","309,609",23H,23H2,
7732,金興精密,2026/06,"16,900","-59,735","20,294","2,160,301","894,552","257,688","389,951",15D,15D,"2,315,544"
7734,印能科技,2026/06,"67,414","-28,127","751,095","8,642,924","745,799","2,875,111","1,920,690",23H,23H2,"84,980,000"
7736,虎山,2026/06,"28,652","-212,224","181,969","4,506,098","1,683,398","612,700","1,001,165",15D,15D,"5,380,800"
7738,東聯互動,2026/06,0,0,"83,040","2,515,396","1,045","1,889,503","629,701",23E,23E2,"4,568,452"
7740,熙特爾-創,2026/06,"22,930","-176,083","-298,060","6,892,989","919,424","1,297,745","5,094,861",23D,23D7,
7743,金利食安,2026/06,"3,452","-22,237","-15,700","1,111,536","389,134","391,069","365,765",12C,12C,"724,188"
7744,崴寶,2026/06,"10,520","-5,805","127,078","4,121,309","536,083","715,090","1,412,431",23D,23D9A,"14,530,881"
7747,昕奇雲端,2026/06,"3,958",-103,"183,505","1,456,603","3,443","641,578","461,172",23X,23X1,"3,537,954"
7750,新代,2026/06,"1,018,073","-235,479","758,860","24,571,280","1,809,937","7,221,808","11,125,948",15A,15A1,"144,281,820"
7751,竑騰,2026/06,"76,192","-67,500","181,812","4,616,394","184,890","1,560,211","2,249,615",23H,23H2,"36,837,930"
7753,星亞,2026/06,"29,653","-6,685","58,141","940,437","211,210","443,958","370,975",23C,23C6C,"1,058,750"
7757,金色三麥,2026/06,"3,957","-78,585","166,507","2,039,688","694,394","548,397","1,025,310",27A,27A2,"2,308,780"
7760,享溫馨,2026/06,251,"-119,737","105,762","4,572,974","2,803,111","194,084","2,486,922",27B,27B,"2,179,584"
7765,中華資安,2026/06,"92,746","-17,367","134,552","3,101,951","60,844","1,212,825","1,187,389",23X,23X1,"9,010,842"
7767,仁大資訊,2026/06,"9,252","-11,059","-143,189","3,086,072","730,006","134,560","2,184,589",23X,23X1,"1,207,010"
7768,頌勝科技,2026/06,"100,188","-952,071","117,672","6,895,631","2,378,802","2,340,365","2,373,762",17F,17F,"23,997,263"
7769,鴻勁,2026/06,"897,872","-1,262,476","2,610,926","85,358,719","2,658,302","52,690,125","28,478,127",23H,23H2,"1,164,147,100"
7770,君曜,2026/06,"24,352",-300,"-97,867","729,948","55,449","314,476","161,500",23G,23G5F,"1,273,126"
7772,耀穎,2026/06,"28,574","-19,758","61,671","1,416,754","480,168","324,729","400,541",23G,23G6,"3,444,870"
7777,能率亞洲,2026/06,0,0,"-262,801","2,309,033",0,"300,672","26,088",31B,31B,"7,734,819"
7780,大研生醫*,2026/06,"4,203",-322,"104,922","6,177,378","1,206","5,261,098","1,305,568",17C,17C2,"14,701,936"
7782,光速火箭,2026/06,"5,980","-1,869","18,014","846,741","254,076","239,931","382,327",29A,29A9,"624,430"
7786,東方風能,2026/06,0,"-3,743,369","1,193,499","19,176,899","4,331,559","826,594","9,445,228",26A,26A3,"21,642,342"
7788,松川精密,2026/06,"116,599","-300,474","29,621","13,361,634","3,683,682","1,890,189","6,564,053",23D,23D9A,"20,494,722"
7791,皇家可口,2026/06,"21,840","-64,119","4,432","3,809,434","1,015,816","382,594","616,373",12Z,12Z,"4,952,000"
7792,安葆,2026/06,"4,344","-1,610","-192,869","6,177,407","416,698","1,305,232","2,858,005",15B,15B2,"12,062,127"
7794,宏碁智新,2026/06,0,"-6,061","32,100","1,239,576","85,417","484,679","772,867",15C,15C1,"841,400"
7795,長廣,2026/06,"14,146","-32,630","321,612","4,016,816","155,008","2,343,589","1,174,685",23H,23H2,"43,828,924"
7799,禾榮科,2026/06,"141,478","-28,925","-431,894","11,493,918","280,726","536,337","329,069",17G,17G2,"64,880,450"
7803,雲象科技-創,2026/06,"49,577","-6,921","-146,912","663,008","34,632","535,287","81,961",17G,17G1,
7805,威聯通,2026/06,"467,667","-220,774","62,717","11,289,193","2,809,238","1,590,679","3,568,865",23A,23A2,"21,895,625"
7810,捷創科技,2026/06,"21,781","-6,188","76,550","1,277,436","91,066","772,042","328,778",23H,23H3,"4,201,875"
7811,民盛,2026/06,"49,842","-32,786","110,378","3,016,829","1,074,439","698,439","1,028,454",99K,99K,"2,596,731"
7814,海昌生技,2026/06,"4,567",-267,566,"310,538","60,676","141,033","18,838",17G,17G4,"1,518,000"
7818,溢泰實業,2026/06,"259,703","-322,277","1,071,220","14,899,509","4,789,694","1,362,443","5,462,268",15C,15C1,"10,630,982"
7819,精誠金融,2026/06,"3,027","-1,276","-137,160","773,603","20,483","66,987","178,474",23X,23X1,"1,004,244"
7820,立盈,2026/06,"4,234","-4,449","61,743","1,879,684","775,648","31,874","637,265",99L,99L2,"4,211,132"
7821,神數,2026/06,"414,211","-48,187","-68,218","7,568,570","220,779","2,707,123","4,882,975",23K,23K5,"5,108,155"
7822,倍利科,2026/06,"154,101","-45,517","194,553","8,257,853","170,060","4,927,856","2,221,524",23H,23H2,"49,205,880"
7828,創新服務,2026/06,"115,496","-932,216","4,762","5,777,084","1,343,944","1,303,289","609,314",23H,23H2,"81,595,410"
7835,永悅健康-創,2026/06,"16,514","-3,859","12,740","718,113","7,674","288,511","538,998",17X,17X1,
7839,達人網,2026/06,"7,855",0,"19,415","311,768",313,"70,219","75,356",23E,23E2,"683,094"
7842,天能綠電,2026/06,0,-156,"37,386","1,500,368","6,055","626,057","653,762",99D,99D4,"1,766,600"
7855,和運租車,2026/06,"53,111","-9,158,928","10,608,270","61,181,326","48,006,178","317,525","54,605,515",22X,22X,"18,501,941"
8011,台通,2026/06,"1,612","-522,073","316,585","7,127,908","2,875,012","562,188","3,267,288",23K,23K1,"2,936,819"
8016,矽創,2026/06,"1,604,097","-409,898","2,534,347","25,331,658","2,418,313","6,778,486","7,980,491",23G,23G5G,"39,885,484"
8021,尖點,2026/06,"108,353","-1,381,402","198,595","11,007,160","3,140,918","2,504,065","4,111,622",23B,23B3X,"84,451,472"
8024,佑華,2026/06,"32,339",0,"-26,483","430,581","115,817","140,295","38,260",23G,23G5H,"695,464"
8027,鈦昇,2026/06,"127,601","-219,107","131,339","4,465,765","1,666,159","527,588","1,569,834",23H,23H2,"24,346,941"
8028,昇陽半導體,2026/06,"46,601","-1,661,294","501,211","13,958,127","9,753,972","967,948","7,846,682",23G,23G3C,"58,185,350"
8032,光菱,2026/06,"29,885",-609,"-249,067","3,930,051","76,066","595,593","1,730,980",23T,23T2,"2,297,774"
8033,雷虎,2026/06,"96,080","-710,689","-86,703","4,487,767","1,224,006","706,011","1,049,864",99Z,99ZC,"27,904,785"
8034,榮群,2026/06,"31,624",-367,"-24,823","841,181","5,635","109,735","171,415",23K,23K1,"1,233,575"
8038,長園科,2026/06,"13,454",-923,"11,662","1,429,740","349,870","357,477","801,287",23D,23D7,"2,450,639"
8039,台虹,2026/06,"290,027","-272,433","853,040","16,600,181","4,549,359","3,941,148","5,375,582",23B,23B3C,"39,306,796"
8040,九暘,2026/06,"119,853","-3,885","47,938","2,676,028","266,411","2,104,873","195,480",23G,23G5B,"10,798,368"
8042,金山電,2026/06,"56,655","-526,401","27,423","10,137,998","2,673,937","1,570,007","5,493,780",23D,23D5,"24,389,540"
8043,蜜望實,2026/06,0,"-2,735","-284,897","5,675,502","111,507","923,116","2,835,922",23T,23T2,"15,501,958"
8044,網家,2026/06,"280,754","-34,122","215,215","32,229,881","1,399,684","3,912,934","23,502,801",23E,23E1,"5,774,458"
8045,達運光電,2026/06,"59,088","-40,352","-101,309","3,103,694","445,483","696,840","1,159,668",23K,23K1,"5,597,974"
8046,南電,2026/06,0,"-773,519","2,996,931","64,843,487","33,208,512","10,383,363","15,582,593",23B,23B2A,"765,705,525"
8047,星雲,2026/06,"19,502","-4,162","-4,288","2,468,179","788,038","361,592","1,092,048",23C,23C3,"2,037,467"
8048,德勝,2026/06,"45,456",-789,"-14,745","1,666,515","259,698","456,077","489,441",23K,23K4,"3,681,643"
8049,晶采,2026/06,"15,924","-19,829","82,744","3,122,823","321,190","272,315","538,642",23C,23C8D,"3,240,872"
8050,廣積,2026/06,"207,616","-27,446","-1,382,338","14,811,521","3,985,230","1,071,135","6,628,740",23A,23A5B,"10,732,222"
8054,安國,2026/06,"396,034","-53,346","657,374","8,443,125","116,488","1,578,307","4,105,137",23G,23G5F,"12,641,727"
8059,凱碩,2026/06,"196,688","-20,041","-716,930","8,810,441","91,584","2,302,102","7,457,650",23K,23K4,"3,231,449"
8064,東捷,2026/06,"60,790","-6,964","196,004","6,505,179","582,007","1,937,611","2,054,112",23H,23H2,"26,983,428"
8066,來思達,2026/06,0,-505,"32,056","1,584,890","395,802","354,825","960,114",99B,99B,"555,126"
8067,志旭,2026/06,0,0,"6,371","369,462","90,371","20,593","224,054",23T,23T1,"272,205"
8068,全達,2026/06,941,"-2,782","-174,552","2,130,779","132,357","89,818","943,035",23T,23T2,"1,530,516"
8069,元太,2026/06,"2,482,264","-1,158,283","2,180,552","120,933,647","13,881,766","19,775,754","43,919,093",23C,23C8A,"247,643,253"
8070,長華*,2026/06,"212,572","-323,527","359,528","52,205,815","3,255,890","7,059,415","20,365,257",23T,23T2,"38,894,733"
8071,能率網通,2026/06,"12,031","-388,606","-1,774","2,803,392","859,566","576,879","1,765,469",23D,23D9A,"1,868,612"
8072,陞泰,2026/06,"15,106",0,"34,014","2,743,285","692,546","331,301","364,106",23T,23T2,"2,344,000"
8074,鉅橡,2026/06,"4,564","-178,368","53,678","4,095,834","1,689,649","1,112,293","2,000,767",23B,23B3X,"6,114,272"
8076,伍豐,2026/06,"37,495","-6,252","-258,472","6,298,484","268,220","1,061,648","2,509,201",23A,23A5A,"7,173,854"
8077,洛碁,2026/06,0,"-7,947","287,268","2,498,793","436,130","263,319","1,971,350",27A,27A1,"1,052,311"
8080,泰霖,2026/06,0,-133,"-172,212","1,140,081","73,357","145,399","586,494",25A,25A,"1,863,801"
8081,致新,2026/06,"581,899","-88,524","1,072,897","13,788,578","1,222,239","5,790,712","4,040,855",23G,23G5D,"26,971,836"
8083,瑞穎,2026/06,"5,407","-3,926","183,683","1,870,692","706,551","141,715","774,083",15A,15A2,"6,007,743"
8084,巨虹,2026/06,0,"-2,745","-15,387","2,156,532","302,502","108,401","674,062",23G,23G5Z,"3,388,808"
8085,福華,2026/06,"10,389","-17,703","93,359","2,512,307","534,628","818,570","1,356,663",23C,23C8B,"1,679,796"
8086,宏捷科,2026/06,"119,072","-219,188","744,786","10,786,246","4,622,650","1,207,411","2,308,342",23G,23G3A,"29,379,142"
8087,麗升能源,2026/06,0,"-6,760","65,419","2,283,880","184,036","511,735","1,519,346",23C,23C7E,"1,276,077"
8088,品安,2026/06,"7,459","-19,626","91,106","1,545,334","348,065","240,489","429,007",23G,23G3B,"3,941,653"
8089,康全電訊,2026/06,"51,201","-5,000","-169,423","1,442,529","264,683","729,693","444,424",23K,23K4,"1,329,880"
8091,翔名,2026/06,"32,596","-142,704","94,056","5,647,656","2,120,852","1,667,102","1,408,147",23H,23H2,"15,200,199"
8092,建暐,2026/06,"1,898",-236,"-13,453","855,433","274,333","70,533","316,105",23H,23H2,"766,105"
8093,保銳,2026/06,"1,121",-241,"-19,738","636,333","71,614","310,821","86,146",23D,23D3,"1,122,875"
8096,擎亞,2026/06,0,-772,"-10,257,950","26,397,995","170,754","1,724,346","23,296,643",23T,23T2,"23,073,494"
8097,常珵,2026/06,"28,585","-9,041","-123,554","1,458,133","73,438","162,484","516,921",23K,23K4,"3,828,120"
8099,大世科,2026/06,"25,349","-8,191","184,217","3,772,301","61,890","929,748","2,138,129",23X,23X1,"5,784,219"
8101,華冠,2026/06,"22,406","-11,265","-49,069","591,029","49,957","19,346","344,674",23K,23KX,"676,192"
8102,傑霖科技,2026/06,"34,662","-1,267","40,981","530,593","16,381","211,494","102,330",23G,23G5C,"1,611,702"
8103,瀚荃,2026/06,"87,870","-140,866","199,484","6,908,213","1,072,547","2,389,793","2,856,312",23D,23D2,"7,749,576"
8104,錸寶,2026/06,"67,473","-259,953","61,101","8,590,872","3,877,535","550,419","5,266,561",23C,23C8A,"3,954,204"
8105,凌巨,2026/06,"90,982","-108,132","350,437","10,830,666","5,149,059","2,263,059","2,699,287",23C,23C8D,"10,089,303"
8107,大億金茂,2026/06,"12,598","-7,473","39,732","2,973,960","594,762","563,835","1,388,326",15D,15D,"945,000"
8109,博大,2026/06,"45,405","-69,422","234,158","3,891,098","1,350,823","1,218,552","891,442",23D,23D3,"10,146,884"
8110,華東,2026/06,"15,576","-449,442","311,251","23,532,076","5,195,644","2,753,243","4,269,959",23G,23G2,"29,666,502"
8111,立碁,2026/06,"27,972","-20,353","-59,201","2,178,087","384,440","530,656","792,979",23C,23C6C,"5,695,124"
8112,至上,2026/06,"102,169","-35,463","-56,977,068","169,277,388","604,427","3,899,336","145,504,589",23T,23T2,"48,537,073"
8114,振樺電,2026/06,"601,722","-136,990","-1,896,207","22,533,876","3,953,506","4,270,614","8,571,223",23A,23A5A,"14,035,548"
8121,越峰,2026/06,"111,441","-197,285","72,391","5,674,634","2,697,488","512,043","2,934,748",23D,23D5,"10,649,700"
8131,福懋科,2026/06,"167,741","-1,280,291","295,404","19,532,477","5,375,836","2,978,191","4,134,220",23G,23G2,"31,839,984"
8147,正淩,2026/06,"60,346","-85,805","-26,166","2,736,698","1,144,187","536,766","1,261,223",23D,23D2,"5,979,831"
8150,南茂,2026/06,"602,481","-3,284,437","1,531,727","46,964,160","19,196,285","12,552,337","22,114,066",23G,23G2,"70,100,039"
8155,博智,2026/06,"89,619","-388,281","458,731","6,824,654","1,726,545","1,591,485","2,832,480",23B,23B2B,"23,388,000"
8162,微矽電子-創,2026/06,"30,616","-169,853","181,510","2,579,938","1,781,538","286,698","1,140,621",23G,23G2,
8163,達方,2026/06,"495,001","-502,314","88,440","34,994,121","8,412,336","6,305,589","21,679,428",23C,23C3,"11,676,000"
8171,天宇,2026/06,"14,083","-23,929","-227,219","3,724,201","880,364","356,723","1,463,634",23D,23D7,"2,437,625"
8176,智捷,2026/06,"23,779",-299,"7,114","778,332","104,768","399,422","175,293",23K,23K4,"715,576"
8182,加高,2026/06,"35,034","-65,217","-42,190","5,645,757","2,023,384","1,104,274","2,045,235",23D,23D6,"5,255,713"
8183,精星,2026/06,"141,034","-341,378","424,816","9,352,339","1,309,833","342,217","5,143,541",23B,23B1,"4,189,222"
8201,無敵,2026/06,"43,051","-3,396","-38,255","654,825","112,058","218,690","208,563",23Z,23Z,"813,876"
8210,勤誠,2026/06,"274,664","-1,519,037","2,704,497","29,431,686","7,175,179","8,812,403","16,719,084",23D,23D4,"161,034,915"
8213,志超,2026/06,0,"-233,157","-706,734","33,842,427","8,350,953","7,777,028","16,183,228",23B,23B2B,"9,941,019"
8215,明基材,2026/06,"651,998","-382,107","211,581","23,727,477","12,107,892","648,692","16,490,376",23C,23C8C,"9,732,486"
8222,寶一,2026/06,"23,894","-43,011","170,766","2,219,505","1,000,248","317,641","1,286,410",22B,22B3,"2,688,101"
8227,巨有科技,2026/06,"51,480","-7,554","1,351","1,915,545","130,867","791,248","715,667",23G,23G5L,"8,481,974"
8234,新漢,2026/06,"277,869","-124,715","-672,950","7,153,057","1,546,179","733,271","4,060,863",23A,23A5B,"10,083,536"
8240,華宏,2026/06,"94,374","-92,867","111,229","7,977,025","1,331,991","1,116,797","3,071,886",23C,23C8C,"5,320,213"
8249,菱光,2026/06,"35,839","-59,016","-120,309","9,919,931","264,917","3,005,829","2,919,114",23C,23C2,"6,505,340"
8255,朋程,2026/06,"466,412","-295,278","706,621","17,418,108","4,634,451","2,035,855","6,076,048",23D,23D1,"18,756,776"
8261,富鼎,2026/06,"71,101","-24,151","305,378","7,086,972","426,666","906,260","1,379,922",23G,23G5K,"32,156,499"
8271,宇瞻,2026/06,"381,147","-357,920","-968,676","21,944,361","1,247,216","2,434,087","12,254,738",23G,23G3B,"25,209,923"
8272,全景軟體,2026/06,"49,847","-1,357","-4,433","853,113","4,643","128,521","262,871",23X,23X1,"1,284,265"
8277,商丞,2026/06,"7,539","-8,559","-15,044","465,836","256,128","102,678","31,047",23G,23G3B,"914,457"
8279,生展,2026/06,"30,075","-36,784","36,467","3,160,568","1,284,357","204,799","819,388",17C,17C2,"2,406,569"
8284,三竹,2026/06,"119,977","-8,917","30,004","2,241,658","379,896","929,498","906,133",23X,23X9,"3,110,369"
8289,泰藝,2026/06,"22,914","-31,992","23,753","2,564,617","782,024","391,625","922,430",23D,23D6,"4,004,372"
8291,尚茂,2026/06,0,0,"-9,809","352,702","188,522","137,957","294,615",23B,23B3A,"725,337"
8299,群聯,2026/06,"23,769,304","-1,330,565","-14,872,559","193,716,918","9,199,144","31,547,367","91,644,702",23G,23G5E,"527,478,525"
8341,日友,2026/06,137,"-391,944","680,681","10,218,858","6,729,057","722,357","4,404,550",99L,99L2,"9,867,000"
8342,益張,2026/06,"11,302","-26,484","67,881","1,870,215","600,162","371,527","814,274",20A,20A9,"3,055,221"
8349,恒耀,2026/06,"53,933","-1,083,667","515,864","25,630,372","10,505,642","2,397,924","17,081,859",20A,20A1,"8,373,722"
8354,冠好,2026/06,"4,329","-13,605","49,657","4,315,261","1,657,002","337,907","2,127,188",13A,13A9,"1,268,292"
8358,金居,2026/06,"51,395","-254,992","400,626","12,365,662","4,813,390","1,214,533","3,065,079",23B,23B3X,"151,552,800"
8367,建新國際,2026/06,0,"-831,234","357,898","18,045,238","8,869,697","353,205","13,419,184",26C,26C,"3,719,140"
8374,羅昇,2026/06,"18,006","-3,379","126,590","5,754,306","527,079","1,418,897","2,826,618",15A,15A2,"9,541,250"
8383,千附,2026/06,"25,192","-422,666","109,120","7,209,267","2,918,089","410,443","2,692,659",23H,23H1,"7,439,904"
8390,金益鼎,2026/06,"2,681","-206,450","675,183","5,099,727","1,215,344","1,615,408","1,096,409",99L,99L1,"10,332,470"
8401,白紗科,2026/06,"3,732","-407,680","104,753","2,006,878","1,051,163","411,160","801,810",99C,99C,"1,621,854"
8403,盛弘,2026/06,"1,362","-25,524","183,362","6,540,637","1,436,101","1,437,271","2,843,700",17X,17X2,"2,628,924"
8409,商之器,2026/06,"22,748",-819,"-4,802","422,354","165,850","138,160","122,147",17G,17G1,"619,200"
8410,森田,2026/06,"25,890","-41,723","126,719","2,297,460","777,523","31,120","452,555",13A,13A8,"1,218,414"
8415,大國鋼,2026/06,"7,249","-929,538","3,210,694","48,505,734","8,823,669","3,113,914","17,167,019",20A,20A1,"35,896,200"
8416,實威,2026/06,"53,417","-11,499","233,956","2,220,712","989,352","704,415","598,967",23X,23X9,"4,781,765"
8421,旭源,2026/06,"4,016","-28,368","1,094","1,987,061","834,123","77,773","1,215,320",13B,13B,"709,880"
8422,可寧衛*,2026/06,"15,076","-981,190","-1,616,537","26,499,317","14,665,450","4,116,029","14,761,944",99L,99L2,"37,909,488"
8424,惠普,2026/06,,"-16,051","110,802","1,357,043","693,159","129,716","250,548",11C,11C,"2,476,910"
8426,紅木-KY,2026/06,0,"-96,111","-95,034","2,280,262","981,135","321,350","1,119,415",99B,99B,"1,007,372"
8429,金麗-KY,2026/06,"4,137",0,"8,153","7,401,180","1,652","5,042,845","714,336",99K,99K,"1,147,916"
8431,匯鑽科,2026/06,"7,030","-102,062","-77,183","2,344,760","714,095","567,787","1,533,094",23C,23C4B,"2,599,867"
8432,東生華,2026/06,"14,570",-299,"209,918","2,025,960","15,619","618,684","348,659",17C,17C1B,"1,954,458"
8433,弘帆,2026/06,"9,660","-36,647","162,021","4,628,338","656,177","943,559","2,255,158",29B,29B,"2,872,466"
8435,鉅邁,2026/06,"5,823","-3,825","8,848","1,407,416","154,721","168,507","393,517",99L,99L2,"1,858,560"
8436,大江,2026/06,"289,094","-85,179","686,877","14,188,022","5,459,561","4,465,874","5,206,536",17C,17C2,"13,538,835"
8438,昶昕,2026/06,"4,976","-33,469","140,034","3,327,038","1,337,774","642,364","1,327,665",99L,99L2,"6,721,522"
8440,綠電,2026/06,0,"-14,273","50,304","891,986","311,520","188,235","225,768",99L,99L1,"1,088,021"
8443,阿瘦,2026/06,"12,668","-2,089","44,254","1,517,501","245,168","181,895","891,133",99K,99K,"764,860"
8446,華研,2026/06,"32,596","-1,878","534,457","2,939,331","8,225","1,178,712","928,093",99Z,99ZX,"4,688,180"
8450,霹靂,2026/06,0,"-3,730","-10,388","944,273","546,825","199,227","532,317",99H,99H,"774,781"
8454,富邦媒,2026/06,"264,636","-646,180","3,425,896","28,727,501","11,402,870","4,768,697","20,340,734",23E,23E1,"78,830,063"
8462,柏文,2026/06,0,"-285,708","1,169,787","12,886,206","3,438,401","1,950,571","10,468,384",99Z,99ZX,"11,495,341"
8463,潤泰材,2026/06,"37,737","-215,787","493,861","10,449,977","4,033,863","608,915","7,442,864",11A,11A,"3,202,500"
8464,億豐,2026/06,"90,706","-1,023,280","4,534,424","39,426,396","12,365,480","15,808,572","10,050,028",99B,99B,"101,384,920"
8467,波力-KY,2026/06,"57,285","-204,851","-74,178","4,872,848","1,354,681","1,777,231","2,283,086",99Z,99ZC,"5,708,132"
8472,夠麻吉,2026/06,"11,930",0,"-51,274","994,196","273,211","67,907","735,348",23E,23E1,"1,449,031"
8473,山林水,2026/06,"3,647","-6,463","-148,798","16,721,963","513,267","3,441,690","9,241,476",99L,99L2,"9,188,273"
8476,台境*,2026/06,"2,318","-2,431","30,948","4,302,146","343,906","305,140","2,457,854",99L,99L2,"4,114,094"
8477,創業家,2026/06,"12,989",0,"4,764","1,012,155","2,900","386,405","285,192",23E,23E1,"1,393,030"
8478,東哥遊艇,2026/06,0,"-105,006","-1,109,926","15,645,646","3,427,629","1,911,574","6,491,924",22B,22B1,"14,236,758"
8481,政伸,2026/06,"21,519","-22,791","65,198","2,068,124","498,084","482,530","371,830",99C,99C,"2,770,643"
8487,愛爾達-創,2026/06,0,"-58,800","298,163","1,269,720","64,872","269,216","639,536",99H,99H,
8488,吉源-KY,2026/06,"9,948","-21,170","106,539","5,555,835","2,171,287","624,690","3,100,384",20B,20B,"738,675"
8489,三貝德,2026/06,"25,640","-11,887","271,476","3,847,931","420,874","1,160,427","2,461,121",99Z,99ZX,"1,300,893"
8905,裕國,2026/06,0,"-5,342","-8,757","3,692,732","1,441,372","299,793","951,119",12A,12A,"3,541,396"
8906,花王,2026/06,0,"-28,572","-25,046","3,416,591","472,429","27,603","2,949,907",99C,99C,"1,310,101"
8908,欣雄,2026/06,0,"-214,652","448,704","12,003,015","5,317,855","1,044,608","7,861,099",99D,99D2,"13,149,386"
8916,光隆,2026/06,"25,205","-35,285","-593,356","10,405,743","1,518,734","834,985","5,347,142",14C,14C1,"6,563,083"
8917,欣泰,2026/06,0,"-135,315","208,080","6,155,015","3,055,370","460,247","3,522,829",99D,99D2,"8,685,617"
8921,沈氏,2026/06,606,"-139,198","-35,407","2,069,149","892,702","97,942","821,857",99C,99C,"833,997"
8923,時報,2026/06,0,"-1,089","32,050","920,360","2,880","34,304","477,228",99F,99F,"610,558"
8924,大田,2026/06,"10,768","-99,996","222,935","5,413,764","1,477,235","2,426,274","1,511,297",99Z,99Z2,"4,692,800"
8926,台汽電,2026/06,,"-408,998","-920,976","81,107,953","7,328,380","4,826,794","50,471,301",99D,99D3,"63,350,517"
8927,北基,2026/06,0,"-485,184","3,194,610","33,160,588","19,349,476","2,122,223","24,466,431",99D,99D1,"8,905,195"
8928,鉅明,2026/06,"53,786","-88,322","495,920","3,001,550","1,430,229","202,224","1,908,576",99Z,99Z2,"1,067,934"
8929,富堡,2026/06,187,"-3,238","30,771","1,330,296","206,139","501,218","510,281",14F,14F,"690,431"
8930,青鋼,2026/06,"11,653","-15,488","104,762","2,100,135","802,742","469,422","719,990",20B,20B,"2,233,386"
8931,大汽電,2026/06,"10,679","-184,200","227,501","5,192,814","3,715,376","317,997","3,217,426",99D,99D3,"5,073,583"
8932,智通*,2026/06,,"-14,786","435,616","3,980,588","860,484","2,016,393","1,493,553",14Z,14Z,"38,838,986"
8933,愛地雅,2026/06,"3,555","-2,036","29,198","3,925,597","565,074","627,891","2,391,523",99Z,99Z1,"1,499,663"
8935,邦泰,2026/06,"4,358","-6,750","23,819","1,442,245","647,924","232,664","575,679",13B,13B,"2,400,419"
8936,國統,2026/06,"3,307","-49,675","286,429","14,483,047","863,761","944,780","6,333,382",20B,20B,"16,125,070"
8937,合騏*,2026/06,"3,475","-1,298,218","-194,634","6,038,347","5,002,268","79,761","3,270,765",22A,22A,"12,410,800"
8938,明安,2026/06,"358,032","-164,703","2,119,097","12,872,226","4,846,462","1,957,030","5,197,297",99Z,99Z2,"8,304,559"
8940,新天地,2026/06,0,"-24,453","108,914","2,106,997","884,008","278,169","1,184,134",27A,27A2,"1,110,227"
8941,關中,2026/06,"6,077","-2,563","229,504","2,247,683","86,480","546,422","1,184,641",99B,99B,"1,503,796"
8942,森鉅,2026/06,"20,038","-548,353","308,329","15,943,223","5,782,197","1,489,314","4,555,539",13A,13A8,"8,291,711"
8996,高力,2026/06,"187,585","-716,693","924,694","10,262,484","2,518,518","2,536,375","5,131,960",15Z,15Z,"144,928,100"
9103,美德醫療-DR,2026/06,0,"-40,369","-19,771","4,146,769","629,640","396,371","883,381",17G,17G9,"1,064,656"
9105,泰金寶-DR,2026/06,0,"-1,725,061","-63,159","90,278,793","16,604,838","6,138,291","64,649,702",23C,23C3,"15,709,433"
911608,明輝-DR,2026/06,0,"-7,014","6,546","2,051,219","210,883","94,404","728,579",29B,29B,"97,190"
911622,泰聚亨-DR,2026/06,0,"-31,529","-60,750","6,948,598","2,471,534","489,794","2,603,794",20A,20A1,"113,100"
9802,鈺齊-KY,2026/06,"204,502","-608,517","-274,010","22,536,781","11,023,759","1,151,463","8,908,670",99K,99K,"14,612,118"
9902,台火,2026/06,0,0,"18,816","1,386,005","108,908","219,378","83,380",99Z,99ZC,"1,348,188"
9904,寶成,2026/06,"2,340,854","-4,500,487","-2,854,290","411,034,073","55,683,122","24,973,776","140,288,861",99K,99K,"74,701,050"
9905,大華,2026/06,0,"-41,751","-198,663","13,129,990","1,646,238","624,945","4,286,117",20B,20B,"6,496,500"
9906,欣巴巴,2026/06,0,"-6,394","257,833","8,835,076","10,546","419,535","7,317,212",25A,25A,"3,737,048"
9907,統一實,2026/06,0,"-700,932","1,839,139","35,523,466","15,361,833","5,349,307","13,755,954",20B,20B,"23,924,047"
9908,大台北,2026/06,0,"-227,923","542,009","23,129,662","5,331,740","2,233,713","6,667,867",99D,99D2,"15,361,651"
9910,豐泰,2026/06,"1,415,880","-1,066,246","1,135,078","51,844,870","21,697,029","3,770,520","26,483,482",99K,99K,"69,123,810"
9911,櫻花,2026/06,"51,654","-125,047","585,912","10,558,436","2,690,798","1,417,322","3,921,999",99B,99B,"18,413,892"
9912,偉聯,2026/06,"18,170",-186,"-4,094","808,860","119,108","97,970","445,468",23C,23C1,"667,033"
9914,美利達,2026/06,0,"-19,653","1,970,286","35,770,866","2,095,762","4,656,199","15,806,948",99Z,99Z1,"23,410,447"
9917,中保科,2026/06,"67,658","-630,690","1,510,163","31,571,878","10,630,965","5,839,456","18,425,920",99I,99I,"47,601,284"
9918,欣天然,2026/06,0,"-169,693","183,324","6,097,407","3,302,522","810,322","2,720,129",99D,99D2,"7,826,279"
9919,康那香,2026/06,"47,768","-41,093","-160,958","5,677,714","3,124,211","988,925","3,816,511",14F,14F,"2,686,241"
9921,巨大,2026/06,"617,841","-756,382","3,620,972","72,983,940","12,173,379","15,479,668","35,724,193",99Z,99Z1,"30,855,516"
9924,福興,2026/06,"99,257","-245,367","575,673","9,037,253","3,704,824","1,594,397","2,117,606",99B,99B,"5,955,099"
9925,新保,2026/06,"44,971","-439,068","500,965","22,237,016","4,423,835","3,897,658","6,447,461",99I,99I,"15,712,720"
9926,新海,2026/06,0,"-276,601","583,713","9,729,323","3,808,656","806,685","5,295,924",99D,99D2,"8,804,671"
9927,泰銘,2026/06,0,"-33,889","-262,485","6,745,600","556,450","1,390,909","1,417,800",20A,20A5,"8,256,000"
9928,中視,2026/06,0,"-7,969","-3,907","5,269,930","2,356,616","114,809","3,185,564",99H,99H,"1,315,485"
9929,秋雨,2026/06,0,0,"91,621","1,775,719","234,850","299,851","891,604",99C,99C,"1,129,272"
9930,中聯資源,2026/06,"15,139","-209,249","1,200,580","11,285,524","4,401,138","573,557","4,876,509",11C,11C,"16,478,202"
9931,欣高,2026/06,0,"-163,578","368,039","7,640,402","3,332,797","481,800","3,644,332",99D,99D2,"4,026,343"
9933,中鼎,2026/06,"115,882","-424,353","13,488,660","143,517,071","16,171,357","40,861,713","114,105,136",25C,25C,"39,524,688"
9934,成霖,2026/06,"75,889","-59,805","456,530","16,658,873","2,598,574","1,583,057","10,178,120",99B,99B,"4,151,272"
9935,慶豐富,2026/06,"40,829","-78,571","280,292","9,094,673","2,256,859","651,115","6,409,993",99B,99B,"3,396,725"
9937,全國,2026/06,0,"-27,836","1,254,531","12,946,486","6,337,247","1,372,356","7,406,635",99D,99D1,"17,090,078"
9938,百和,2026/06,"284,005","-1,440,914","487,243","35,791,804","17,590,930","4,186,107","19,088,550",14Z,14Z,"13,214,703"
9939,宏全,2026/06,"179,342","-2,078,934","966,362","49,292,815","24,222,529","3,844,457","29,112,314",13B,13B,"38,008,501"
9940,信義,2026/06,0,"-1,032,105","701,731","31,640,881","6,705,588","4,603,150","18,243,233",25D,25D,"14,110,620"
9941,裕融,2026/06,0,"-173,442","1,978,795","289,665,250","40,848,063","7,065,414","248,906,182",28K,28K,"46,050,880"
9942,茂順,2026/06,"34,658","-748,473","469,318","6,450,396","2,698,683","352,281","2,271,351",15D,15D,"9,771,418"
9943,好樂迪,2026/06,0,"-37,802","232,052","5,744,341","1,099,505","618,216","2,022,554",27B,27B,"7,147,321"
9944,新麗,2026/06,"39,789","-123,931","178,332","5,906,210","2,124,191","1,833,645","2,339,956",14F,14F,"1,869,276"
9945,潤泰新,2026/06,"56,907","-271,420","3,128,038","256,504,567","7,599,994","5,174,569","89,006,618",25A,25A,"76,225,230"
9946,三發地產,2026/06,0,-312,"1,555,735","17,208,885","75,368","2,209,909","10,045,875",25A,25A,"6,384,131"
9949,琉園,2026/06,"2,027",-179,"-22,162","549,932","73,952","141,679","50,446",18,18,"1,161,900"
9950,萬國通,2026/06,"13,820","-9,028","137,278","4,120,608","2,401,904","538,189","2,704,288",99K,99K,"1,744,246"
9951,皇田,2026/06,"114,234","-54,378","142,882","6,398,088","1,378,136","1,425,230","2,587,083",15D,15D,"3,921,550"
9955,佳龍,2026/06,"8,636","-18,751","-42,991","3,007,228","1,847,526","79,061","1,662,701",99L,99L1,"2,756,820"
9958,世紀鋼,2026/06,0,"-11,900,119","1,899,107","58,137,884","29,143,731","13,167,790","32,804,110",20A,20A2,"29,010,398"
9960,邁達康,2026/06,0,-841,"27,654","1,105,610","6,075","138,475","399,102",29A,29A9,"1,116,967"
9962,有益,2026/06,0,"-8,002","196,314","1,500,611","398,773","146,889","425,683",20A,20A6,"867,916"
M1100,水泥工業類指數,2026/06,"628,362","-16,625,872","12,050,793","1,034,040,730","278,413,824","115,428,564","456,842,749",,,"354,126,898"
M1200,食品工業類指數,2026/06,"1,478,383","-23,206,877","40,145,317","1,214,098,477","329,705,313","153,521,095","732,078,613",,,"768,312,558"
M1300,塑膠工業類指數,2026/06,"1,244,125","-24,819,959","-2,648,524","2,694,248,232","624,962,308","103,998,678","802,910,783",,,"2,144,820,766"
M1400,紡織纖維類指數,2026/06,"1,437,253","-9,114,271","22,721,437","1,132,136,034","280,691,133","84,176,372","544,707,855",,,"472,466,966"
M1500,電機機械類指數,2026/06,"6,700,012","-11,369,124","26,175,474","925,214,879","224,554,433","134,429,788","417,595,741",,,"1,822,801,816"
M1600,電器電纜類指數,2026/06,"644,644","-5,848,451","-969,026","556,653,127","142,880,252","36,253,225","237,565,175",,,"302,723,134"
M1700,化學生技醫療類指數,2026/06,"10,753,681","-15,232,152","18,777,168","924,462,736","247,192,240","134,805,009","390,977,623",,,"1,625,965,649"
M1721,化學工業指數,2026/06,"2,593,499","-6,423,602","6,924,869","424,657,134","126,619,442","49,476,392","174,767,714",,,"499,332,021"
M1722,生技醫療指數,2026/06,"8,160,182","-8,808,550","11,852,299","499,805,602","120,572,798","85,328,617","216,209,909",,,"1,126,633,628"
M1800,玻璃陶瓷類指數,2026/06,"513,525","-4,710,480","1,206,361","120,123,404","53,376,694","9,085,363","46,039,210",,,"238,992,105"
M1900,造紙工業類指數,2026/06,"1,146,700","-5,504,501","7,247,378","408,943,565","162,128,654","24,662,396","214,354,383",,,"124,558,053"
M2000,鋼鐵工業類指數,2026/06,"1,507,103","-30,878,691","31,505,524","1,413,441,909","620,802,361","79,131,216","701,686,139",,,"745,128,790"
M2100,橡膠類指數,2026/06,"3,104,869","-5,883,673","16,483,684","406,831,267","118,260,587","76,763,272","179,808,948",,,"207,728,649"
M2200,汽車工業類指數,2026/06,"6,284,175","-11,962,387","16,431,360","856,948,198","202,740,487","71,211,154","497,178,889",,,"358,052,377"
M2300,電子類指數,2026/06,"652,187,419","-1,490,276,025","1,332,119,690","41,093,943,173","9,371,806,469","8,412,863,144","21,754,122,742",,,"122,502,898,184"
M2324,半導體業指數,2026/06,"344,853,312","-1,088,027,735","1,878,437,379","14,885,322,286","5,924,988,782","4,319,255,670","5,215,979,270",,,"84,468,236,068"
M2325,電腦及週邊設備業指數,2026/06,"123,413,889","-116,298,980","-532,200,993","9,183,173,279","690,588,071","1,224,628,853","6,749,460,418",,,"7,241,690,587"
M2326,光電業指數,2026/06,"28,852,169","-30,658,167","42,050,085","1,816,501,871","505,726,505","425,091,852","746,168,273",,,"2,297,163,666"
M2327,通信網路業指數,2026/06,"19,948,369","-26,434,222","32,644,983","1,711,157,144","453,667,620","173,316,210","825,880,589",,,"3,955,799,610"
M2328,零組件指數,2026/06,"68,062,290","-135,492,084","148,231,221","4,244,798,516","1,035,579,668","939,624,748","2,159,342,868",,,"17,523,662,345"
M2329,電子通路業指數,2026/06,"1,032,692","-1,643,965","-192,662,720","2,332,722,436","63,462,457","132,157,525","1,845,427,556",,,"976,102,548"
M2330,資訊服務業指數,2026/06,"1,311,510","-453,554","-4,739,487","117,024,787","7,721,488","16,862,758","66,749,000",,,"118,011,442"
M2331,其他電子業指數,2026/06,"64,713,188","-91,267,318","-39,640,778","6,803,242,854","690,071,878","1,181,925,528","4,145,114,768",,,"5,922,231,918"
M2500,建材營造類指數,2026/06,"166,771","-6,579,693","29,076,997","2,075,287,495","117,585,026","176,907,834","1,324,332,610",,,"863,047,494"
M2600,航運業類指數,2026/06,"458,942","-124,731,151","185,280,715","3,795,871,539","1,391,607,513","667,493,558","1,956,115,437",,,"1,836,562,312"
M2700,觀光餐旅類指數,2026/06,"27,030","-1,936,076","7,474,255","177,689,731","32,403,003","22,146,491","82,049,620",,,"131,219,638"
M2800,金融保險類指數,2026/06,,,"491,265","23,375,560,622","155,522,315","430,490,807","21,676,928,561",,,"3,052,139,197"
M2900,貿易百貨類指數,2026/06,"65,785","-11,372,016","21,117,194","713,677,828","115,794,954","74,816,588","423,644,838",,,"357,118,080"
M3500,綠能環保,2026/06,"375,989","-9,522,512","4,004,511","241,415,813","82,582,594","32,783,741","123,873,391",,,"256,096,091"
M3600,數位雲端,2026/06,"883,614","-1,082,868","4,538,462","80,756,716","14,155,976","20,125,906","48,511,152",,,"139,957,549"
M3700,運動休閒,2026/06,"6,420,307","-9,873,952","11,981,857","772,885,491","143,743,894","84,652,041","319,249,206",,,"363,761,488"
M3800,居家生活,2026/06,"425,621","-1,933,621","7,001,590","107,167,846","31,248,085","24,194,835","42,682,470",,,"142,188,827"
M9700,油電燃氣業指數,2026/06,"168,877","-7,089,860","7,284,718","739,185,700","120,174,079","61,051,584","179,788,018",,,"643,172,650"
M9900,其他類指數,2026/06,"1,199,626","-15,037,879","35,846,665","1,604,724,840","232,271,125","120,329,747","1,070,060,619",,,"549,728,048"
O1721,OTC 化學工業,2026/06,"324,907","-1,786,802","1,290,635","58,405,741","15,838,905","9,880,342","20,193,686",,,"105,290,342"
O1722,OTC 生技醫療,2026/06,"5,762,635","-3,696,216","6,169,563","336,248,750","71,169,529","53,950,462","117,802,127",,,"483,683,048"
O2324,OTC 半導體業,2026/06,"47,653,788","-81,571,685","31,287,319","1,782,626,145","585,452,559","292,518,892","814,276,187",,,"5,056,286,006"
O2325,OTC 電腦及週邊設備業,2026/06,"6,284,981","-4,386,283","-4,528,883","393,496,016","54,116,927","72,268,498","197,414,491",,,"543,997,952"
O2326,OTC 光電業,2026/06,"5,696,323","-5,256,633","5,517,246","329,931,845","63,745,152","60,704,292","130,614,039",,,"483,641,102"
O2327,OTC 通信網路業,2026/06,"2,843,737","-3,019,623","-1,967,736","153,168,643","30,182,831","34,056,702","63,579,145",,,"675,048,060"
O2328,OTC 電子零組件,2026/06,"5,429,860","-15,838,281","9,459,154","551,094,560","134,422,715","100,098,970","246,938,557",,,"1,576,221,342"
O2329,OTC 電子通路業,2026/06,"264,359","-385,903","-13,231,405","75,561,440","4,275,324","8,988,099","49,437,195",,,"64,783,645"
O2330,OTC 資訊服務業,2026/06,"1,434,455","-812,808","3,135,586","79,171,576","8,922,139","18,651,470","42,442,482",,,"99,254,655"
O2331,OTC 其他電子業,2026/06,"3,744,410","-6,398,117","6,482,871","301,117,287","47,519,247","63,799,339","156,128,677",,,"667,033,659"
OTC12,OTC 食品工業,2026/06,"161,194","-865,649","1,028,285","24,959,312","10,397,468","4,844,088","9,740,827",,,"29,000,287"
OTC13,OTC 塑膠工業,2026/06,"41,406","-185,993","-100,056","11,241,844","5,001,206","933,970","4,446,084",,,"9,920,568"
OTC14,OTC 紡織纖維,2026/06,"42,758","-321,224","1,249,317","25,697,960","10,638,003","4,308,345","11,611,209",,,"12,969,301"
OTC15,OTC 電機機械,2026/06,"1,952,468","-2,398,231","3,575,274","175,411,920","47,088,808","31,528,410","83,206,151",,,"185,110,231"
OTC20,OTC 鋼鐵工業,2026/06,"146,797","-3,472,102","4,641,545","173,414,554","45,473,972","13,383,424","90,449,549",,,"94,330,051"
OTC23,OTC 電子類,2026/06,"73,351,913","-117,669,333","36,154,152","3,666,167,512","928,636,894","651,086,262","1,700,830,773",,,"9,166,266,421"
OTC25,OTC 建材營造,2026/06,"3,947","-298,878","4,120,142","350,693,294","11,998,472","23,490,130","236,413,854",,,"120,285,597"
OTC26,OTC 航運業,2026/06,0,"-987,245","1,413,058","34,547,882","12,665,534","7,509,594","13,119,923",,,"23,352,395"
OTC27,OTC 觀光餐旅,2026/06,"52,104","-2,265,931","5,349,483","82,659,814","24,274,532","13,744,405","48,826,734",,,"70,547,157"
OTC32,OTC 文化創意業,2026/06,"4,357,744","-852,974","11,656,180","134,594,688","23,452,124","25,474,613","77,014,246",,,"301,535,255"
OTC35,OTC 綠能環保,2026/06,"101,831","-1,017,734","327,365","53,416,645","17,625,162","8,165,236","25,895,153",,,"68,150,740"
OTC36,OTC 數位雲端,2026/06,"1,627,459","-469,738","3,134,704","118,156,699","14,885,262","27,781,536","65,362,190",,,"118,351,277"
OTC38,OTC 居家生活,2026/06,"51,815","-2,984,185","12,688,135","156,629,591","35,525,111","20,313,586","120,883,163",,,"141,643,420"
OTC89,OTC 其它,2026/06,"287,534","-3,558,206","1,240,795","222,281,958","41,030,271","19,499,260","117,587,989",,,"156,699,638"
OTC97,OTC 油電燃氣業,2026/06,"10,679","-1,019,351","4,078,895","56,511,432","31,438,077","3,945,075","39,067,785",,,"35,813,781"
OTC99,OTC 指數,2026/06,"87,640,542","-144,577,067","100,742,094","5,959,252,216","1,339,861,613","928,627,754","3,049,034,655",,,"11,188,008,409"
Y5555,不含電子,2026/06,"45,635,394","-364,546,496","504,629,717","45,417,027,555","5,744,348,320","2,747,284,668","32,483,042,411",,,"17,534,540,164"
Y8886,未含金電,2026/06,"45,635,394","-360,597,577","504,138,452","22,041,466,933","5,588,826,005","2,316,793,861","10,806,113,850",,,"14,482,400,967"
Y8888,不含金融,2026/06,"697,822,813","-1,850,873,602","1,836,258,142","63,135,410,106","14,960,632,474","10,729,657,005","32,560,236,592",,,"136,985,299,151"
Y9999,加權指數,2026/06,"697,822,813","-1,854,822,521","1,836,749,407","86,510,970,728","15,116,154,789","11,160,147,812","54,237,165,153",,,"140,037,438,348"
